t,p_without_ev,diff,p
2016-01-01 00:00:00,0.276685,0,0.276685
2016-01-01 01:00:00,0.108146,0,0.108146
2016-01-01 02:00:00,0.08427,0,0.08427
2016-01-01 03:00:00,0.039326,0,0.039326
2016-01-01 04:00:00,0.042135,0,0.042135
2016-01-01 05:00:00,0.021067,0,0.021067
2016-01-01 06:00:00,0.08427,0,0.08427
2016-01-01 07:00:00,0.206461,0,0.206461
2016-01-01 08:00:00,0.20927,0,0.20927
2016-01-01 09:00:00,0.210674,0,0.210674
2016-01-01 10:00:00,0.195225,0,0.195225
2016-01-01 11:00:00,0.205056,0,0.205056
2016-01-01 12:00:00,0.602528,0,0.602528
2016-01-01 13:00:00,0.439607,0,0.439607
2016-01-01 14:00:00,0.464888,0,0.464888
2016-01-01 15:00:00,0.63764,0,0.63764
2016-01-01 16:00:00,0.33427,0,0.33427
2016-01-01 17:00:00,0.463483,0,0.463483
2016-01-01 18:00:00,0.301966,0,0.301966
2016-01-01 19:00:00,0.356742,0,0.356742
2016-01-01 20:00:00,0.304775,0.000999999999976,0.305774999999976
2016-01-01 21:00:00,0.280899,0,0.280899
2016-01-01 22:00:00,0.245787,0,0.245787
2016-01-01 23:00:00,0.161517,0,0.161517
2016-01-02 00:00:00,0.143258,0,0.143258
2016-01-02 01:00:00,0.061798,0,0.061798
2016-01-02 02:00:00,0.025281,0,0.025281
2016-01-02 03:00:00,0.033708,0,0.033708
2016-01-02 04:00:00,0.033708,0,0.033708
2016-01-02 05:00:00,0.022472,0,0.022472
2016-01-02 06:00:00,0.037921,0,0.037921
2016-01-02 07:00:00,0.22191,0,0.22191
2016-01-02 08:00:00,0.247191,0,0.247191
2016-01-02 09:00:00,0.196629,0,0.196629
2016-01-02 10:00:00,0.470506,0.153999999999996,0.624505999999996
2016-01-02 11:00:00,0.526685,1.18700000000001,1.71368500000001
2016-01-02 12:00:00,0.273876,1.77199999999999,2.04587599999999
2016-01-02 13:00:00,0.282303,0.623000000000019,0.905303000000019
2016-01-02 14:00:00,0.457865,0,0.457865
2016-01-02 15:00:00,0.382022,1.285,1.667022
2016-01-02 16:00:00,0.660112,0,0.660112
2016-01-02 17:00:00,0.668539,0,0.668539
2016-01-02 18:00:00,0.216292,0,0.216292
2016-01-02 19:00:00,0.502809,0,0.502809
2016-01-02 20:00:00,0.275281,0,0.275281
2016-01-02 21:00:00,0.266854,0,0.266854
2016-01-02 22:00:00,0.325843,0,0.325843
2016-01-02 23:00:00,0.157303,0,0.157303
2016-01-03 00:00:00,0.06882,0,0.06882
2016-01-03 01:00:00,0.037921,0,0.037921
2016-01-03 02:00:00,0.030899,0,0.030899
2016-01-03 03:00:00,0.033708,0,0.033708
2016-01-03 04:00:00,0.021067,0,0.021067
2016-01-03 05:00:00,0.049157,0,0.049157
2016-01-03 06:00:00,0.089888,0,0.089888
2016-01-03 07:00:00,0.224719,0,0.224719
2016-01-03 08:00:00,0.198034,0,0.198034
2016-01-03 09:00:00,0.226124,0.918999999999983,1.14512399999998
2016-01-03 10:00:00,0.337079,1.90800000000002,2.24507900000002
2016-01-03 11:00:00,0.384831,1.84,2.224831
2016-01-03 12:00:00,0.338483,1.90099999999998,2.23948299999998
2016-01-03 13:00:00,0.282303,0.715000000000003,0.997303000000003
2016-01-03 14:00:00,0.311798,0.391999999999996,0.703797999999996
2016-01-03 15:00:00,0.533708,1.02200000000002,1.55570800000002
2016-01-03 16:00:00,0.547753,0,0.547753
2016-01-03 17:00:00,0.686798,0,0.686798
2016-01-03 18:00:00,0.379213,0,0.379213
2016-01-03 19:00:00,0.40309,0,0.40309
2016-01-03 20:00:00,0.212079,0,0.212079
2016-01-03 21:00:00,0.401685,0,0.401685
2016-01-03 22:00:00,0.219101,0,0.219101
2016-01-03 23:00:00,0.150281,0,0.150281
2016-01-04 00:00:00,0.071629,0,0.071629
2016-01-04 01:00:00,0.119382,0,0.119382
2016-01-04 02:00:00,0.091292,0,0.091292
2016-01-04 03:00:00,0.106742,0,0.106742
2016-01-04 04:00:00,0.074438,0,0.074438
2016-01-04 05:00:00,0.070225,0,0.070225
2016-01-04 06:00:00,0.18118,0,0.18118
2016-01-04 07:00:00,0.254213,0,0.254213
2016-01-04 08:00:00,0.358146,0,0.358146
2016-01-04 09:00:00,0.168539,1.51599999999999,1.68453899999999
2016-01-04 10:00:00,0.206461,1.792,1.998461
2016-01-04 11:00:00,0.327247,1.14599999999999,1.47324699999999
2016-01-04 12:00:00,0.384831,0.400000000000006,0.784831000000006
2016-01-04 13:00:00,0.428371,0,0.428371
2016-01-04 14:00:00,0.273876,0,0.273876
2016-01-04 15:00:00,0.380618,0,0.380618
2016-01-04 16:00:00,0.214888,0,0.214888
2016-01-04 17:00:00,0.245787,0,0.245787
2016-01-04 18:00:00,0.219101,0,0.219101
2016-01-04 19:00:00,0.273876,0,0.273876
2016-01-04 20:00:00,0.258427,0,0.258427
2016-01-04 21:00:00,0.509831,0,0.509831
2016-01-04 22:00:00,0.323034,0,0.323034
2016-01-04 23:00:00,0.108146,0,0.108146
2016-01-05 00:00:00,0.073034,0.620000000000005,0.693034000000005
2016-01-05 01:00:00,0.125,0.004999999999995,0.129999999999995
2016-01-05 02:00:00,0.103933,0,0.103933
2016-01-05 03:00:00,0.108146,0,0.108146
2016-01-05 04:00:00,0.182584,0,0.182584
2016-01-05 05:00:00,0.147472,0,0.147472
2016-01-05 06:00:00,0.095506,0,0.095506
2016-01-05 07:00:00,0.205056,0,0.205056
2016-01-05 08:00:00,0.448034,0,0.448034
2016-01-05 09:00:00,0.268258,0,0.268258
2016-01-05 10:00:00,0.230337,0,0.230337
2016-01-05 11:00:00,0.210674,0,0.210674
2016-01-05 12:00:00,0.217697,0.001000000000005,0.218697000000005
2016-01-05 13:00:00,0.349719,0,0.349719
2016-01-05 14:00:00,0.18118,0,0.18118
2016-01-05 15:00:00,0.191011,0,0.191011
2016-01-05 16:00:00,0.375,0,0.375
2016-01-05 17:00:00,0.330056,0,0.330056
2016-01-05 18:00:00,0.317416,0.199000000000012,0.516416000000012
2016-01-05 19:00:00,0.325843,1.78299999999999,2.10884299999999
2016-01-05 20:00:00,0.242978,1.565,1.807978
2016-01-05 21:00:00,0.276685,0.457999999999998,0.734684999999998
2016-01-05 22:00:00,0.259831,0,0.259831
2016-01-05 23:00:00,0.162921,0,0.162921
2016-01-06 00:00:00,0.049157,0,0.049157
2016-01-06 01:00:00,0.044944,0,0.044944
2016-01-06 02:00:00,0.030899,0,0.030899
2016-01-06 03:00:00,0.022472,0,0.022472
2016-01-06 04:00:00,0.067416,0,0.067416
2016-01-06 05:00:00,0.051966,0,0.051966
2016-01-06 06:00:00,0.057584,0,0.057584
2016-01-06 07:00:00,0.146067,0,0.146067
2016-01-06 08:00:00,0.23736,0,0.23736
2016-01-06 09:00:00,0.175562,0,0.175562
2016-01-06 10:00:00,0.380618,0.536000000000001,0.916618000000001
2016-01-06 11:00:00,0.45927,0.560000000000002,1.01927
2016-01-06 12:00:00,0.323034,0,0.323034
2016-01-06 13:00:00,0.261236,0,0.261236
2016-01-06 14:00:00,0.196629,0,0.196629
2016-01-06 15:00:00,0.203652,0,0.203652
2016-01-06 16:00:00,0.544944,0,0.544944
2016-01-06 17:00:00,0.185393,0,0.185393
2016-01-06 18:00:00,0.224719,0,0.224719
2016-01-06 19:00:00,0.230337,0,0.230337
2016-01-06 20:00:00,0.324438,0,0.324438
2016-01-06 21:00:00,0.285112,0,0.285112
2016-01-06 22:00:00,0.436798,0,0.436798
2016-01-06 23:00:00,0.375,0,0.375
2016-01-07 00:00:00,0.199438,0,0.199438
2016-01-07 01:00:00,0.036517,0,0.036517
2016-01-07 02:00:00,0.04073,0,0.04073
2016-01-07 03:00:00,0.018258,0,0.018258
2016-01-07 04:00:00,0.046348,0,0.046348
2016-01-07 05:00:00,0.049157,0,0.049157
2016-01-07 06:00:00,0.175562,0,0.175562
2016-01-07 07:00:00,0.251404,0,0.251404
2016-01-07 08:00:00,0.174157,0,0.174157
2016-01-07 09:00:00,0.925562,0.001000000000005,0.926562000000005
2016-01-07 10:00:00,0.632022,0,0.632022
2016-01-07 11:00:00,0.483146,0,0.483146
2016-01-07 12:00:00,0.629213,0,0.629213
2016-01-07 13:00:00,0.546348,0,0.546348
2016-01-07 14:00:00,0.352528,0,0.352528
2016-01-07 15:00:00,0.254213,0,0.254213
2016-01-07 16:00:00,0.226124,0,0.226124
2016-01-07 17:00:00,0.366573,0,0.366573
2016-01-07 18:00:00,0.307584,0,0.307584
2016-01-07 19:00:00,0.258427,0,0.258427
2016-01-07 20:00:00,0.476124,0,0.476124
2016-01-07 21:00:00,0.34691,0,0.34691
2016-01-07 22:00:00,0.264045,0,0.264045
2016-01-07 23:00:00,0.158708,0,0.158708
2016-01-08 00:00:00,0.120787,0,0.120787
2016-01-08 01:00:00,0.099719,0,0.099719
2016-01-08 02:00:00,0.117978,0,0.117978
2016-01-08 03:00:00,0.092697,0,0.092697
2016-01-08 04:00:00,0.125,0,0.125
2016-01-08 05:00:00,0.082865,0,0.082865
2016-01-08 06:00:00,0.205056,0,0.205056
2016-01-08 07:00:00,0.185393,0,0.185393
2016-01-08 08:00:00,0.48736,0,0.48736
2016-01-08 09:00:00,0.516854,0.001000000000005,0.517854000000005
2016-01-08 10:00:00,0.483146,0.001000000000005,0.484146000000005
2016-01-08 11:00:00,0.412921,0,0.412921
2016-01-08 12:00:00,0.421348,0,0.421348
2016-01-08 13:00:00,0.602528,1.32499999999999,1.92752799999999
2016-01-08 14:00:00,0.595506,1.69,2.285506
2016-01-08 15:00:00,0.696629,0.592999999999989,1.28962899999999
2016-01-08 16:00:00,0.740169,0,0.740169
2016-01-08 17:00:00,0.988764,0,0.988764
2016-01-08 18:00:00,0.429775,0,0.429775
2016-01-08 19:00:00,0.442416,0,0.442416
2016-01-08 20:00:00,0.300562,0,0.300562
2016-01-08 21:00:00,0.245787,0,0.245787
2016-01-08 22:00:00,0.287921,0,0.287921
2016-01-08 23:00:00,0.102528,0,0.102528
2016-01-09 00:00:00,0.171348,0,0.171348
2016-01-09 01:00:00,0.02809,0,0.02809
2016-01-09 02:00:00,0.08427,0,0.08427
2016-01-09 03:00:00,0.051966,0,0.051966
2016-01-09 04:00:00,0.169944,0,0.169944
2016-01-09 05:00:00,0.033708,0,0.033708
2016-01-09 06:00:00,0.178371,0,0.178371
2016-01-09 07:00:00,0.164326,0,0.164326
2016-01-09 08:00:00,0.233146,0,0.233146
2016-01-09 09:00:00,0.18118,0.001000000000005,0.182180000000005
2016-01-09 10:00:00,0.390449,0,0.390449
2016-01-09 11:00:00,0.502809,0,0.502809
2016-01-09 12:00:00,0.442416,0,0.442416
2016-01-09 13:00:00,0.179775,0,0.179775
2016-01-09 14:00:00,1,0,1
2016-01-09 15:00:00,0.56882,0,0.56882
2016-01-09 16:00:00,0.588483,0,0.588483
2016-01-09 17:00:00,0.608146,0,0.608146
2016-01-09 18:00:00,0.606742,0,0.606742
2016-01-09 19:00:00,0.40309,0,0.40309
2016-01-09 20:00:00,0.296348,0,0.296348
2016-01-09 21:00:00,0.275281,0,0.275281
2016-01-09 22:00:00,0.332865,0,0.332865
2016-01-09 23:00:00,0.19382,0,0.19382
2016-01-10 00:00:00,0.148876,0,0.148876
2016-01-10 01:00:00,0.116573,0,0.116573
2016-01-10 02:00:00,0.066011,0,0.066011
2016-01-10 03:00:00,0.116573,0,0.116573
2016-01-10 04:00:00,0.129213,0,0.129213
2016-01-10 05:00:00,0.167135,0,0.167135
2016-01-10 06:00:00,0.102528,0,0.102528
2016-01-10 07:00:00,0.293539,0,0.293539
2016-01-10 08:00:00,0.248596,0,0.248596
2016-01-10 09:00:00,0.537921,0,0.537921
2016-01-10 10:00:00,0.481742,0,0.481742
2016-01-10 11:00:00,0.439607,0,0.439607
2016-01-10 12:00:00,0.571629,0,0.571629
2016-01-10 13:00:00,0.658708,0,0.658708
2016-01-10 14:00:00,0.490169,0,0.490169
2016-01-10 15:00:00,0.633427,0.001000000000005,0.634427000000005
2016-01-10 16:00:00,0.441011,0,0.441011
2016-01-10 17:00:00,0.748596,0,0.748596
2016-01-10 18:00:00,0.433989,0,0.433989
2016-01-10 19:00:00,0.307584,0,0.307584
2016-01-10 20:00:00,0.317416,0,0.317416
2016-01-10 21:00:00,0.338483,0,0.338483
2016-01-10 22:00:00,0.244382,0,0.244382
2016-01-10 23:00:00,0.148876,0,0.148876
2016-01-11 00:00:00,0.043539,0,0.043539
2016-01-11 01:00:00,0.026685,0,0.026685
2016-01-11 02:00:00,0.039326,0,0.039326
2016-01-11 03:00:00,0.022472,0,0.022472
2016-01-11 04:00:00,0.023876,0,0.023876
2016-01-11 05:00:00,0.074438,0,0.074438
2016-01-11 06:00:00,0.047753,0,0.047753
2016-01-11 07:00:00,0.207865,0.001000000000005,0.208865000000005
2016-01-11 08:00:00,0.311798,0,0.311798
2016-01-11 09:00:00,0.508427,0,0.508427
2016-01-11 10:00:00,0.421348,0,0.421348
2016-01-11 11:00:00,0.206461,0,0.206461
2016-01-11 12:00:00,0.214888,0,0.214888
2016-01-11 13:00:00,0.492978,0,0.492978
2016-01-11 14:00:00,0.810393,0,0.810393
2016-01-11 15:00:00,0.620787,0,0.620787
2016-01-11 16:00:00,0.497191,0,0.497191
2016-01-11 17:00:00,0.234551,0,0.234551
2016-01-11 18:00:00,0.389045,0,0.389045
2016-01-11 19:00:00,0.48736,0,0.48736
2016-01-11 20:00:00,0.390449,0,0.390449
2016-01-11 21:00:00,0.230337,0,0.230337
2016-01-11 22:00:00,0.255618,0,0.255618
2016-01-11 23:00:00,0.198034,0,0.198034
2016-01-12 00:00:00,0.109551,0,0.109551
2016-01-12 01:00:00,0.126404,0,0.126404
2016-01-12 02:00:00,0.026685,0,0.026685
2016-01-12 03:00:00,0.054775,0,0.054775
2016-01-12 04:00:00,0.063202,0,0.063202
2016-01-12 05:00:00,0.178371,0,0.178371
2016-01-12 06:00:00,0.05618,0,0.05618
2016-01-12 07:00:00,0.195225,0,0.195225
2016-01-12 08:00:00,0.220506,0,0.220506
2016-01-12 09:00:00,0.398876,0,0.398876
2016-01-12 10:00:00,0.360955,0,0.360955
2016-01-12 11:00:00,0.327247,0.002000000000009,0.329247000000009
2016-01-12 12:00:00,0.314607,0,0.314607
2016-01-12 13:00:00,0.223315,0,0.223315
2016-01-12 14:00:00,0.445225,0,0.445225
2016-01-12 15:00:00,0.199438,0,0.199438
2016-01-12 16:00:00,0.382022,0,0.382022
2016-01-12 17:00:00,0.265449,0,0.265449
2016-01-12 18:00:00,0.282303,0,0.282303
2016-01-12 19:00:00,0.417135,0,0.417135
2016-01-12 20:00:00,0.276685,0,0.276685
2016-01-12 21:00:00,0.271067,0,0.271067
2016-01-12 22:00:00,0.294944,0,0.294944
2016-01-12 23:00:00,0.125,0,0.125
2016-01-13 00:00:00,0.234551,0,0.234551
2016-01-13 01:00:00,0.025281,0,0.025281
2016-01-13 02:00:00,0.025281,0,0.025281
2016-01-13 03:00:00,0.139045,0,0.139045
2016-01-13 04:00:00,0.061798,0,0.061798
2016-01-13 05:00:00,0.022472,0,0.022472
2016-01-13 06:00:00,0.132022,0,0.132022
2016-01-13 07:00:00,0.19382,0,0.19382
2016-01-13 08:00:00,0.191011,0,0.191011
2016-01-13 09:00:00,0.422753,0,0.422753
2016-01-13 10:00:00,0.391854,0,0.391854
2016-01-13 11:00:00,0.169944,0.768000000000001,0.937944000000001
2016-01-13 12:00:00,0.205056,1.542,1.747056
2016-01-13 13:00:00,0.179775,1.785,1.964775
2016-01-13 14:00:00,0.240169,1.59099999999998,1.83116899999998
2016-01-13 15:00:00,0.242978,0.793000000000006,1.03597800000001
2016-01-13 16:00:00,0.379213,0.033999999999992,0.413212999999992
2016-01-13 17:00:00,0.464888,0,0.464888
2016-01-13 18:00:00,0.386236,0,0.386236
2016-01-13 19:00:00,0.311798,0,0.311798
2016-01-13 20:00:00,0.214888,0,0.214888
2016-01-13 21:00:00,0.308989,0,0.308989
2016-01-13 22:00:00,0.259831,0,0.259831
2016-01-13 23:00:00,0.123596,0,0.123596
2016-01-14 00:00:00,0.053371,0,0.053371
2016-01-14 01:00:00,0.026685,0,0.026685
2016-01-14 02:00:00,0.025281,0,0.025281
2016-01-14 03:00:00,0.022472,0,0.022472
2016-01-14 04:00:00,0.022472,0,0.022472
2016-01-14 05:00:00,0.082865,0,0.082865
2016-01-14 06:00:00,0.029494,0,0.029494
2016-01-14 07:00:00,0.210674,0.00200000000001,0.21267400000001
2016-01-14 08:00:00,0.380618,0,0.380618
2016-01-14 09:00:00,0.401685,0,0.401685
2016-01-14 10:00:00,0.394663,1.43000000000001,1.82466300000001
2016-01-14 11:00:00,0.242978,1.505,1.747978
2016-01-14 12:00:00,0.169944,0.315999999999974,0.485943999999974
2016-01-14 13:00:00,0.19382,0.001000000000033,0.194820000000033
2016-01-14 14:00:00,0.238764,0,0.238764
2016-01-14 15:00:00,0.217697,0,0.217697
2016-01-14 16:00:00,0.36236,0,0.36236
2016-01-14 17:00:00,0.20927,0,0.20927
2016-01-14 18:00:00,0.244382,0,0.244382
2016-01-14 19:00:00,0.191011,0,0.191011
2016-01-14 20:00:00,0.345506,0,0.345506
2016-01-14 21:00:00,0.285112,0,0.285112
2016-01-14 22:00:00,0.245787,0,0.245787
2016-01-14 23:00:00,0.141854,0,0.141854
2016-01-15 00:00:00,0.074438,0,0.074438
2016-01-15 01:00:00,0.042135,0,0.042135
2016-01-15 02:00:00,0.026685,0,0.026685
2016-01-15 03:00:00,0.023876,0,0.023876
2016-01-15 04:00:00,0.035112,0,0.035112
2016-01-15 05:00:00,0.021067,0,0.021067
2016-01-15 06:00:00,0.021067,0,0.021067
2016-01-15 07:00:00,0.203652,0,0.203652
2016-01-15 08:00:00,0.217697,0,0.217697
2016-01-15 09:00:00,0.426966,0,0.426966
2016-01-15 10:00:00,0.192416,0,0.192416
2016-01-15 11:00:00,0.605337,0,0.605337
2016-01-15 12:00:00,0.398876,0,0.398876
2016-01-15 13:00:00,0.580056,0,0.580056
2016-01-15 14:00:00,0.178371,0,0.178371
2016-01-15 15:00:00,0.44382,1.26900000000001,1.71282000000001
2016-01-15 16:00:00,0.526685,1.75999999999999,2.28668499999999
2016-01-15 17:00:00,0.441011,1.57099999999997,2.01201099999997
2016-01-15 18:00:00,0.460674,0.41900000000004,0.87967400000004
2016-01-15 19:00:00,0.254213,0,0.254213
2016-01-15 20:00:00,0.282303,0,0.282303
2016-01-15 21:00:00,0.258427,0,0.258427
2016-01-15 22:00:00,0.255618,0,0.255618
2016-01-15 23:00:00,0.108146,0,0.108146
2016-01-16 00:00:00,0.02809,0,0.02809
2016-01-16 01:00:00,0.032303,0,0.032303
2016-01-16 02:00:00,0.025281,0,0.025281
2016-01-16 03:00:00,0.026685,0,0.026685
2016-01-16 04:00:00,0.025281,0,0.025281
2016-01-16 05:00:00,0.02809,0,0.02809
2016-01-16 06:00:00,0.032303,0,0.032303
2016-01-16 07:00:00,0.198034,0,0.198034
2016-01-16 08:00:00,0.199438,0,0.199438
2016-01-16 09:00:00,0.241573,0,0.241573
2016-01-16 10:00:00,0.227528,0,0.227528
2016-01-16 11:00:00,0.339888,0,0.339888
2016-01-16 12:00:00,0.282303,0,0.282303
2016-01-16 13:00:00,0.212079,0,0.212079
2016-01-16 14:00:00,0.191011,0,0.191011
2016-01-16 15:00:00,0.469101,0,0.469101
2016-01-16 16:00:00,0.400281,0,0.400281
2016-01-16 17:00:00,0.258427,0,0.258427
2016-01-16 18:00:00,0.462079,0,0.462079
2016-01-16 19:00:00,0.268258,0,0.268258
2016-01-16 20:00:00,0.508427,0,0.508427
2016-01-16 21:00:00,0.271067,0,0.271067
2016-01-16 22:00:00,0.265449,0,0.265449
2016-01-16 23:00:00,0.116573,0,0.116573
2016-01-17 00:00:00,0.13764,0,0.13764
2016-01-17 01:00:00,0.044944,0,0.044944
2016-01-17 02:00:00,0.022472,0,0.022472
2016-01-17 03:00:00,0.030899,0,0.030899
2016-01-17 04:00:00,0.026685,0,0.026685
2016-01-17 05:00:00,0.025281,0,0.025281
2016-01-17 06:00:00,0.029494,0,0.029494
2016-01-17 07:00:00,0.15309,0,0.15309
2016-01-17 08:00:00,0.183989,0,0.183989
2016-01-17 09:00:00,0.331461,0,0.331461
2016-01-17 10:00:00,0.5,0,0.5
2016-01-17 11:00:00,0.446629,0.00200000000001,0.44862900000001
2016-01-17 12:00:00,0.230337,0,0.230337
2016-01-17 13:00:00,0.414326,0,0.414326
2016-01-17 14:00:00,0.689607,0,0.689607
2016-01-17 15:00:00,0.511236,0,0.511236
2016-01-17 16:00:00,0.285112,0,0.285112
2016-01-17 17:00:00,0.372191,0,0.372191
2016-01-17 18:00:00,0.358146,0,0.358146
2016-01-17 19:00:00,0.316011,0,0.316011
2016-01-17 20:00:00,0.198034,0,0.198034
2016-01-17 21:00:00,0.257022,0,0.257022
2016-01-17 22:00:00,0.273876,0,0.273876
2016-01-17 23:00:00,0.271067,0,0.271067
2016-01-18 00:00:00,0.168539,0,0.168539
2016-01-18 01:00:00,0.328652,0,0.328652
2016-01-18 02:00:00,0.043539,0,0.043539
2016-01-18 03:00:00,0.075843,0,0.075843
2016-01-18 04:00:00,0.075843,0,0.075843
2016-01-18 05:00:00,0.085674,0,0.085674
2016-01-18 06:00:00,0.119382,0,0.119382
2016-01-18 07:00:00,0.303371,0,0.303371
2016-01-18 08:00:00,0.280899,0,0.280899
2016-01-18 09:00:00,0.301966,0,0.301966
2016-01-18 10:00:00,0.400281,0,0.400281
2016-01-18 11:00:00,0.358146,0,0.358146
2016-01-18 12:00:00,0.578652,0,0.578652
2016-01-18 13:00:00,0.23736,0,0.23736
2016-01-18 14:00:00,0.195225,0.001999999999953,0.197224999999953
2016-01-18 15:00:00,0.470506,0,0.470506
2016-01-18 16:00:00,0.571629,0,0.571629
2016-01-18 17:00:00,0.287921,0,0.287921
2016-01-18 18:00:00,0.273876,0,0.273876
2016-01-18 19:00:00,0.390449,0,0.390449
2016-01-18 20:00:00,0.279494,0,0.279494
2016-01-18 21:00:00,0.212079,0,0.212079
2016-01-18 22:00:00,0.223315,0,0.223315
2016-01-18 23:00:00,0.150281,0,0.150281
2016-01-19 00:00:00,0.063202,0,0.063202
2016-01-19 01:00:00,0.025281,0,0.025281
2016-01-19 02:00:00,0.04073,0,0.04073
2016-01-19 03:00:00,0.021067,0,0.021067
2016-01-19 04:00:00,0.021067,0,0.021067
2016-01-19 05:00:00,0.023876,0,0.023876
2016-01-19 06:00:00,0.021067,0,0.021067
2016-01-19 07:00:00,0.254213,0,0.254213
2016-01-19 08:00:00,0.183989,0,0.183989
2016-01-19 09:00:00,0.172753,0,0.172753
2016-01-19 10:00:00,0.296348,0,0.296348
2016-01-19 11:00:00,0.332865,0,0.332865
2016-01-19 12:00:00,0.397472,0,0.397472
2016-01-19 13:00:00,0.168539,0,0.168539
2016-01-19 14:00:00,0.235955,0,0.235955
2016-01-19 15:00:00,0.188202,0,0.188202
2016-01-19 16:00:00,0.178371,0,0.178371
2016-01-19 17:00:00,0.245787,0,0.245787
2016-01-19 18:00:00,0.226124,0,0.226124
2016-01-19 19:00:00,0.424157,0,0.424157
2016-01-19 20:00:00,0.435393,0,0.435393
2016-01-19 21:00:00,0.25,0,0.25
2016-01-19 22:00:00,0.251404,0,0.251404
2016-01-19 23:00:00,0.102528,0,0.102528
2016-01-20 00:00:00,0.070225,0,0.070225
2016-01-20 01:00:00,0.101124,0,0.101124
2016-01-20 02:00:00,0.047753,0,0.047753
2016-01-20 03:00:00,0.098315,0,0.098315
2016-01-20 04:00:00,0.051966,0,0.051966
2016-01-20 05:00:00,0.09691,0,0.09691
2016-01-20 06:00:00,0.053371,0,0.053371
2016-01-20 07:00:00,0.199438,0.001000000000033,0.200438000000033
2016-01-20 08:00:00,0.216292,0.000999999999976,0.217291999999976
2016-01-20 09:00:00,0.401685,0,0.401685
2016-01-20 10:00:00,0.168539,0,0.168539
2016-01-20 11:00:00,0.397472,0,0.397472
2016-01-20 12:00:00,0.244382,0,0.244382
2016-01-20 13:00:00,0.376404,0,0.376404
2016-01-20 14:00:00,0.647472,0.001000000000033,0.648472000000033
2016-01-20 15:00:00,0.150281,0.079000000000008,0.229281000000008
2016-01-20 16:00:00,0.178371,1.75099999999998,1.92937099999998
2016-01-20 17:00:00,0.332865,1.78300000000002,2.11586500000002
2016-01-20 18:00:00,0.41573,1.53299999999996,1.94872999999996
2016-01-20 19:00:00,0.34691,1.79100000000005,2.13791000000005
2016-01-20 20:00:00,0.358146,1.52699999999999,1.88514599999999
2016-01-20 21:00:00,0.245787,0.776999999999987,1.02278699999999
2016-01-20 22:00:00,0.294944,0.084000000000003,0.378944000000003
2016-01-20 23:00:00,0.108146,0,0.108146
2016-01-21 00:00:00,0.037921,0,0.037921
2016-01-21 01:00:00,0.026685,0,0.026685
2016-01-21 02:00:00,0.02809,0,0.02809
2016-01-21 03:00:00,0.04073,0,0.04073
2016-01-21 04:00:00,0.021067,0,0.021067
2016-01-21 05:00:00,0.02809,0,0.02809
2016-01-21 06:00:00,0.08427,0,0.08427
2016-01-21 07:00:00,0.233146,0,0.233146
2016-01-21 08:00:00,0.199438,0,0.199438
2016-01-21 09:00:00,0.424157,0,0.424157
2016-01-21 10:00:00,0.391854,0,0.391854
2016-01-21 11:00:00,0.26264,0,0.26264
2016-01-21 12:00:00,0.161517,0,0.161517
2016-01-21 13:00:00,0.449438,0.00200000000001,0.45143800000001
2016-01-21 14:00:00,0.325843,0,0.325843
2016-01-21 15:00:00,0.464888,0,0.464888
2016-01-21 16:00:00,0.369382,0,0.369382
2016-01-21 17:00:00,0.195225,0,0.195225
2016-01-21 18:00:00,0.228933,0,0.228933
2016-01-21 19:00:00,0.141854,0,0.141854
2016-01-21 20:00:00,0.261236,0,0.261236
2016-01-21 21:00:00,0.523876,0,0.523876
2016-01-21 22:00:00,0.247191,0,0.247191
2016-01-21 23:00:00,0.175562,0,0.175562
2016-01-22 00:00:00,0.075843,0,0.075843
2016-01-22 01:00:00,0.066011,0,0.066011
2016-01-22 02:00:00,0.02809,0,0.02809
2016-01-22 03:00:00,0.119382,0,0.119382
2016-01-22 04:00:00,0.099719,0,0.099719
2016-01-22 05:00:00,0.080056,0,0.080056
2016-01-22 06:00:00,0.023876,0,0.023876
2016-01-22 07:00:00,0.191011,0,0.191011
2016-01-22 08:00:00,0.772472,0,0.772472
2016-01-22 09:00:00,0.422753,0,0.422753
2016-01-22 10:00:00,0.466292,0,0.466292
2016-01-22 11:00:00,0.300562,0,0.300562
2016-01-22 12:00:00,0.191011,1.91899999999998,2.11001099999998
2016-01-22 13:00:00,0.240169,1.81,2.050169
2016-01-22 14:00:00,0.358146,0.512999999999977,0.871145999999977
2016-01-22 15:00:00,0.537921,0,0.537921
2016-01-22 16:00:00,0.601124,0,0.601124
2016-01-22 17:00:00,0.744382,0,0.744382
2016-01-22 18:00:00,0.396067,0,0.396067
2016-01-22 19:00:00,0.52809,0,0.52809
2016-01-22 20:00:00,0.418539,0,0.418539
2016-01-22 21:00:00,0.546348,0,0.546348
2016-01-22 22:00:00,0.463483,0,0.463483
2016-01-22 23:00:00,0.108146,0,0.108146
2016-01-23 00:00:00,0.171348,0,0.171348
2016-01-23 01:00:00,0.02809,0,0.02809
2016-01-23 02:00:00,0.032303,0,0.032303
2016-01-23 03:00:00,0.030899,0,0.030899
2016-01-23 04:00:00,0.023876,0,0.023876
2016-01-23 05:00:00,0.043539,0,0.043539
2016-01-23 06:00:00,0.094101,0,0.094101
2016-01-23 07:00:00,0.199438,0,0.199438
2016-01-23 08:00:00,0.175562,0,0.175562
2016-01-23 09:00:00,0.449438,0,0.449438
2016-01-23 10:00:00,0.530899,0,0.530899
2016-01-23 11:00:00,0.436798,0,0.436798
2016-01-23 12:00:00,0.297753,0,0.297753
2016-01-23 13:00:00,0.733146,1.36900000000003,2.10214600000003
2016-01-23 14:00:00,0.609551,1.79899999999998,2.40855099999998
2016-01-23 15:00:00,0.613764,1.00700000000001,1.62076400000001
2016-01-23 16:00:00,0.532303,0.001000000000033,0.533303000000033
2016-01-23 17:00:00,0.488764,0,0.488764
2016-01-23 18:00:00,0.599719,0,0.599719
2016-01-23 19:00:00,0.337079,0,0.337079
2016-01-23 20:00:00,0.273876,0,0.273876
2016-01-23 21:00:00,0.320225,0,0.320225
2016-01-23 22:00:00,0.224719,0,0.224719
2016-01-23 23:00:00,0.157303,0,0.157303
2016-01-24 00:00:00,0.18118,0,0.18118
2016-01-24 01:00:00,0.11236,0,0.11236
2016-01-24 02:00:00,0.139045,0,0.139045
2016-01-24 03:00:00,0.140449,0,0.140449
2016-01-24 04:00:00,0.032303,0,0.032303
2016-01-24 05:00:00,0.073034,0,0.073034
2016-01-24 06:00:00,0.141854,0,0.141854
2016-01-24 07:00:00,0.226124,0,0.226124
2016-01-24 08:00:00,0.314607,0,0.314607
2016-01-24 09:00:00,0.192416,0,0.192416
2016-01-24 10:00:00,0.438202,0,0.438202
2016-01-24 11:00:00,0.405899,1.44499999999999,1.85089899999999
2016-01-24 12:00:00,0.363764,0.920999999999992,1.28476399999999
2016-01-24 13:00:00,0.370787,0.00200000000001,0.37278700000001
2016-01-24 14:00:00,0.380618,0,0.380618
2016-01-24 15:00:00,0.446629,0,0.446629
2016-01-24 16:00:00,0.438202,0,0.438202
2016-01-24 17:00:00,0.519663,0,0.519663
2016-01-24 18:00:00,0.483146,0,0.483146
2016-01-24 19:00:00,0.433989,0,0.433989
2016-01-24 20:00:00,0.379213,0,0.379213
2016-01-24 21:00:00,0.300562,0,0.300562
2016-01-24 22:00:00,0.261236,0,0.261236
2016-01-24 23:00:00,0.11236,0,0.11236
2016-01-25 00:00:00,0.160112,0,0.160112
2016-01-25 01:00:00,0.063202,0,0.063202
2016-01-25 02:00:00,0.075843,0,0.075843
2016-01-25 03:00:00,0.051966,0,0.051966
2016-01-25 04:00:00,0.094101,0,0.094101
2016-01-25 05:00:00,0.179775,0,0.179775
2016-01-25 06:00:00,0.175562,0,0.175562
2016-01-25 07:00:00,0.300562,0,0.300562
2016-01-25 08:00:00,0.146067,0,0.146067
2016-01-25 09:00:00,0.235955,0,0.235955
2016-01-25 10:00:00,0.275281,0,0.275281
2016-01-25 11:00:00,0.592697,0,0.592697
2016-01-25 12:00:00,0.367978,0.00200000000001,0.36997800000001
2016-01-25 13:00:00,0.179775,0,0.179775
2016-01-25 14:00:00,0.183989,0.000999999999976,0.184988999999976
2016-01-25 15:00:00,0.199438,0,0.199438
2016-01-25 16:00:00,0.474719,0,0.474719
2016-01-25 17:00:00,0.522472,0,0.522472
2016-01-25 18:00:00,0.411517,0,0.411517
2016-01-25 19:00:00,0.407303,0,0.407303
2016-01-25 20:00:00,0.234551,0,0.234551
2016-01-25 21:00:00,0.252809,0,0.252809
2016-01-25 22:00:00,0.217697,0,0.217697
2016-01-25 23:00:00,0.123596,0,0.123596
2016-01-26 00:00:00,0.077247,0,0.077247
2016-01-26 01:00:00,0.035112,0,0.035112
2016-01-26 02:00:00,0.02809,0,0.02809
2016-01-26 03:00:00,0.029494,0,0.029494
2016-01-26 04:00:00,0.023876,0,0.023876
2016-01-26 05:00:00,0.053371,0,0.053371
2016-01-26 06:00:00,0.060393,0,0.060393
2016-01-26 07:00:00,0.251404,0,0.251404
2016-01-26 08:00:00,0.186798,0,0.186798
2016-01-26 09:00:00,0.188202,0,0.188202
2016-01-26 10:00:00,0.410112,0,0.410112
2016-01-26 11:00:00,0.418539,0.08299999999997,0.50153899999997
2016-01-26 12:00:00,0.324438,1.21300000000002,1.53743800000002
2016-01-26 13:00:00,0.314607,0.168000000000006,0.482607000000006
2016-01-26 14:00:00,0.223315,0,0.223315
2016-01-26 15:00:00,0.213483,1.38400000000001,1.59748300000001
2016-01-26 16:00:00,0.174157,0.036000000000001,0.210157000000001
2016-01-26 17:00:00,0.504213,0,0.504213
2016-01-26 18:00:00,0.390449,0,0.390449
2016-01-26 19:00:00,0.273876,0,0.273876
2016-01-26 20:00:00,0.342697,0,0.342697
2016-01-26 21:00:00,0.287921,0,0.287921
2016-01-26 22:00:00,0.251404,0,0.251404
2016-01-26 23:00:00,0.404494,0,0.404494
2016-01-27 00:00:00,0.033708,0,0.033708
2016-01-27 01:00:00,0.033708,0,0.033708
2016-01-27 02:00:00,0.033708,0,0.033708
2016-01-27 03:00:00,0.030899,0,0.030899
2016-01-27 04:00:00,0.066011,0,0.066011
2016-01-27 05:00:00,0.039326,0,0.039326
2016-01-27 06:00:00,0.087079,0,0.087079
2016-01-27 07:00:00,0.186798,0,0.186798
2016-01-27 08:00:00,0.424157,0,0.424157
2016-01-27 09:00:00,0.358146,0,0.358146
2016-01-27 10:00:00,0.188202,1.16399999999999,1.35220199999999
2016-01-27 11:00:00,0.172753,1.65199999999999,1.82475299999999
2016-01-27 12:00:00,0.130618,0.798000000000002,0.928618000000002
2016-01-27 13:00:00,0.377809,0.442000000000007,0.819809000000007
2016-01-27 14:00:00,0.369382,0.22199999999998,0.59138199999998
2016-01-27 15:00:00,0.563202,0,0.563202
2016-01-27 16:00:00,0.619382,0,0.619382
2016-01-27 17:00:00,0.601124,0,0.601124
2016-01-27 18:00:00,0.780899,0,0.780899
2016-01-27 19:00:00,0.44382,0,0.44382
2016-01-27 20:00:00,0.474719,0,0.474719
2016-01-27 21:00:00,0.380618,0,0.380618
2016-01-27 22:00:00,0.507022,0,0.507022
2016-01-27 23:00:00,0.287921,0,0.287921
2016-01-28 00:00:00,0.164326,0,0.164326
2016-01-28 01:00:00,0.116573,0,0.116573
2016-01-28 02:00:00,0.126404,0,0.126404
2016-01-28 03:00:00,0.219101,0,0.219101
2016-01-28 04:00:00,0.119382,0,0.119382
2016-01-28 05:00:00,0.266854,0,0.266854
2016-01-28 06:00:00,0.176966,0,0.176966
2016-01-28 07:00:00,0.396067,0,0.396067
2016-01-28 08:00:00,0.647472,0,0.647472
2016-01-28 09:00:00,0.386236,0,0.386236
2016-01-28 10:00:00,0.303371,0,0.303371
2016-01-28 11:00:00,0.422753,0,0.422753
2016-01-28 12:00:00,0.227528,1.47400000000005,1.70152800000005
2016-01-28 13:00:00,0.264045,1.19199999999995,1.45604499999995
2016-01-28 14:00:00,0.369382,0.040999999999997,0.410381999999997
2016-01-28 15:00:00,0.419944,0,0.419944
2016-01-28 16:00:00,0.266854,0,0.266854
2016-01-28 17:00:00,0.342697,0,0.342697
2016-01-28 18:00:00,0.445225,0,0.445225
2016-01-28 19:00:00,0.400281,0,0.400281
2016-01-28 20:00:00,0.629213,0,0.629213
2016-01-28 21:00:00,0.450843,0,0.450843
2016-01-28 22:00:00,0.226124,0,0.226124
2016-01-28 23:00:00,0.123596,0,0.123596
2016-01-29 00:00:00,0.088483,0,0.088483
2016-01-29 01:00:00,0.085674,0,0.085674
2016-01-29 02:00:00,0.026685,0,0.026685
2016-01-29 03:00:00,0.029494,0,0.029494
2016-01-29 04:00:00,0.022472,0,0.022472
2016-01-29 05:00:00,0.044944,0,0.044944
2016-01-29 06:00:00,0.176966,0,0.176966
2016-01-29 07:00:00,0.20927,0,0.20927
2016-01-29 08:00:00,0.469101,0,0.469101
2016-01-29 09:00:00,0.203652,0,0.203652
2016-01-29 10:00:00,0.369382,0,0.369382
2016-01-29 11:00:00,0.376404,0,0.376404
2016-01-29 12:00:00,0.244382,0,0.244382
2016-01-29 13:00:00,0.52809,0,0.52809
2016-01-29 14:00:00,0.411517,0.450000000000046,0.861517000000046
2016-01-29 15:00:00,0.575843,1.25899999999996,1.83484299999996
2016-01-29 16:00:00,0.550562,0.02800000000002,0.57856200000002
2016-01-29 17:00:00,0.515449,0,0.515449
2016-01-29 18:00:00,0.257022,0,0.257022
2016-01-29 19:00:00,0.426966,0,0.426966
2016-01-29 20:00:00,0.356742,0,0.356742
2016-01-29 21:00:00,0.293539,0,0.293539
2016-01-29 22:00:00,0.297753,0,0.297753
2016-01-29 23:00:00,0.178371,0,0.178371
2016-01-30 00:00:00,0.130618,0,0.130618
2016-01-30 01:00:00,0.050562,0,0.050562
2016-01-30 02:00:00,0.029494,0,0.029494
2016-01-30 03:00:00,0.023876,0,0.023876
2016-01-30 04:00:00,0.033708,0,0.033708
2016-01-30 05:00:00,0.022472,0,0.022472
2016-01-30 06:00:00,0.077247,0,0.077247
2016-01-30 07:00:00,0.214888,0,0.214888
2016-01-30 08:00:00,0.182584,0,0.182584
2016-01-30 09:00:00,0.515449,0,0.515449
2016-01-30 10:00:00,0.206461,0,0.206461
2016-01-30 11:00:00,0.234551,0,0.234551
2016-01-30 12:00:00,0.310393,0,0.310393
2016-01-30 13:00:00,0.317416,0,0.317416
2016-01-30 14:00:00,0.335674,0,0.335674
2016-01-30 15:00:00,0.490169,0,0.490169
2016-01-30 16:00:00,0.397472,0,0.397472
2016-01-30 17:00:00,0.547753,0,0.547753
2016-01-30 18:00:00,0.235955,0,0.235955
2016-01-30 19:00:00,0.34691,0,0.34691
2016-01-30 20:00:00,0.276685,0,0.276685
2016-01-30 21:00:00,0.234551,0,0.234551
2016-01-30 22:00:00,0.212079,0,0.212079
2016-01-30 23:00:00,0.127809,0,0.127809
2016-01-31 00:00:00,0.075843,0,0.075843
2016-01-31 01:00:00,0.094101,0,0.094101
2016-01-31 02:00:00,0.049157,0,0.049157
2016-01-31 03:00:00,0.070225,0,0.070225
2016-01-31 04:00:00,0.037921,0,0.037921
2016-01-31 05:00:00,0.044944,0,0.044944
2016-01-31 06:00:00,0.044944,0,0.044944
2016-01-31 07:00:00,0.175562,0,0.175562
2016-01-31 08:00:00,0.220506,0,0.220506
2016-01-31 09:00:00,0.325843,0.000999999999976,0.326842999999976
2016-01-31 10:00:00,0.445225,0.884000000000015,1.32922500000002
2016-01-31 11:00:00,0.400281,1.40600000000001,1.80628100000001
2016-01-31 12:00:00,0.360955,1.80000000000001,2.16095500000001
2016-01-31 13:00:00,0.719101,1.60899999999998,2.32810099999998
2016-01-31 14:00:00,0.335674,1.80200000000002,2.13767400000002
2016-01-31 15:00:00,0.419944,1.63400000000001,2.05394400000001
2016-01-31 16:00:00,0.376404,0.688999999999965,1.06540399999997
2016-01-31 17:00:00,0.172753,0.001000000000033,0.173753000000033
2016-01-31 18:00:00,0.348315,0,0.348315
2016-01-31 19:00:00,0.40309,0,0.40309
2016-01-31 20:00:00,0.217697,0,0.217697
2016-01-31 21:00:00,0.393258,0,0.393258
2016-01-31 22:00:00,0.286517,0,0.286517
2016-01-31 23:00:00,0.383427,0,0.383427
2016-02-01 00:00:00,0.129213,0,0.129213
2016-02-01 01:00:00,0.110955,0,0.110955
2016-02-01 02:00:00,0.046348,0,0.046348
2016-02-01 03:00:00,0.033708,0,0.033708
2016-02-01 04:00:00,0.043539,0,0.043539
2016-02-01 05:00:00,0.080056,0,0.080056
2016-02-01 06:00:00,0.154494,0,0.154494
2016-02-01 07:00:00,0.258427,0,0.258427
2016-02-01 08:00:00,0.679775,0,0.679775
2016-02-01 09:00:00,0.456461,0.000999999999976,0.457460999999976
2016-02-01 10:00:00,0.251404,0,0.251404
2016-02-01 11:00:00,0.332865,0,0.332865
2016-02-01 12:00:00,0.352528,0,0.352528
2016-02-01 13:00:00,0.441011,0,0.441011
2016-02-01 14:00:00,0.723315,0,0.723315
2016-02-01 15:00:00,0.358146,0,0.358146
2016-02-01 16:00:00,0.328652,0,0.328652
2016-02-01 17:00:00,0.339888,0,0.339888
2016-02-01 18:00:00,0.404494,0,0.404494
2016-02-01 19:00:00,0.467697,0,0.467697
2016-02-01 20:00:00,0.289326,0,0.289326
2016-02-01 21:00:00,0.234551,0,0.234551
2016-02-01 22:00:00,0.213483,0,0.213483
2016-02-01 23:00:00,0.123596,0,0.123596
2016-02-02 00:00:00,0.075843,0,0.075843
2016-02-02 01:00:00,0.071629,0,0.071629
2016-02-02 02:00:00,0.070225,0,0.070225
2016-02-02 03:00:00,0.063202,0,0.063202
2016-02-02 04:00:00,0.058989,0,0.058989
2016-02-02 05:00:00,0.081461,0,0.081461
2016-02-02 06:00:00,0.044944,0,0.044944
2016-02-02 07:00:00,0.234551,0,0.234551
2016-02-02 08:00:00,0.557584,0,0.557584
2016-02-02 09:00:00,0.445225,0.001000000000033,0.446225000000033
2016-02-02 10:00:00,0.469101,0,0.469101
2016-02-02 11:00:00,0.321629,0,0.321629
2016-02-02 12:00:00,0.412921,0,0.412921
2016-02-02 13:00:00,0.419944,0,0.419944
2016-02-02 14:00:00,0.311798,0,0.311798
2016-02-02 15:00:00,0.365169,0.000999999999976,0.366168999999976
2016-02-02 16:00:00,0.376404,0.000999999999976,0.377403999999976
2016-02-02 17:00:00,0.460674,0,0.460674
2016-02-02 18:00:00,0.353933,0,0.353933
2016-02-02 19:00:00,0.27809,0,0.27809
2016-02-02 20:00:00,0.543539,0,0.543539
2016-02-02 21:00:00,0.300562,0,0.300562
2016-02-02 22:00:00,0.366573,0,0.366573
2016-02-02 23:00:00,0.287921,0,0.287921
2016-02-03 00:00:00,0.140449,0,0.140449
2016-02-03 01:00:00,0.106742,0,0.106742
2016-02-03 02:00:00,0.081461,0,0.081461
2016-02-03 03:00:00,0.147472,0,0.147472
2016-02-03 04:00:00,0.091292,0,0.091292
2016-02-03 05:00:00,0.050562,0,0.050562
2016-02-03 06:00:00,0.057584,0,0.057584
2016-02-03 07:00:00,0.202247,0,0.202247
2016-02-03 08:00:00,0.625,0,0.625
2016-02-03 09:00:00,0.426966,0.001000000000033,0.427966000000033
2016-02-03 10:00:00,0.432584,0,0.432584
2016-02-03 11:00:00,0.330056,0,0.330056
2016-02-03 12:00:00,0.314607,0,0.314607
2016-02-03 13:00:00,0.283708,0,0.283708
2016-02-03 14:00:00,0.273876,0,0.273876
2016-02-03 15:00:00,0.331461,0,0.331461
2016-02-03 16:00:00,0.610955,0,0.610955
2016-02-03 17:00:00,0.554775,0,0.554775
2016-02-03 18:00:00,0.294944,0,0.294944
2016-02-03 19:00:00,0.34691,0,0.34691
2016-02-03 20:00:00,0.264045,0,0.264045
2016-02-03 21:00:00,0.202247,0,0.202247
2016-02-03 22:00:00,0.207865,0,0.207865
2016-02-03 23:00:00,0.132022,0,0.132022
2016-02-04 00:00:00,0.030899,0,0.030899
2016-02-04 01:00:00,0.044944,0,0.044944
2016-02-04 02:00:00,0.057584,0,0.057584
2016-02-04 03:00:00,0.037921,0,0.037921
2016-02-04 04:00:00,0.095506,0,0.095506
2016-02-04 05:00:00,0.085674,0,0.085674
2016-02-04 06:00:00,0.171348,0,0.171348
2016-02-04 07:00:00,0.234551,0,0.234551
2016-02-04 08:00:00,0.26264,0,0.26264
2016-02-04 09:00:00,0.370787,0,0.370787
2016-02-04 10:00:00,0.422753,0.000999999999976,0.423752999999976
2016-02-04 11:00:00,0.391854,0,0.391854
2016-02-04 12:00:00,0.192416,0,0.192416
2016-02-04 13:00:00,0.244382,0,0.244382
2016-02-04 14:00:00,0.300562,0,0.300562
2016-02-04 15:00:00,0.429775,0,0.429775
2016-02-04 16:00:00,0.175562,0,0.175562
2016-02-04 17:00:00,0.210674,0,0.210674
2016-02-04 18:00:00,0.18118,0,0.18118
2016-02-04 19:00:00,0.120787,0,0.120787
2016-02-04 20:00:00,0.171348,0,0.171348
2016-02-04 21:00:00,0.464888,0,0.464888
2016-02-04 22:00:00,0.382022,0,0.382022
2016-02-04 23:00:00,0.213483,0,0.213483
2016-02-05 00:00:00,0.049157,0,0.049157
2016-02-05 01:00:00,0.029494,0,0.029494
2016-02-05 02:00:00,0.125,0,0.125
2016-02-05 03:00:00,0.021067,0,0.021067
2016-02-05 04:00:00,0.144663,0,0.144663
2016-02-05 05:00:00,0.175562,0,0.175562
2016-02-05 06:00:00,0.098315,0,0.098315
2016-02-05 07:00:00,0.313202,0,0.313202
2016-02-05 08:00:00,0.296348,0,0.296348
2016-02-05 09:00:00,0.884831,0,0.884831
2016-02-05 10:00:00,0.191011,0,0.191011
2016-02-05 11:00:00,0.198034,0,0.198034
2016-02-05 12:00:00,0.425562,0,0.425562
2016-02-05 13:00:00,0.205056,0,0.205056
2016-02-05 14:00:00,0.41573,0.001000000000033,0.416730000000033
2016-02-05 15:00:00,0.509831,0,0.509831
2016-02-05 16:00:00,0.490169,0,0.490169
2016-02-05 17:00:00,0.428371,0,0.428371
2016-02-05 18:00:00,0.38764,0,0.38764
2016-02-05 19:00:00,0.390449,0,0.390449
2016-02-05 20:00:00,0.254213,0,0.254213
2016-02-05 21:00:00,0.254213,0,0.254213
2016-02-05 22:00:00,0.280899,0,0.280899
2016-02-05 23:00:00,0.179775,0,0.179775
2016-02-06 00:00:00,0.134831,0,0.134831
2016-02-06 01:00:00,0.042135,0,0.042135
2016-02-06 02:00:00,0.036517,0,0.036517
2016-02-06 03:00:00,0.030899,0,0.030899
2016-02-06 04:00:00,0.019663,0,0.019663
2016-02-06 05:00:00,0.023876,0,0.023876
2016-02-06 06:00:00,0.133427,0,0.133427
2016-02-06 07:00:00,0.202247,0,0.202247
2016-02-06 08:00:00,0.18118,0,0.18118
2016-02-06 09:00:00,0.419944,0,0.419944
2016-02-06 10:00:00,0.467697,0,0.467697
2016-02-06 11:00:00,0.448034,0,0.448034
2016-02-06 12:00:00,0.150281,0,0.150281
2016-02-06 13:00:00,0.358146,1.39399999999995,1.75214599999995
2016-02-06 14:00:00,0.414326,1.81400000000002,2.22832600000002
2016-02-06 15:00:00,0.551966,1.32900000000001,1.88096600000001
2016-02-06 16:00:00,0.365169,0,0.365169
2016-02-06 17:00:00,0.539326,0,0.539326
2016-02-06 18:00:00,0.480337,0,0.480337
2016-02-06 19:00:00,0.470506,0,0.470506
2016-02-06 20:00:00,0.217697,0,0.217697
2016-02-06 21:00:00,0.238764,0,0.238764
2016-02-06 22:00:00,0.158708,0,0.158708
2016-02-06 23:00:00,0.077247,0,0.077247
2016-02-07 00:00:00,0.061798,0,0.061798
2016-02-07 01:00:00,0.058989,0,0.058989
2016-02-07 02:00:00,0.025281,0,0.025281
2016-02-07 03:00:00,0.033708,0,0.033708
2016-02-07 04:00:00,0.022472,0,0.022472
2016-02-07 05:00:00,0.025281,0,0.025281
2016-02-07 06:00:00,0.022472,0.000999999999976,0.023471999999976
2016-02-07 07:00:00,0.220506,0.001000000000033,0.221506000000033
2016-02-07 08:00:00,0.198034,0,0.198034
2016-02-07 09:00:00,0.55618,0,0.55618
2016-02-07 10:00:00,0.38764,0,0.38764
2016-02-07 11:00:00,0.359551,0,0.359551
2016-02-07 12:00:00,0.332865,0,0.332865
2016-02-07 13:00:00,0.200843,0,0.200843
2016-02-07 14:00:00,0.338483,0,0.338483
2016-02-07 15:00:00,0.344101,0,0.344101
2016-02-07 16:00:00,0.393258,0,0.393258
2016-02-07 17:00:00,0.448034,0,0.448034
2016-02-07 18:00:00,0.255618,0,0.255618
2016-02-07 19:00:00,0.285112,0,0.285112
2016-02-07 20:00:00,0.213483,0,0.213483
2016-02-07 21:00:00,0.52809,0,0.52809
2016-02-07 22:00:00,0.223315,0,0.223315
2016-02-07 23:00:00,0.143258,0,0.143258
2016-02-08 00:00:00,0.032303,0,0.032303
2016-02-08 01:00:00,0.030899,0,0.030899
2016-02-08 02:00:00,0.030899,0,0.030899
2016-02-08 03:00:00,0.080056,0,0.080056
2016-02-08 04:00:00,0.037921,0,0.037921
2016-02-08 05:00:00,0.021067,0,0.021067
2016-02-08 06:00:00,0.085674,0,0.085674
2016-02-08 07:00:00,0.231742,0,0.231742
2016-02-08 08:00:00,0.494382,0,0.494382
2016-02-08 09:00:00,0.504213,0,0.504213
2016-02-08 10:00:00,0.369382,0,0.369382
2016-02-08 11:00:00,0.207865,0,0.207865
2016-02-08 12:00:00,0.321629,0,0.321629
2016-02-08 13:00:00,0.422753,0,0.422753
2016-02-08 14:00:00,0.189607,0,0.189607
2016-02-08 15:00:00,0.174157,0,0.174157
2016-02-08 16:00:00,0.355337,0,0.355337
2016-02-08 17:00:00,0.676966,0,0.676966
2016-02-08 18:00:00,0.643258,0,0.643258
2016-02-08 19:00:00,0.293539,0,0.293539
2016-02-08 20:00:00,0.331461,0,0.331461
2016-02-08 21:00:00,0.301966,0,0.301966
2016-02-08 22:00:00,0.279494,0,0.279494
2016-02-08 23:00:00,0.245787,0,0.245787
2016-02-09 00:00:00,0.115169,0,0.115169
2016-02-09 01:00:00,0.082865,0,0.082865
2016-02-09 02:00:00,0.075843,0,0.075843
2016-02-09 03:00:00,0.109551,0,0.109551
2016-02-09 04:00:00,0.09691,0,0.09691
2016-02-09 05:00:00,0.103933,0,0.103933
2016-02-09 06:00:00,0.123596,0,0.123596
2016-02-09 07:00:00,0.178371,0,0.178371
2016-02-09 08:00:00,0.331461,0,0.331461
2016-02-09 09:00:00,0.647472,0,0.647472
2016-02-09 10:00:00,0.393258,0.52600000000001,0.91925800000001
2016-02-09 11:00:00,0.196629,1.81700000000001,2.01362900000001
2016-02-09 12:00:00,0.213483,1.38299999999998,1.59648299999998
2016-02-09 13:00:00,0.214888,0.307999999999993,0.522887999999993
2016-02-09 14:00:00,0.289326,0,0.289326
2016-02-09 15:00:00,0.470506,0,0.470506
2016-02-09 16:00:00,0.282303,0,0.282303
2016-02-09 17:00:00,0.567416,0,0.567416
2016-02-09 18:00:00,0.328652,0,0.328652
2016-02-09 19:00:00,0.449438,0,0.449438
2016-02-09 20:00:00,0.247191,0,0.247191
2016-02-09 21:00:00,0.266854,0,0.266854
2016-02-09 22:00:00,0.189607,0,0.189607
2016-02-09 23:00:00,0.13764,0,0.13764
2016-02-10 00:00:00,0.101124,0,0.101124
2016-02-10 01:00:00,0.06882,0,0.06882
2016-02-10 02:00:00,0.044944,0,0.044944
2016-02-10 03:00:00,0.061798,0,0.061798
2016-02-10 04:00:00,0.200843,0,0.200843
2016-02-10 05:00:00,0.116573,0,0.116573
2016-02-10 06:00:00,0.105337,0,0.105337
2016-02-10 07:00:00,0.233146,0.00200000000001,0.23514600000001
2016-02-10 08:00:00,0.273876,0.000999999999976,0.274875999999976
2016-02-10 09:00:00,0.160112,0,0.160112
2016-02-10 10:00:00,0.676966,0,0.676966
2016-02-10 11:00:00,0.646067,0,0.646067
2016-02-10 12:00:00,0.782303,0,0.782303
2016-02-10 13:00:00,0.488764,0,0.488764
2016-02-10 14:00:00,0.245787,0,0.245787
2016-02-10 15:00:00,0.453652,0,0.453652
2016-02-10 16:00:00,0.581461,0,0.581461
2016-02-10 17:00:00,0.477528,0,0.477528
2016-02-10 18:00:00,0.36236,0,0.36236
2016-02-10 19:00:00,0.379213,0,0.379213
2016-02-10 20:00:00,0.391854,0,0.391854
2016-02-10 21:00:00,0.320225,0,0.320225
2016-02-10 22:00:00,0.345506,0,0.345506
2016-02-10 23:00:00,0.257022,0,0.257022
2016-02-11 00:00:00,0.077247,0,0.077247
2016-02-11 01:00:00,0.032303,0,0.032303
2016-02-11 02:00:00,0.039326,0,0.039326
2016-02-11 03:00:00,0.025281,0,0.025281
2016-02-11 04:00:00,0.019663,0,0.019663
2016-02-11 05:00:00,0.049157,0,0.049157
2016-02-11 06:00:00,0.060393,0,0.060393
2016-02-11 07:00:00,0.202247,0,0.202247
2016-02-11 08:00:00,0.205056,0,0.205056
2016-02-11 09:00:00,0.449438,0.00200000000001,0.45143800000001
2016-02-11 10:00:00,0.789326,0,0.789326
2016-02-11 11:00:00,0.351124,0,0.351124
2016-02-11 12:00:00,0.5,0,0.5
2016-02-11 13:00:00,0.425562,0,0.425562
2016-02-11 14:00:00,0.289326,0,0.289326
2016-02-11 15:00:00,0.213483,0,0.213483
2016-02-11 16:00:00,0.213483,0,0.213483
2016-02-11 17:00:00,0.316011,0,0.316011
2016-02-11 18:00:00,0.235955,0,0.235955
2016-02-11 19:00:00,0.301966,0,0.301966
2016-02-11 20:00:00,0.335674,0,0.335674
2016-02-11 21:00:00,0.228933,0,0.228933
2016-02-11 22:00:00,0.567416,0,0.567416
2016-02-11 23:00:00,0.233146,0,0.233146
2016-02-12 00:00:00,0.363764,0,0.363764
2016-02-12 01:00:00,0.228933,0,0.228933
2016-02-12 02:00:00,0.066011,0,0.066011
2016-02-12 03:00:00,0.060393,0,0.060393
2016-02-12 04:00:00,0.127809,0,0.127809
2016-02-12 05:00:00,0.046348,0,0.046348
2016-02-12 06:00:00,0.120787,0,0.120787
2016-02-12 07:00:00,0.314607,0,0.314607
2016-02-12 08:00:00,0.478933,0,0.478933
2016-02-12 09:00:00,0.491573,0,0.491573
2016-02-12 10:00:00,0.640449,0,0.640449
2016-02-12 11:00:00,0.289326,0.649000000000001,0.938326000000001
2016-02-12 12:00:00,0.341292,2.35700000000003,2.69829200000003
2016-02-12 13:00:00,0.712079,1.72899999999999,2.44107899999999
2016-02-12 14:00:00,0.640449,0.885999999999967,1.52644899999997
2016-02-12 15:00:00,0.615169,0.160000000000025,0.775169000000025
2016-02-12 16:00:00,0.380618,0,0.380618
2016-02-12 17:00:00,0.254213,0,0.254213
2016-02-12 18:00:00,0.477528,0,0.477528
2016-02-12 19:00:00,0.480337,0,0.480337
2016-02-12 20:00:00,0.341292,0,0.341292
2016-02-12 21:00:00,0.476124,0,0.476124
2016-02-12 22:00:00,0.252809,0,0.252809
2016-02-12 23:00:00,0.103933,0,0.103933
2016-02-13 00:00:00,0.082865,0,0.082865
2016-02-13 01:00:00,0.026685,0,0.026685
2016-02-13 02:00:00,0.061798,0,0.061798
2016-02-13 03:00:00,0.087079,0,0.087079
2016-02-13 04:00:00,0.053371,0,0.053371
2016-02-13 05:00:00,0.091292,0,0.091292
2016-02-13 06:00:00,0.160112,0,0.160112
2016-02-13 07:00:00,0.20927,0,0.20927
2016-02-13 08:00:00,0.352528,0,0.352528
2016-02-13 09:00:00,0.439607,0,0.439607
2016-02-13 10:00:00,0.435393,0,0.435393
2016-02-13 11:00:00,0.323034,0,0.323034
2016-02-13 12:00:00,0.241573,0,0.241573
2016-02-13 13:00:00,0.360955,0,0.360955
2016-02-13 14:00:00,0.294944,0,0.294944
2016-02-13 15:00:00,0.206461,0,0.206461
2016-02-13 16:00:00,0.283708,0,0.283708
2016-02-13 17:00:00,0.348315,0,0.348315
2016-02-13 18:00:00,0.474719,0,0.474719
2016-02-13 19:00:00,0.360955,0,0.360955
2016-02-13 20:00:00,0.330056,0,0.330056
2016-02-13 21:00:00,0.186798,0,0.186798
2016-02-13 22:00:00,0.155899,0,0.155899
2016-02-13 23:00:00,0.095506,0,0.095506
2016-02-14 00:00:00,0.043539,0,0.043539
2016-02-14 01:00:00,0.05618,0,0.05618
2016-02-14 02:00:00,0.070225,0,0.070225
2016-02-14 03:00:00,0.032303,0,0.032303
2016-02-14 04:00:00,0.105337,0,0.105337
2016-02-14 05:00:00,0.044944,0,0.044944
2016-02-14 06:00:00,0.029494,0,0.029494
2016-02-14 07:00:00,0.216292,0,0.216292
2016-02-14 08:00:00,0.233146,0,0.233146
2016-02-14 09:00:00,0.695225,0,0.695225
2016-02-14 10:00:00,0.560393,0,0.560393
2016-02-14 11:00:00,0.575843,0,0.575843
2016-02-14 12:00:00,0.389045,0,0.389045
2016-02-14 13:00:00,0.320225,0,0.320225
2016-02-14 14:00:00,0.373596,0,0.373596
2016-02-14 15:00:00,0.360955,0,0.360955
2016-02-14 16:00:00,0.380618,0,0.380618
2016-02-14 17:00:00,0.311798,0,0.311798
2016-02-14 18:00:00,0.240169,0,0.240169
2016-02-14 19:00:00,0.373596,0,0.373596
2016-02-14 20:00:00,0.418539,0,0.418539
2016-02-14 21:00:00,0.155899,0,0.155899
2016-02-14 22:00:00,0.393258,0,0.393258
2016-02-14 23:00:00,0.195225,0,0.195225
2016-02-15 00:00:00,0.091292,0,0.091292
2016-02-15 01:00:00,0.037921,0,0.037921
2016-02-15 02:00:00,0.071629,0,0.071629
2016-02-15 03:00:00,0.09691,0,0.09691
2016-02-15 04:00:00,0.094101,0,0.094101
2016-02-15 05:00:00,0.123596,0,0.123596
2016-02-15 06:00:00,0.085674,0,0.085674
2016-02-15 07:00:00,0.210674,0.379999999999995,0.590673999999995
2016-02-15 08:00:00,0.615169,1.80700000000002,2.42216900000002
2016-02-15 09:00:00,0.376404,1.63599999999997,2.01240399999997
2016-02-15 10:00:00,0.428371,1.80100000000004,2.22937100000004
2016-02-15 11:00:00,0.162921,1.70299999999997,1.86592099999997
2016-02-15 12:00:00,0.20927,0.865999999999985,1.07526999999999
2016-02-15 13:00:00,0.34691,0.052000000000021,0.398910000000021
2016-02-15 14:00:00,0.418539,0,0.418539
2016-02-15 15:00:00,0.43118,0,0.43118
2016-02-15 16:00:00,0.429775,0,0.429775
2016-02-15 17:00:00,0.379213,0.000999999999976,0.380212999999976
2016-02-15 18:00:00,0.375,0,0.375
2016-02-15 19:00:00,0.228933,0,0.228933
2016-02-15 20:00:00,0.275281,0,0.275281
2016-02-15 21:00:00,0.285112,0,0.285112
2016-02-15 22:00:00,0.282303,0,0.282303
2016-02-15 23:00:00,0.214888,0,0.214888
2016-02-16 00:00:00,0.09691,0,0.09691
2016-02-16 01:00:00,0.091292,0,0.091292
2016-02-16 02:00:00,0.095506,0,0.095506
2016-02-16 03:00:00,0.099719,0,0.099719
2016-02-16 04:00:00,0.150281,0,0.150281
2016-02-16 05:00:00,0.147472,0,0.147472
2016-02-16 06:00:00,0.158708,0,0.158708
2016-02-16 07:00:00,0.625,0,0.625
2016-02-16 08:00:00,0.383427,0,0.383427
2016-02-16 09:00:00,0.574438,0,0.574438
2016-02-16 10:00:00,0.363764,0,0.363764
2016-02-16 11:00:00,0.650281,0,0.650281
2016-02-16 12:00:00,0.453652,0,0.453652
2016-02-16 13:00:00,0.477528,0,0.477528
2016-02-16 14:00:00,0.462079,0,0.462079
2016-02-16 15:00:00,0.282303,0,0.282303
2016-02-16 16:00:00,0.373596,0,0.373596
2016-02-16 17:00:00,0.134831,0,0.134831
2016-02-16 18:00:00,0.491573,0,0.491573
2016-02-16 19:00:00,0.23736,0,0.23736
2016-02-16 20:00:00,0.325843,0,0.325843
2016-02-16 21:00:00,0.27809,0,0.27809
2016-02-16 22:00:00,0.330056,0,0.330056
2016-02-16 23:00:00,0.123596,0,0.123596
2016-02-17 00:00:00,0.09691,0,0.09691
2016-02-17 01:00:00,0.094101,0,0.094101
2016-02-17 02:00:00,0.073034,0,0.073034
2016-02-17 03:00:00,0.115169,0,0.115169
2016-02-17 04:00:00,0.115169,0,0.115169
2016-02-17 05:00:00,0.125,0,0.125
2016-02-17 06:00:00,0.11236,0,0.11236
2016-02-17 07:00:00,0.22191,0,0.22191
2016-02-17 08:00:00,0.335674,0,0.335674
2016-02-17 09:00:00,0.207865,0,0.207865
2016-02-17 10:00:00,0.591292,0,0.591292
2016-02-17 11:00:00,0.380618,0,0.380618
2016-02-17 12:00:00,0.376404,0,0.376404
2016-02-17 13:00:00,0.275281,0,0.275281
2016-02-17 14:00:00,0.179775,0,0.179775
2016-02-17 15:00:00,0.185393,0,0.185393
2016-02-17 16:00:00,0.389045,0,0.389045
2016-02-17 17:00:00,0.393258,0,0.393258
2016-02-17 18:00:00,0.26264,0,0.26264
2016-02-17 19:00:00,0.372191,0,0.372191
2016-02-17 20:00:00,0.397472,0,0.397472
2016-02-17 21:00:00,0.227528,0,0.227528
2016-02-17 22:00:00,0.212079,0,0.212079
2016-02-17 23:00:00,0.099719,0,0.099719
2016-02-18 00:00:00,0.074438,0,0.074438
2016-02-18 01:00:00,0.036517,0,0.036517
2016-02-18 02:00:00,0.030899,0,0.030899
2016-02-18 03:00:00,0.103933,0,0.103933
2016-02-18 04:00:00,0.036517,0,0.036517
2016-02-18 05:00:00,0.032303,0,0.032303
2016-02-18 06:00:00,0.08427,0,0.08427
2016-02-18 07:00:00,0.216292,0,0.216292
2016-02-18 08:00:00,0.264045,0,0.264045
2016-02-18 09:00:00,0.404494,0,0.404494
2016-02-18 10:00:00,0.369382,0,0.369382
2016-02-18 11:00:00,0.41573,0,0.41573
2016-02-18 12:00:00,0.578652,1.35200000000003,1.93065200000003
2016-02-18 13:00:00,0.549157,2.02099999999996,2.57015699999996
2016-02-18 14:00:00,0.224719,1.86600000000004,2.09071900000004
2016-02-18 15:00:00,0.276685,0.84499999999997,1.12168499999997
2016-02-18 16:00:00,0.369382,0.073000000000036,0.442382000000036
2016-02-18 17:00:00,0.171348,0,0.171348
2016-02-18 18:00:00,0.276685,0,0.276685
2016-02-18 19:00:00,0.146067,0,0.146067
2016-02-18 20:00:00,0.310393,0,0.310393
2016-02-18 21:00:00,0.54073,0,0.54073
2016-02-18 22:00:00,0.269663,0,0.269663
2016-02-18 23:00:00,0.134831,0,0.134831
2016-02-19 00:00:00,0.067416,0,0.067416
2016-02-19 01:00:00,0.074438,0,0.074438
2016-02-19 02:00:00,0.051966,0,0.051966
2016-02-19 03:00:00,0.039326,0,0.039326
2016-02-19 04:00:00,0.081461,0,0.081461
2016-02-19 05:00:00,0.070225,0,0.070225
2016-02-19 06:00:00,0.098315,0,0.098315
2016-02-19 07:00:00,0.264045,0,0.264045
2016-02-19 08:00:00,0.522472,0,0.522472
2016-02-19 09:00:00,0.922753,0,0.922753
2016-02-19 10:00:00,0.453652,0,0.453652
2016-02-19 11:00:00,0.26264,0.000999999999976,0.263639999999976
2016-02-19 12:00:00,0.189607,0.000999999999976,0.190606999999976
2016-02-19 13:00:00,0.23736,0,0.23736
2016-02-19 14:00:00,0.418539,0,0.418539
2016-02-19 15:00:00,0.365169,0,0.365169
2016-02-19 16:00:00,0.185393,0,0.185393
2016-02-19 17:00:00,0.172753,0,0.172753
2016-02-19 18:00:00,0.436798,0,0.436798
2016-02-19 19:00:00,0.27809,0,0.27809
2016-02-19 20:00:00,0.265449,0,0.265449
2016-02-19 21:00:00,0.198034,0,0.198034
2016-02-19 22:00:00,0.205056,0,0.205056
2016-02-19 23:00:00,0.082865,0,0.082865
2016-02-20 00:00:00,0.029494,0,0.029494
2016-02-20 01:00:00,0.039326,0,0.039326
2016-02-20 02:00:00,0.025281,0,0.025281
2016-02-20 03:00:00,0.02809,0,0.02809
2016-02-20 04:00:00,0.022472,0,0.022472
2016-02-20 05:00:00,0.022472,0,0.022472
2016-02-20 06:00:00,0.023876,0,0.023876
2016-02-20 07:00:00,0.230337,0,0.230337
2016-02-20 08:00:00,0.202247,0,0.202247
2016-02-20 09:00:00,0.463483,0,0.463483
2016-02-20 10:00:00,0.231742,0,0.231742
2016-02-20 11:00:00,0.203652,0,0.203652
2016-02-20 12:00:00,0.462079,0.852000000000032,1.31407900000003
2016-02-20 13:00:00,0.252809,0.546999999999969,0.799808999999969
2016-02-20 14:00:00,0.185393,0,0.185393
2016-02-20 15:00:00,0.179775,0,0.179775
2016-02-20 16:00:00,0.13764,0,0.13764
2016-02-20 17:00:00,0.495787,0,0.495787
2016-02-20 18:00:00,0.240169,1.32000000000005,1.56016900000005
2016-02-20 19:00:00,0.189607,1.80099999999999,1.99060699999999
2016-02-20 20:00:00,0.348315,1.80500000000001,2.15331500000001
2016-02-20 21:00:00,0.144663,1.608,1.752663
2016-02-20 22:00:00,0.196629,1.81199999999996,2.00862899999996
2016-02-20 23:00:00,0.071629,1.80100000000004,1.87262900000004
2016-02-21 00:00:00,0.078652,1.39599999999996,1.47465199999996
2016-02-21 01:00:00,0.032303,0.374000000000024,0.406303000000024
2016-02-21 02:00:00,0.032303,0,0.032303
2016-02-21 03:00:00,0.021067,0,0.021067
2016-02-21 04:00:00,0.033708,0,0.033708
2016-02-21 05:00:00,0.058989,0,0.058989
2016-02-21 06:00:00,0.033708,0,0.033708
2016-02-21 07:00:00,0.271067,0,0.271067
2016-02-21 08:00:00,0.206461,0,0.206461
2016-02-21 09:00:00,0.231742,1.35300000000001,1.58474200000001
2016-02-21 10:00:00,0.372191,0.892999999999972,1.26519099999997
2016-02-21 11:00:00,0.466292,0,0.466292
2016-02-21 12:00:00,0.234551,0.001000000000033,0.235551000000033
2016-02-21 13:00:00,0.213483,0.000999999999976,0.214482999999976
2016-02-21 14:00:00,0.147472,0.000999999999976,0.148471999999976
2016-02-21 15:00:00,0.481742,0,0.481742
2016-02-21 16:00:00,0.668539,0,0.668539
2016-02-21 17:00:00,0.603933,0,0.603933
2016-02-21 18:00:00,0.435393,0,0.435393
2016-02-21 19:00:00,0.275281,0,0.275281
2016-02-21 20:00:00,0.377809,0,0.377809
2016-02-21 21:00:00,0.245787,0,0.245787
2016-02-21 22:00:00,0.282303,0,0.282303
2016-02-21 23:00:00,0.106742,0,0.106742
2016-02-22 00:00:00,0.108146,0,0.108146
2016-02-22 01:00:00,0.058989,0,0.058989
2016-02-22 02:00:00,0.074438,0,0.074438
2016-02-22 03:00:00,0.054775,0,0.054775
2016-02-22 04:00:00,0.073034,0,0.073034
2016-02-22 05:00:00,0.087079,0,0.087079
2016-02-22 06:00:00,0.238764,0,0.238764
2016-02-22 07:00:00,0.259831,0.001000000000033,0.260831000000033
2016-02-22 08:00:00,0.266854,0,0.266854
2016-02-22 09:00:00,0.40309,0,0.40309
2016-02-22 10:00:00,0.214888,0,0.214888
2016-02-22 11:00:00,0.158708,0,0.158708
2016-02-22 12:00:00,0.167135,0,0.167135
2016-02-22 13:00:00,0.106742,0,0.106742
2016-02-22 14:00:00,0.491573,0,0.491573
2016-02-22 15:00:00,0.561798,0,0.561798
2016-02-22 16:00:00,0.419944,0,0.419944
2016-02-22 17:00:00,0.490169,0,0.490169
2016-02-22 18:00:00,0.470506,0,0.470506
2016-02-22 19:00:00,0.203652,0,0.203652
2016-02-22 20:00:00,0.233146,0,0.233146
2016-02-22 21:00:00,0.40309,0,0.40309
2016-02-22 22:00:00,0.31882,0,0.31882
2016-02-22 23:00:00,0.231742,0,0.231742
2016-02-23 00:00:00,0.207865,0,0.207865
2016-02-23 01:00:00,0.033708,0,0.033708
2016-02-23 02:00:00,0.029494,0,0.029494
2016-02-23 03:00:00,0.025281,0,0.025281
2016-02-23 04:00:00,0.032303,0,0.032303
2016-02-23 05:00:00,0.025281,0,0.025281
2016-02-23 06:00:00,0.022472,0,0.022472
2016-02-23 07:00:00,0.176966,0,0.176966
2016-02-23 08:00:00,0.200843,0,0.200843
2016-02-23 09:00:00,0.366573,0,0.366573
2016-02-23 10:00:00,0.233146,0,0.233146
2016-02-23 11:00:00,0.342697,0,0.342697
2016-02-23 12:00:00,0.133427,0,0.133427
2016-02-23 13:00:00,0.147472,0.000999999999976,0.148471999999976
2016-02-23 14:00:00,0.308989,0,0.308989
2016-02-23 15:00:00,0.342697,0,0.342697
2016-02-23 16:00:00,0.367978,0,0.367978
2016-02-23 17:00:00,0.383427,0,0.383427
2016-02-23 18:00:00,0.373596,0,0.373596
2016-02-23 19:00:00,0.390449,0,0.390449
2016-02-23 20:00:00,0.27809,0,0.27809
2016-02-23 21:00:00,0.195225,0,0.195225
2016-02-23 22:00:00,0.191011,0,0.191011
2016-02-23 23:00:00,0.130618,0,0.130618
2016-02-24 00:00:00,0.033708,0,0.033708
2016-02-24 01:00:00,0.026685,0,0.026685
2016-02-24 02:00:00,0.035112,0,0.035112
2016-02-24 03:00:00,0.021067,0,0.021067
2016-02-24 04:00:00,0.033708,0,0.033708
2016-02-24 05:00:00,0.021067,0,0.021067
2016-02-24 06:00:00,0.022472,0,0.022472
2016-02-24 07:00:00,0.242978,0,0.242978
2016-02-24 08:00:00,0.497191,0,0.497191
2016-02-24 09:00:00,0.349719,0,0.349719
2016-02-24 10:00:00,0.216292,0,0.216292
2016-02-24 11:00:00,0.178371,0,0.178371
2016-02-24 12:00:00,0.117978,0,0.117978
2016-02-24 13:00:00,0.091292,0,0.091292
2016-02-24 14:00:00,0.106742,0,0.106742
2016-02-24 15:00:00,0.119382,0,0.119382
2016-02-24 16:00:00,0.157303,0.24799999999999,0.40530299999999
2016-02-24 17:00:00,0.164326,0,0.164326
2016-02-24 18:00:00,0.580056,0,0.580056
2016-02-24 19:00:00,0.244382,0,0.244382
2016-02-24 20:00:00,0.441011,0,0.441011
2016-02-24 21:00:00,0.19382,0,0.19382
2016-02-24 22:00:00,0.178371,0,0.178371
2016-02-24 23:00:00,0.105337,0,0.105337
2016-02-25 00:00:00,0.030899,0,0.030899
2016-02-25 01:00:00,0.043539,0,0.043539
2016-02-25 02:00:00,0.025281,0,0.025281
2016-02-25 03:00:00,0.026685,0,0.026685
2016-02-25 04:00:00,0.021067,0,0.021067
2016-02-25 05:00:00,0.021067,0,0.021067
2016-02-25 06:00:00,0.037921,0,0.037921
2016-02-25 07:00:00,0.150281,0,0.150281
2016-02-25 08:00:00,0.383427,0,0.383427
2016-02-25 09:00:00,0.08427,0,0.08427
2016-02-25 10:00:00,0.122191,0.001000000000033,0.123191000000033
2016-02-25 11:00:00,0.120787,0,0.120787
2016-02-25 12:00:00,0.224719,0,0.224719
2016-02-25 13:00:00,0.151685,0,0.151685
2016-02-25 14:00:00,0.089888,0,0.089888
2016-02-25 15:00:00,0.335674,0,0.335674
2016-02-25 16:00:00,0.127809,0,0.127809
2016-02-25 17:00:00,0.080056,0,0.080056
2016-02-25 18:00:00,0.273876,0,0.273876
2016-02-25 19:00:00,0.268258,0,0.268258
2016-02-25 20:00:00,0.352528,0,0.352528
2016-02-25 21:00:00,0.192416,0,0.192416
2016-02-25 22:00:00,0.202247,0,0.202247
2016-02-25 23:00:00,0.105337,0,0.105337
2016-02-26 00:00:00,0.029494,0,0.029494
2016-02-26 01:00:00,0.037921,0,0.037921
2016-02-26 02:00:00,0.023876,0,0.023876
2016-02-26 03:00:00,0.021067,0,0.021067
2016-02-26 04:00:00,0.02809,0,0.02809
2016-02-26 05:00:00,0.016854,0,0.016854
2016-02-26 06:00:00,0.105337,0,0.105337
2016-02-26 07:00:00,0.162921,1.59699999999998,1.75992099999998
2016-02-26 08:00:00,0.252809,1.80000000000001,2.05280900000001
2016-02-26 09:00:00,0.273876,1.99900000000002,2.27287600000002
2016-02-26 10:00:00,0.175562,2.012,2.187562
2016-02-26 11:00:00,0.176966,2.94099999999997,3.11796599999997
2016-02-26 12:00:00,0.205056,1.529,1.734056
2016-02-26 13:00:00,0.230337,1.87099999999998,2.10133699999998
2016-02-26 14:00:00,0.294944,0.613,0.907944
2016-02-26 15:00:00,0.25,0,0.25
2016-02-26 16:00:00,0.490169,0,0.490169
2016-02-26 17:00:00,0.116573,0,0.116573
2016-02-26 18:00:00,0.157303,0,0.157303
2016-02-26 19:00:00,0.169944,0,0.169944
2016-02-26 20:00:00,0.125,0,0.125
2016-02-26 21:00:00,0.171348,0,0.171348
2016-02-26 22:00:00,0.127809,0,0.127809
2016-02-26 23:00:00,0.05618,0,0.05618
2016-02-27 00:00:00,0.047753,0,0.047753
2016-02-27 01:00:00,0.044944,0,0.044944
2016-02-27 02:00:00,0.026685,0,0.026685
2016-02-27 03:00:00,0.025281,0,0.025281
2016-02-27 04:00:00,0.029494,0,0.029494
2016-02-27 05:00:00,0.043539,0,0.043539
2016-02-27 06:00:00,0.021067,0,0.021067
2016-02-27 07:00:00,0.18118,0,0.18118
2016-02-27 08:00:00,0.105337,0,0.105337
2016-02-27 09:00:00,0.26264,0,0.26264
2016-02-27 10:00:00,0.168539,0,0.168539
2016-02-27 11:00:00,0.116573,0,0.116573
2016-02-27 12:00:00,0.29073,0,0.29073
2016-02-27 13:00:00,0.11236,0.001000000000033,0.113360000000033
2016-02-27 14:00:00,0.13764,0,0.13764
2016-02-27 15:00:00,0.206461,0,0.206461
2016-02-27 16:00:00,0.268258,0,0.268258
2016-02-27 17:00:00,0.206461,0,0.206461
2016-02-27 18:00:00,0.129213,0,0.129213
2016-02-27 19:00:00,0.390449,0,0.390449
2016-02-27 20:00:00,0.386236,0,0.386236
2016-02-27 21:00:00,0.282303,0,0.282303
2016-02-27 22:00:00,0.22191,0,0.22191
2016-02-27 23:00:00,0.123596,0,0.123596
2016-02-28 00:00:00,0.082865,0,0.082865
2016-02-28 01:00:00,0.053371,0,0.053371
2016-02-28 02:00:00,0.037921,0,0.037921
2016-02-28 03:00:00,0.036517,0,0.036517
2016-02-28 04:00:00,0.025281,0,0.025281
2016-02-28 05:00:00,0.026685,0,0.026685
2016-02-28 06:00:00,0.025281,0,0.025281
2016-02-28 07:00:00,0.158708,0,0.158708
2016-02-28 08:00:00,0.171348,0,0.171348
2016-02-28 09:00:00,0.25,0,0.25
2016-02-28 10:00:00,0.257022,0,0.257022
2016-02-28 11:00:00,0.175562,0,0.175562
2016-02-28 12:00:00,0.18118,0,0.18118
2016-02-28 13:00:00,0.174157,0,0.174157
2016-02-28 14:00:00,0.174157,0,0.174157
2016-02-28 15:00:00,0.189607,0,0.189607
2016-02-28 16:00:00,0.345506,0,0.345506
2016-02-28 17:00:00,0.308989,0,0.308989
2016-02-28 18:00:00,0.202247,0,0.202247
2016-02-28 19:00:00,0.835674,0,0.835674
2016-02-28 20:00:00,0.488764,0,0.488764
2016-02-28 21:00:00,0.224719,0,0.224719
2016-02-28 22:00:00,0.419944,0,0.419944
2016-02-28 23:00:00,0.23736,0,0.23736
2016-02-29 00:00:00,0.109551,0,0.109551
2016-02-29 01:00:00,0.025281,0,0.025281
2016-02-29 02:00:00,0.032303,0,0.032303
2016-02-29 03:00:00,0.026685,0,0.026685
2016-02-29 04:00:00,0.032303,0,0.032303
2016-02-29 05:00:00,0.021067,0,0.021067
2016-02-29 06:00:00,0.035112,0,0.035112
2016-02-29 07:00:00,0.155899,0,0.155899
2016-02-29 08:00:00,0.303371,0.000999999999976,0.304370999999976
2016-02-29 09:00:00,0.220506,0,0.220506
2016-02-29 10:00:00,0.147472,0,0.147472
2016-02-29 11:00:00,0.179775,0,0.179775
2016-02-29 12:00:00,0.078652,0,0.078652
2016-02-29 13:00:00,0.433989,0,0.433989
2016-02-29 14:00:00,0.200843,0,0.200843
2016-02-29 15:00:00,0.192416,0,0.192416
2016-02-29 16:00:00,0.264045,0,0.264045
2016-02-29 17:00:00,0.342697,0,0.342697
2016-02-29 18:00:00,0.20927,0,0.20927
2016-02-29 19:00:00,0.462079,0,0.462079
2016-02-29 20:00:00,0.213483,0,0.213483
2016-02-29 21:00:00,0.150281,0,0.150281
2016-02-29 22:00:00,0.150281,0,0.150281
2016-02-29 23:00:00,0.125,0,0.125
2016-03-01 00:00:00,0.036517,0,0.036517
2016-03-01 01:00:00,0.036517,0,0.036517
2016-03-01 02:00:00,0.026685,0,0.026685
2016-03-01 03:00:00,0.022472,0,0.022472
2016-03-01 04:00:00,0.023876,0,0.023876
2016-03-01 05:00:00,0.019663,0,0.019663
2016-03-01 06:00:00,0.04073,0,0.04073
2016-03-01 07:00:00,0.158708,0,0.158708
2016-03-01 08:00:00,0.126404,0,0.126404
2016-03-01 09:00:00,0.160112,0,0.160112
2016-03-01 10:00:00,0.396067,0,0.396067
2016-03-01 11:00:00,0.171348,0,0.171348
2016-03-01 12:00:00,0.352528,0,0.352528
2016-03-01 13:00:00,0.147472,0,0.147472
2016-03-01 14:00:00,0.264045,0,0.264045
2016-03-01 15:00:00,0.143258,0,0.143258
2016-03-01 16:00:00,0.09691,0,0.09691
2016-03-01 17:00:00,0.043539,0,0.043539
2016-03-01 18:00:00,0.075843,0,0.075843
2016-03-01 19:00:00,0.314607,0,0.314607
2016-03-01 20:00:00,0.054775,0,0.054775
2016-03-01 21:00:00,0.110955,0,0.110955
2016-03-01 22:00:00,0.179775,0,0.179775
2016-03-01 23:00:00,0.108146,0,0.108146
2016-03-02 00:00:00,0.051966,0,0.051966
2016-03-02 01:00:00,0.05618,0,0.05618
2016-03-02 02:00:00,0.030899,0,0.030899
2016-03-02 03:00:00,0.025281,0,0.025281
2016-03-02 04:00:00,0.047753,0,0.047753
2016-03-02 05:00:00,0.022472,0,0.022472
2016-03-02 06:00:00,0.042135,0,0.042135
2016-03-02 07:00:00,0.115169,0.00200000000001,0.11716900000001
2016-03-02 08:00:00,0.401685,0,0.401685
2016-03-02 09:00:00,0.507022,0,0.507022
2016-03-02 10:00:00,0.075843,0,0.075843
2016-03-02 11:00:00,0.057584,0,0.057584
2016-03-02 12:00:00,0.103933,0,0.103933
2016-03-02 13:00:00,0.05618,0,0.05618
2016-03-02 14:00:00,0.094101,0,0.094101
2016-03-02 15:00:00,0.103933,0,0.103933
2016-03-02 16:00:00,0.265449,0,0.265449
2016-03-02 17:00:00,0.087079,0,0.087079
2016-03-02 18:00:00,0.16573,0,0.16573
2016-03-02 19:00:00,0.203652,0,0.203652
2016-03-02 20:00:00,0.15309,0,0.15309
2016-03-02 21:00:00,0.183989,0,0.183989
2016-03-02 22:00:00,0.275281,0,0.275281
2016-03-02 23:00:00,0.094101,0,0.094101
2016-03-03 00:00:00,0.039326,0,0.039326
2016-03-03 01:00:00,0.026685,0,0.026685
2016-03-03 02:00:00,0.035112,0,0.035112
2016-03-03 03:00:00,0.057584,0,0.057584
2016-03-03 04:00:00,0.05618,0,0.05618
2016-03-03 05:00:00,0.032303,0,0.032303
2016-03-03 06:00:00,0.060393,0,0.060393
2016-03-03 07:00:00,0.213483,0,0.213483
2016-03-03 08:00:00,0.150281,0,0.150281
2016-03-03 09:00:00,0.320225,0,0.320225
2016-03-03 10:00:00,0.254213,0.352000000000032,0.606213000000032
2016-03-03 11:00:00,0.161517,1.80399999999997,1.96551699999997
2016-03-03 12:00:00,0.070225,1.70600000000002,1.77622500000002
2016-03-03 13:00:00,0.176966,0.228999999999985,0.405965999999985
2016-03-03 14:00:00,0.154494,0.915999999999997,1.070494
2016-03-03 15:00:00,0.167135,0.603000000000009,0.770135000000009
2016-03-03 16:00:00,0.167135,0,0.167135
2016-03-03 17:00:00,0.115169,0,0.115169
2016-03-03 18:00:00,0.167135,0,0.167135
2016-03-03 19:00:00,0.226124,0,0.226124
2016-03-03 20:00:00,0.16573,0,0.16573
2016-03-03 21:00:00,0.40309,0,0.40309
2016-03-03 22:00:00,0.303371,0,0.303371
2016-03-03 23:00:00,0.105337,0,0.105337
2016-03-04 00:00:00,0.126404,0,0.126404
2016-03-04 01:00:00,0.037921,0,0.037921
2016-03-04 02:00:00,0.022472,0,0.022472
2016-03-04 03:00:00,0.033708,0,0.033708
2016-03-04 04:00:00,0.021067,0,0.021067
2016-03-04 05:00:00,0.025281,0,0.025281
2016-03-04 06:00:00,0.02809,0,0.02809
2016-03-04 07:00:00,0.16573,0.000999999999976,0.166729999999976
2016-03-04 08:00:00,0.182584,0,0.182584
2016-03-04 09:00:00,0.620787,0,0.620787
2016-03-04 10:00:00,0.367978,0,0.367978
2016-03-04 11:00:00,0.196629,0,0.196629
2016-03-04 12:00:00,0.300562,0,0.300562
2016-03-04 13:00:00,0.379213,0,0.379213
2016-03-04 14:00:00,0.195225,0,0.195225
2016-03-04 15:00:00,0.227528,0,0.227528
2016-03-04 16:00:00,0.248596,0,0.248596
2016-03-04 17:00:00,0.369382,0,0.369382
2016-03-04 18:00:00,0.212079,0,0.212079
2016-03-04 19:00:00,0.397472,0,0.397472
2016-03-04 20:00:00,0.410112,0,0.410112
2016-03-04 21:00:00,0.289326,0,0.289326
2016-03-04 22:00:00,0.292135,0,0.292135
2016-03-04 23:00:00,0.09691,0,0.09691
2016-03-05 00:00:00,0.09691,0,0.09691
2016-03-05 01:00:00,0.026685,0,0.026685
2016-03-05 02:00:00,0.035112,0,0.035112
2016-03-05 03:00:00,0.022472,0,0.022472
2016-03-05 04:00:00,0.02809,0,0.02809
2016-03-05 05:00:00,0.057584,0,0.057584
2016-03-05 06:00:00,0.049157,0,0.049157
2016-03-05 07:00:00,0.226124,0,0.226124
2016-03-05 08:00:00,0.254213,0,0.254213
2016-03-05 09:00:00,0.613764,0,0.613764
2016-03-05 10:00:00,0.45927,0,0.45927
2016-03-05 11:00:00,0.429775,0,0.429775
2016-03-05 12:00:00,0.296348,0.001000000000033,0.297348000000033
2016-03-05 13:00:00,0.578652,0,0.578652
2016-03-05 14:00:00,0.650281,0,0.650281
2016-03-05 15:00:00,0.5,0,0.5
2016-03-05 16:00:00,0.688202,0,0.688202
2016-03-05 17:00:00,0.476124,0,0.476124
2016-03-05 18:00:00,0.529494,0,0.529494
2016-03-05 19:00:00,0.433989,0.00200000000001,0.43598900000001
2016-03-05 20:00:00,0.44382,0,0.44382
2016-03-05 21:00:00,0.418539,0,0.418539
2016-03-05 22:00:00,0.338483,0,0.338483
2016-03-05 23:00:00,0.115169,0,0.115169
2016-03-06 00:00:00,0.130618,0,0.130618
2016-03-06 01:00:00,0.109551,0,0.109551
2016-03-06 02:00:00,0.115169,0,0.115169
2016-03-06 03:00:00,0.085674,0,0.085674
2016-03-06 04:00:00,0.054775,0,0.054775
2016-03-06 05:00:00,0.073034,0,0.073034
2016-03-06 06:00:00,0.203652,0,0.203652
2016-03-06 07:00:00,0.235955,1.43199999999996,1.66795499999996
2016-03-06 08:00:00,0.268258,1.26300000000003,1.53125800000003
2016-03-06 09:00:00,0.654494,0,0.654494
2016-03-06 10:00:00,0.494382,0.967999999999961,1.46238199999996
2016-03-06 11:00:00,0.390449,0.775000000000034,1.16544900000003
2016-03-06 12:00:00,0.26264,0.000999999999976,0.263639999999976
2016-03-06 13:00:00,0.273876,0.001000000000033,0.274876000000033
2016-03-06 14:00:00,0.15309,0.635999999999967,0.789089999999967
2016-03-06 15:00:00,0.191011,2.16899999999998,2.36001099999998
2016-03-06 16:00:00,0.38764,1.81600000000003,2.20364000000003
2016-03-06 17:00:00,0.30618,0.228999999999985,0.535179999999985
2016-03-06 18:00:00,0.196629,0,0.196629
2016-03-06 19:00:00,0.48736,0,0.48736
2016-03-06 20:00:00,0.26264,0,0.26264
2016-03-06 21:00:00,0.205056,0,0.205056
2016-03-06 22:00:00,0.199438,0,0.199438
2016-03-06 23:00:00,0.276685,0,0.276685
2016-03-07 00:00:00,0.043539,0,0.043539
2016-03-07 01:00:00,0.030899,0,0.030899
2016-03-07 02:00:00,0.030899,0,0.030899
2016-03-07 03:00:00,0.023876,0,0.023876
2016-03-07 04:00:00,0.023876,0,0.023876
2016-03-07 05:00:00,0.021067,0,0.021067
2016-03-07 06:00:00,0.05618,0,0.05618
2016-03-07 07:00:00,0.195225,1.41399999999999,1.60922499999999
2016-03-07 08:00:00,0.529494,1.904,2.433494
2016-03-07 09:00:00,0.421348,1.81,2.231348
2016-03-07 10:00:00,0.41573,2.11800000000005,2.53373000000005
2016-03-07 11:00:00,0.397472,1.90799999999996,2.30547199999996
2016-03-07 12:00:00,0.283708,0.824999999999989,1.10870799999999
2016-03-07 13:00:00,0.38764,0.057000000000016,0.444640000000016
2016-03-07 14:00:00,0.228933,0,0.228933
2016-03-07 15:00:00,0.214888,0.001000000000033,0.215888000000033
2016-03-07 16:00:00,0.265449,0,0.265449
2016-03-07 17:00:00,0.417135,0,0.417135
2016-03-07 18:00:00,0.238764,0,0.238764
2016-03-07 19:00:00,0.292135,0,0.292135
2016-03-07 20:00:00,0.273876,0,0.273876
2016-03-07 21:00:00,0.297753,0,0.297753
2016-03-07 22:00:00,0.216292,0,0.216292
2016-03-07 23:00:00,0.139045,0,0.139045
2016-03-08 00:00:00,0.064607,0,0.064607
2016-03-08 01:00:00,0.025281,0,0.025281
2016-03-08 02:00:00,0.026685,0,0.026685
2016-03-08 03:00:00,0.035112,0,0.035112
2016-03-08 04:00:00,0.037921,0,0.037921
2016-03-08 05:00:00,0.026685,0,0.026685
2016-03-08 06:00:00,0.087079,0,0.087079
2016-03-08 07:00:00,0.27809,0.391999999999996,0.670089999999996
2016-03-08 08:00:00,0.400281,0,0.400281
2016-03-08 09:00:00,0.448034,0.000999999999976,0.449033999999976
2016-03-08 10:00:00,0.463483,0.000999999999976,0.464482999999976
2016-03-08 11:00:00,0.287921,0,0.287921
2016-03-08 12:00:00,0.337079,0,0.337079
2016-03-08 13:00:00,0.264045,0,0.264045
2016-03-08 14:00:00,0.393258,0.001000000000033,0.394258000000033
2016-03-08 15:00:00,0.233146,0,0.233146
2016-03-08 16:00:00,0.227528,0,0.227528
2016-03-08 17:00:00,0.245787,0,0.245787
2016-03-08 18:00:00,0.230337,0,0.230337
2016-03-08 19:00:00,0.44382,0,0.44382
2016-03-08 20:00:00,0.36236,0,0.36236
2016-03-08 21:00:00,0.268258,0,0.268258
2016-03-08 22:00:00,0.257022,0,0.257022
2016-03-08 23:00:00,0.140449,0,0.140449
2016-03-09 00:00:00,0.04073,0,0.04073
2016-03-09 01:00:00,0.026685,0,0.026685
2016-03-09 02:00:00,0.037921,0,0.037921
2016-03-09 03:00:00,0.019663,0,0.019663
2016-03-09 04:00:00,0.046348,0,0.046348
2016-03-09 05:00:00,0.063202,0,0.063202
2016-03-09 06:00:00,0.089888,0,0.089888
2016-03-09 07:00:00,0.179775,0,0.179775
2016-03-09 08:00:00,0.224719,0,0.224719
2016-03-09 09:00:00,0.424157,0,0.424157
2016-03-09 10:00:00,0.508427,0,0.508427
2016-03-09 11:00:00,0.429775,0.00200000000001,0.43177500000001
2016-03-09 12:00:00,0.398876,0.00200000000001,0.40087600000001
2016-03-09 13:00:00,0.231742,0.146999999999991,0.378741999999991
2016-03-09 14:00:00,0.275281,2.86699999999996,3.14228099999996
2016-03-09 15:00:00,0.266854,1.37700000000001,1.64385400000001
2016-03-09 16:00:00,0.223315,0.639999999999986,0.863314999999986
2016-03-09 17:00:00,0.353933,0.158000000000015,0.511933000000015
2016-03-09 18:00:00,0.501404,0,0.501404
2016-03-09 19:00:00,0.478933,0,0.478933
2016-03-09 20:00:00,0.561798,0,0.561798
2016-03-09 21:00:00,0.337079,0,0.337079
2016-03-09 22:00:00,0.307584,0,0.307584
2016-03-09 23:00:00,0.164326,0,0.164326
2016-03-10 00:00:00,0.106742,0,0.106742
2016-03-10 01:00:00,0.039326,0,0.039326
2016-03-10 02:00:00,0.02809,0,0.02809
2016-03-10 03:00:00,0.023876,0,0.023876
2016-03-10 04:00:00,0.037921,0,0.037921
2016-03-10 05:00:00,0.02809,0,0.02809
2016-03-10 06:00:00,0.032303,0,0.032303
2016-03-10 07:00:00,0.25,0,0.25
2016-03-10 08:00:00,0.189607,0,0.189607
2016-03-10 09:00:00,0.216292,0.001000000000033,0.217292000000033
2016-03-10 10:00:00,0.65309,0,0.65309
2016-03-10 11:00:00,0.425562,0,0.425562
2016-03-10 12:00:00,0.223315,1.56,1.783315
2016-03-10 13:00:00,0.213483,0.433999999999969,0.647482999999969
2016-03-10 14:00:00,0.196629,0.001000000000033,0.197629000000033
2016-03-10 15:00:00,0.214888,0,0.214888
2016-03-10 16:00:00,0.216292,0,0.216292
2016-03-10 17:00:00,0.19382,0,0.19382
2016-03-10 18:00:00,0.230337,0,0.230337
2016-03-10 19:00:00,0.252809,0,0.252809
2016-03-10 20:00:00,0.462079,0,0.462079
2016-03-10 21:00:00,0.294944,0,0.294944
2016-03-10 22:00:00,0.25,0,0.25
2016-03-10 23:00:00,0.183989,0,0.183989
2016-03-11 00:00:00,0.132022,0,0.132022
2016-03-11 01:00:00,0.030899,0,0.030899
2016-03-11 02:00:00,0.060393,0,0.060393
2016-03-11 03:00:00,0.046348,0,0.046348
2016-03-11 04:00:00,0.033708,0,0.033708
2016-03-11 05:00:00,0.073034,0,0.073034
2016-03-11 06:00:00,0.042135,0,0.042135
2016-03-11 07:00:00,0.203652,0,0.203652
2016-03-11 08:00:00,0.40309,0,0.40309
2016-03-11 09:00:00,0.383427,1.35699999999997,1.74042699999997
2016-03-11 10:00:00,0.25,1.40300000000002,1.65300000000002
2016-03-11 11:00:00,0.363764,0.290999999999997,0.654763999999997
2016-03-11 12:00:00,0.516854,0,0.516854
2016-03-11 13:00:00,0.186798,0,0.186798
2016-03-11 14:00:00,0.205056,0,0.205056
2016-03-11 15:00:00,0.199438,0,0.199438
2016-03-11 16:00:00,0.294944,0,0.294944
2016-03-11 17:00:00,0.248596,0,0.248596
2016-03-11 18:00:00,0.213483,0,0.213483
2016-03-11 19:00:00,0.287921,0,0.287921
2016-03-11 20:00:00,0.245787,0,0.245787
2016-03-11 21:00:00,0.230337,0,0.230337
2016-03-11 22:00:00,0.271067,0,0.271067
2016-03-11 23:00:00,0.071629,0,0.071629
2016-03-12 00:00:00,0.077247,0,0.077247
2016-03-12 01:00:00,0.037921,0,0.037921
2016-03-12 02:00:00,0.025281,0,0.025281
2016-03-12 03:00:00,0.021067,0,0.021067
2016-03-12 04:00:00,0.029494,0,0.029494
2016-03-12 05:00:00,0.022472,0,0.022472
2016-03-12 06:00:00,0.11236,0,0.11236
2016-03-12 07:00:00,0.223315,0,0.223315
2016-03-12 08:00:00,0.199438,0,0.199438
2016-03-12 09:00:00,0.65309,0,0.65309
2016-03-12 10:00:00,0.450843,0,0.450843
2016-03-12 11:00:00,0.425562,0,0.425562
2016-03-12 12:00:00,0.577247,0,0.577247
2016-03-12 13:00:00,0.467697,0,0.467697
2016-03-12 14:00:00,0.370787,0,0.370787
2016-03-12 15:00:00,0.351124,0,0.351124
2016-03-12 16:00:00,0.29073,0,0.29073
2016-03-12 17:00:00,0.582865,0,0.582865
2016-03-12 18:00:00,0.355337,0,0.355337
2016-03-12 19:00:00,0.331461,0,0.331461
2016-03-12 20:00:00,0.549157,0,0.549157
2016-03-12 21:00:00,0.258427,0,0.258427
2016-03-12 22:00:00,0.195225,0,0.195225
2016-03-12 23:00:00,0.103933,0,0.103933
2016-03-13 00:00:00,0.067416,0,0.067416
2016-03-13 01:00:00,0.033708,0,0.033708
2016-03-13 02:00:00,0.033708,0,0.033708
2016-03-13 03:00:00,0.023876,0,0.023876
2016-03-13 04:00:00,0.023876,0,0.023876
2016-03-13 05:00:00,0.078652,0,0.078652
2016-03-13 06:00:00,0.039326,0,0.039326
2016-03-13 07:00:00,0.176966,0,0.176966
2016-03-13 08:00:00,0.200843,0,0.200843
2016-03-13 09:00:00,0.151685,0,0.151685
2016-03-13 10:00:00,0.428371,1.53800000000001,1.96637100000001
2016-03-13 11:00:00,0.418539,1.16999999999996,1.58853899999996
2016-03-13 12:00:00,0.299157,0.180000000000007,0.479157000000007
2016-03-13 13:00:00,0.41573,0.001000000000033,0.416730000000033
2016-03-13 14:00:00,0.492978,0,0.492978
2016-03-13 15:00:00,0.536517,0,0.536517
2016-03-13 16:00:00,0.523876,0,0.523876
2016-03-13 17:00:00,0.200843,0,0.200843
2016-03-13 18:00:00,0.191011,0,0.191011
2016-03-13 19:00:00,0.241573,0,0.241573
2016-03-13 20:00:00,0.561798,0,0.561798
2016-03-13 21:00:00,0.47191,0,0.47191
2016-03-13 22:00:00,0.125,0,0.125
2016-03-13 23:00:00,0.113764,0,0.113764
2016-03-14 00:00:00,0.042135,0,0.042135
2016-03-14 01:00:00,0.035112,0,0.035112
2016-03-14 02:00:00,0.02809,0,0.02809
2016-03-14 03:00:00,0.019663,0,0.019663
2016-03-14 04:00:00,0.035112,0,0.035112
2016-03-14 05:00:00,0.021067,0,0.021067
2016-03-14 06:00:00,0.051966,0,0.051966
2016-03-14 07:00:00,0.188202,0.000999999999976,0.189201999999976
2016-03-14 08:00:00,0.178371,0,0.178371
2016-03-14 09:00:00,0.532303,0,0.532303
2016-03-14 10:00:00,0.178371,0,0.178371
2016-03-14 11:00:00,0.160112,0,0.160112
2016-03-14 12:00:00,0.171348,0,0.171348
2016-03-14 13:00:00,0.18118,0,0.18118
2016-03-14 14:00:00,0.174157,0,0.174157
2016-03-14 15:00:00,0.151685,0.000999999999976,0.152684999999976
2016-03-14 16:00:00,0.162921,0.001000000000033,0.163921000000033
2016-03-14 17:00:00,0.398876,0,0.398876
2016-03-14 18:00:00,0.389045,0,0.389045
2016-03-14 19:00:00,0.330056,0,0.330056
2016-03-14 20:00:00,0.323034,0,0.323034
2016-03-14 21:00:00,0.259831,0,0.259831
2016-03-14 22:00:00,0.213483,0,0.213483
2016-03-14 23:00:00,0.161517,0,0.161517
2016-03-15 00:00:00,0.098315,0,0.098315
2016-03-15 01:00:00,0.115169,0,0.115169
2016-03-15 02:00:00,0.044944,0,0.044944
2016-03-15 03:00:00,0.105337,0,0.105337
2016-03-15 04:00:00,0.05618,0,0.05618
2016-03-15 05:00:00,0.078652,0,0.078652
2016-03-15 06:00:00,0.089888,0,0.089888
2016-03-15 07:00:00,0.240169,0,0.240169
2016-03-15 08:00:00,0.240169,0,0.240169
2016-03-15 09:00:00,0.380618,0,0.380618
2016-03-15 10:00:00,0.169944,0,0.169944
2016-03-15 11:00:00,0.355337,0,0.355337
2016-03-15 12:00:00,0.338483,0,0.338483
2016-03-15 13:00:00,0.296348,0,0.296348
2016-03-15 14:00:00,0.474719,0,0.474719
2016-03-15 15:00:00,0.160112,0,0.160112
2016-03-15 16:00:00,0.307584,0.326999999999998,0.634583999999998
2016-03-15 17:00:00,0.279494,1.12599999999998,1.40549399999998
2016-03-15 18:00:00,0.226124,0.329000000000008,0.555124000000008
2016-03-15 19:00:00,0.377809,0,0.377809
2016-03-15 20:00:00,0.261236,0,0.261236
2016-03-15 21:00:00,0.276685,0,0.276685
2016-03-15 22:00:00,0.301966,0,0.301966
2016-03-15 23:00:00,0.205056,0,0.205056
2016-03-16 00:00:00,0.116573,0,0.116573
2016-03-16 01:00:00,0.102528,0,0.102528
2016-03-16 02:00:00,0.051966,0,0.051966
2016-03-16 03:00:00,0.09691,0,0.09691
2016-03-16 04:00:00,0.063202,0,0.063202
2016-03-16 05:00:00,0.067416,0,0.067416
2016-03-16 06:00:00,0.06882,0,0.06882
2016-03-16 07:00:00,0.473315,0.834000000000003,1.307315
2016-03-16 08:00:00,0.419944,1.815,2.234944
2016-03-16 09:00:00,0.207865,2.39600000000001,2.60386500000001
2016-03-16 10:00:00,0.195225,2.53199999999998,2.72722499999998
2016-03-16 11:00:00,0.182584,1.98900000000003,2.17158400000003
2016-03-16 12:00:00,0.279494,0.448999999999955,0.728493999999955
2016-03-16 13:00:00,0.19382,0,0.19382
2016-03-16 14:00:00,0.293539,0.001000000000033,0.294539000000033
2016-03-16 15:00:00,0.169944,0,0.169944
2016-03-16 16:00:00,0.188202,0,0.188202
2016-03-16 17:00:00,0.452247,0,0.452247
2016-03-16 18:00:00,0.448034,0,0.448034
2016-03-16 19:00:00,0.220506,0,0.220506
2016-03-16 20:00:00,0.320225,0,0.320225
2016-03-16 21:00:00,0.233146,0,0.233146
2016-03-16 22:00:00,0.29073,0,0.29073
2016-03-16 23:00:00,0.11236,0,0.11236
2016-03-17 00:00:00,0.099719,0,0.099719
2016-03-17 01:00:00,0.046348,0,0.046348
2016-03-17 02:00:00,0.032303,0,0.032303
2016-03-17 03:00:00,0.021067,0,0.021067
2016-03-17 04:00:00,0.033708,0,0.033708
2016-03-17 05:00:00,0.022472,0,0.022472
2016-03-17 06:00:00,0.088483,0,0.088483
2016-03-17 07:00:00,0.186798,0,0.186798
2016-03-17 08:00:00,0.335674,0.692000000000007,1.02767400000001
2016-03-17 09:00:00,0.376404,1.72899999999999,2.10540399999999
2016-03-17 10:00:00,0.174157,2.56099999999998,2.73515699999998
2016-03-17 11:00:00,0.15309,1.13300000000004,1.28609000000004
2016-03-17 12:00:00,0.15309,0.383999999999958,0.537089999999958
2016-03-17 13:00:00,0.085674,0.00200000000001,0.08767400000001
2016-03-17 14:00:00,0.080056,0.00200000000001,0.08205600000001
2016-03-17 15:00:00,0.102528,0,0.102528
2016-03-17 16:00:00,0.092697,0,0.092697
2016-03-17 17:00:00,0.080056,0,0.080056
2016-03-17 18:00:00,0.127809,0,0.127809
2016-03-17 19:00:00,0.189607,0,0.189607
2016-03-17 20:00:00,0.20927,0,0.20927
2016-03-17 21:00:00,0.233146,0,0.233146
2016-03-17 22:00:00,0.199438,0,0.199438
2016-03-17 23:00:00,0.119382,0,0.119382
2016-03-18 00:00:00,0.039326,0,0.039326
2016-03-18 01:00:00,0.029494,0,0.029494
2016-03-18 02:00:00,0.026685,0,0.026685
2016-03-18 03:00:00,0.037921,0,0.037921
2016-03-18 04:00:00,0.026685,0,0.026685
2016-03-18 05:00:00,0.032303,0,0.032303
2016-03-18 06:00:00,0.139045,0,0.139045
2016-03-18 07:00:00,0.151685,0,0.151685
2016-03-18 08:00:00,0.317416,0,0.317416
2016-03-18 09:00:00,0.330056,0.000999999999976,0.331055999999976
2016-03-18 10:00:00,0.106742,0.001000000000033,0.107742000000033
2016-03-18 11:00:00,0.327247,1.76499999999999,2.09224699999999
2016-03-18 12:00:00,0.136236,0.439000000000021,0.575236000000021
2016-03-18 13:00:00,0.151685,1.44200000000001,1.59368500000001
2016-03-18 14:00:00,0.061798,0.017999999999972,0.079797999999972
2016-03-18 15:00:00,0.098315,0,0.098315
2016-03-18 16:00:00,0.102528,0,0.102528
2016-03-18 17:00:00,0.095506,0,0.095506
2016-03-18 18:00:00,0.102528,0,0.102528
2016-03-18 19:00:00,0.133427,0,0.133427
2016-03-18 20:00:00,0.226124,0,0.226124
2016-03-18 21:00:00,0.106742,0,0.106742
2016-03-18 22:00:00,0.161517,0,0.161517
2016-03-18 23:00:00,0.061798,0,0.061798
2016-03-19 00:00:00,0.02809,0,0.02809
2016-03-19 01:00:00,0.043539,0,0.043539
2016-03-19 02:00:00,0.02809,0,0.02809
2016-03-19 03:00:00,0.043539,0,0.043539
2016-03-19 04:00:00,0.023876,0,0.023876
2016-03-19 05:00:00,0.026685,0,0.026685
2016-03-19 06:00:00,0.025281,0,0.025281
2016-03-19 07:00:00,0.057584,0,0.057584
2016-03-19 08:00:00,0.05618,0,0.05618
2016-03-19 09:00:00,0.098315,0.982000000000028,1.08031500000003
2016-03-19 10:00:00,0.217697,0,0.217697
2016-03-19 11:00:00,0.109551,0,0.109551
2016-03-19 12:00:00,0.269663,0,0.269663
2016-03-19 13:00:00,0.141854,2.14599999999996,2.28785399999996
2016-03-19 14:00:00,0.207865,2.90000000000003,3.10786500000003
2016-03-19 15:00:00,0.210674,2.197,2.407674
2016-03-19 16:00:00,0.046348,0.302999999999997,0.349347999999997
2016-03-19 17:00:00,0.148876,0,0.148876
2016-03-19 18:00:00,0.053371,0,0.053371
2016-03-19 19:00:00,0.335674,0,0.335674
2016-03-19 20:00:00,0.29073,0,0.29073
2016-03-19 21:00:00,0.203652,0,0.203652
2016-03-19 22:00:00,0.126404,0,0.126404
2016-03-19 23:00:00,0.109551,0,0.109551
2016-03-20 00:00:00,0.06882,0,0.06882
2016-03-20 01:00:00,0.02809,0,0.02809
2016-03-20 02:00:00,0.02809,0,0.02809
2016-03-20 03:00:00,0.030899,0,0.030899
2016-03-20 04:00:00,0.026685,0,0.026685
2016-03-20 05:00:00,0.039326,0,0.039326
2016-03-20 06:00:00,0.02809,0,0.02809
2016-03-20 07:00:00,0.067416,0,0.067416
2016-03-20 08:00:00,0.043539,0,0.043539
2016-03-20 09:00:00,0.057584,0,0.057584
2016-03-20 10:00:00,0.06882,0.616999999999962,0.685819999999962
2016-03-20 11:00:00,0.06882,1.63800000000003,1.70682000000003
2016-03-20 12:00:00,0.154494,2.27600000000001,2.43049400000001
2016-03-20 13:00:00,0.18118,0.956999999999994,1.13817999999999
2016-03-20 14:00:00,0.113764,0.130999999999972,0.244763999999972
2016-03-20 15:00:00,0.106742,0,0.106742
2016-03-20 16:00:00,0.067416,0,0.067416
2016-03-20 17:00:00,0.120787,0,0.120787
2016-03-20 18:00:00,0.172753,0,0.172753
2016-03-20 19:00:00,0.261236,0,0.261236
2016-03-20 20:00:00,0.144663,0,0.144663
2016-03-20 21:00:00,0.150281,0,0.150281
2016-03-20 22:00:00,0.122191,0,0.122191
2016-03-20 23:00:00,0.132022,0,0.132022
2016-03-21 00:00:00,0.070225,0,0.070225
2016-03-21 01:00:00,0.02809,0,0.02809
2016-03-21 02:00:00,0.037921,0,0.037921
2016-03-21 03:00:00,0.021067,0,0.021067
2016-03-21 04:00:00,0.032303,0,0.032303
2016-03-21 05:00:00,0.025281,0,0.025281
2016-03-21 06:00:00,0.155899,0,0.155899
2016-03-21 07:00:00,0.088483,0,0.088483
2016-03-21 08:00:00,0.058989,0,0.058989
2016-03-21 09:00:00,0.043539,0,0.043539
2016-03-21 10:00:00,0.075843,0,0.075843
2016-03-21 11:00:00,0.046348,0,0.046348
2016-03-21 12:00:00,0.132022,0,0.132022
2016-03-21 13:00:00,0.094101,0,0.094101
2016-03-21 14:00:00,0.060393,0,0.060393
2016-03-21 15:00:00,0.075843,0,0.075843
2016-03-21 16:00:00,0.213483,0,0.213483
2016-03-21 17:00:00,0.23736,0,0.23736
2016-03-21 18:00:00,0.174157,0,0.174157
2016-03-21 19:00:00,0.136236,0,0.136236
2016-03-21 20:00:00,0.178371,0,0.178371
2016-03-21 21:00:00,0.150281,0,0.150281
2016-03-21 22:00:00,0.106742,0,0.106742
2016-03-21 23:00:00,0.103933,0,0.103933
2016-03-22 00:00:00,0.047753,0,0.047753
2016-03-22 01:00:00,0.035112,0,0.035112
2016-03-22 02:00:00,0.035112,0,0.035112
2016-03-22 03:00:00,0.026685,0,0.026685
2016-03-22 04:00:00,0.036517,0,0.036517
2016-03-22 05:00:00,0.019663,0,0.019663
2016-03-22 06:00:00,0.167135,0,0.167135
2016-03-22 07:00:00,0.053371,0,0.053371
2016-03-22 08:00:00,0.054775,0,0.054775
2016-03-22 09:00:00,0.071629,0,0.071629
2016-03-22 10:00:00,0.044944,0,0.044944
2016-03-22 11:00:00,0.051966,0,0.051966
2016-03-22 12:00:00,0.077247,0,0.077247
2016-03-22 13:00:00,0.078652,0.00200000000001,0.08065200000001
2016-03-22 14:00:00,0.015449,0,0.015449
2016-03-22 15:00:00,0.060393,0,0.060393
2016-03-22 16:00:00,0.073034,0,0.073034
2016-03-22 17:00:00,0.126404,0,0.126404
2016-03-22 18:00:00,0.146067,0,0.146067
2016-03-22 19:00:00,0.134831,0,0.134831
2016-03-22 20:00:00,0.158708,0,0.158708
2016-03-22 21:00:00,0.136236,0,0.136236
2016-03-22 22:00:00,0.130618,0,0.130618
2016-03-22 23:00:00,0.05618,0,0.05618
2016-03-23 00:00:00,0.030899,0,0.030899
2016-03-23 01:00:00,0.029494,0,0.029494
2016-03-23 02:00:00,0.04073,0,0.04073
2016-03-23 03:00:00,0.026685,0,0.026685
2016-03-23 04:00:00,0.022472,0,0.022472
2016-03-23 05:00:00,0.02809,0,0.02809
2016-03-23 06:00:00,0.095506,0,0.095506
2016-03-23 07:00:00,0.082865,0,0.082865
2016-03-23 08:00:00,0.080056,0,0.080056
2016-03-23 09:00:00,0.066011,0.000999999999976,0.067010999999976
2016-03-23 10:00:00,0.061798,0,0.061798
2016-03-23 11:00:00,0.050562,0,0.050562
2016-03-23 12:00:00,0.049157,0,0.049157
2016-03-23 13:00:00,0.051966,0,0.051966
2016-03-23 14:00:00,0.04073,1.28500000000003,1.32573000000003
2016-03-23 15:00:00,0.05618,1.54399999999998,1.60017999999998
2016-03-23 16:00:00,0.044944,0.001000000000033,0.045944000000033
2016-03-23 17:00:00,0.044944,0,0.044944
2016-03-23 18:00:00,0.08427,0,0.08427
2016-03-23 19:00:00,0.075843,0,0.075843
2016-03-23 20:00:00,0.082865,0,0.082865
2016-03-23 21:00:00,0.098315,0,0.098315
2016-03-23 22:00:00,0.077247,0,0.077247
2016-03-23 23:00:00,0.098315,0,0.098315
2016-03-24 00:00:00,0.039326,0,0.039326
2016-03-24 01:00:00,0.042135,0,0.042135
2016-03-24 02:00:00,0.033708,0,0.033708
2016-03-24 03:00:00,0.023876,0,0.023876
2016-03-24 04:00:00,0.019663,0,0.019663
2016-03-24 05:00:00,0.021067,0,0.021067
2016-03-24 06:00:00,0.02809,0,0.02809
2016-03-24 07:00:00,0.061798,0,0.061798
2016-03-24 08:00:00,0.067416,0,0.067416
2016-03-24 09:00:00,0.054775,0.000999999999976,0.055774999999976
2016-03-24 10:00:00,0.064607,0,0.064607
2016-03-24 11:00:00,0.044944,0.401999999999987,0.446943999999987
2016-03-24 12:00:00,0.035112,1.35200000000003,1.38711200000003
2016-03-24 13:00:00,0.087079,0.185999999999979,0.273078999999979
2016-03-24 14:00:00,0.047753,0,0.047753
2016-03-24 15:00:00,0.044944,1.53700000000003,1.58194400000003
2016-03-24 16:00:00,0.043539,0.000999999999976,0.044538999999976
2016-03-24 17:00:00,0.043539,0,0.043539
2016-03-24 18:00:00,0.035112,0,0.035112
2016-03-24 19:00:00,0.057584,0,0.057584
2016-03-24 20:00:00,0.061798,0,0.061798
2016-03-24 21:00:00,0.103933,0,0.103933
2016-03-24 22:00:00,0.103933,0,0.103933
2016-03-24 23:00:00,0.075843,0,0.075843
2016-03-25 00:00:00,0.058989,0,0.058989
2016-03-25 01:00:00,0.043539,0,0.043539
2016-03-25 02:00:00,0.030899,0,0.030899
2016-03-25 03:00:00,0.030899,0,0.030899
2016-03-25 04:00:00,0.023876,0,0.023876
2016-03-25 05:00:00,0.022472,0,0.022472
2016-03-25 06:00:00,0.023876,0,0.023876
2016-03-25 07:00:00,0.105337,0,0.105337
2016-03-25 08:00:00,0.064607,0,0.064607
2016-03-25 09:00:00,0.304775,0,0.304775
2016-03-25 10:00:00,0.077247,0,0.077247
2016-03-25 11:00:00,0.094101,0,0.094101
2016-03-25 12:00:00,0.234551,0,0.234551
2016-03-25 13:00:00,0.092697,0,0.092697
2016-03-25 14:00:00,0.214888,0,0.214888
2016-03-25 15:00:00,0.064607,0,0.064607
2016-03-25 16:00:00,0.077247,0,0.077247
2016-03-25 17:00:00,0.047753,0,0.047753
2016-03-25 18:00:00,0.029494,0,0.029494
2016-03-25 19:00:00,0.098315,0,0.098315
2016-03-25 20:00:00,0.098315,0,0.098315
2016-03-25 21:00:00,0.080056,0,0.080056
2016-03-25 22:00:00,0.125,0,0.125
2016-03-25 23:00:00,0.09691,0,0.09691
2016-03-26 00:00:00,0.057584,0,0.057584
2016-03-26 01:00:00,0.050562,0,0.050562
2016-03-26 02:00:00,0.026685,0,0.026685
2016-03-26 03:00:00,0.032303,0,0.032303
2016-03-26 04:00:00,0.033708,0,0.033708
2016-03-26 05:00:00,0.021067,0,0.021067
2016-03-26 06:00:00,0.033708,0,0.033708
2016-03-26 07:00:00,0.043539,0,0.043539
2016-03-26 08:00:00,0.036517,0.000999999999976,0.037516999999976
2016-03-26 09:00:00,0.051966,0.30800000000005,0.35996600000005
2016-03-26 10:00:00,0.075843,3.10499999999996,3.18084299999996
2016-03-26 11:00:00,0.099719,1.96300000000002,2.06271900000002
2016-03-26 12:00:00,0.089888,0.778999999999996,0.868887999999996
2016-03-26 13:00:00,0.063202,0.005999999999972,0.069201999999972
2016-03-26 14:00:00,0.033708,0.00200000000001,0.03570800000001
2016-03-26 15:00:00,0.036517,0,0.036517
2016-03-26 16:00:00,0.171348,0,0.171348
2016-03-26 17:00:00,0.134831,0,0.134831
2016-03-26 18:00:00,0.102528,0,0.102528
2016-03-26 19:00:00,0.101124,0,0.101124
2016-03-26 20:00:00,0.117978,0,0.117978
2016-03-26 21:00:00,0.140449,0,0.140449
2016-03-26 22:00:00,0.182584,0,0.182584
2016-03-26 23:00:00,0.175562,0,0.175562
2016-03-27 00:00:00,0.106742,0,0.106742
2016-03-27 01:00:00,0.078652,0,0.078652
2016-03-27 02:00:00,0.033708,0,0.033708
2016-03-27 03:00:00,0.029494,0,0.029494
2016-03-27 04:00:00,0.023876,0,0.023876
2016-03-27 05:00:00,0.022472,0,0.022472
2016-03-27 06:00:00,0.025281,0,0.025281
2016-03-27 07:00:00,0.085674,0,0.085674
2016-03-27 08:00:00,0.129213,0,0.129213
2016-03-27 09:00:00,0.171348,0,0.171348
2016-03-27 10:00:00,0.338483,0,0.338483
2016-03-27 11:00:00,0.23736,0,0.23736
2016-03-27 12:00:00,0.233146,0,0.233146
2016-03-27 13:00:00,0.147472,0,0.147472
2016-03-27 14:00:00,0.140449,0,0.140449
2016-03-27 15:00:00,0.161517,0,0.161517
2016-03-27 16:00:00,0.189607,0,0.189607
2016-03-27 17:00:00,0.317416,0,0.317416
2016-03-27 18:00:00,0.150281,0,0.150281
2016-03-27 19:00:00,0.11236,0,0.11236
2016-03-27 20:00:00,0.158708,0,0.158708
2016-03-27 21:00:00,0.125,0,0.125
2016-03-27 22:00:00,0.144663,0,0.144663
2016-03-27 23:00:00,0.216292,0,0.216292
2016-03-28 00:00:00,0.106742,0,0.106742
2016-03-28 01:00:00,0.078652,0,0.078652
2016-03-28 02:00:00,0.033708,0,0.033708
2016-03-28 03:00:00,0.029494,0,0.029494
2016-03-28 04:00:00,0.023876,0,0.023876
2016-03-28 05:00:00,0.022472,0,0.022472
2016-03-28 06:00:00,0.025281,0.706000000000017,0.731281000000017
2016-03-28 07:00:00,0.085674,0.572000000000003,0.657674000000003
2016-03-28 08:00:00,0.129213,0,0.129213
2016-03-28 09:00:00,0.171348,0,0.171348
2016-03-28 10:00:00,0.338483,0,0.338483
2016-03-28 11:00:00,0.23736,0,0.23736
2016-03-28 12:00:00,0.233146,0,0.233146
2016-03-28 13:00:00,0.147472,0,0.147472
2016-03-28 14:00:00,0.140449,0.000999999999976,0.141448999999976
2016-03-28 15:00:00,0.161517,0.001000000000033,0.162517000000033
2016-03-28 16:00:00,0.189607,0.092999999999961,0.282606999999961
2016-03-28 17:00:00,0.317416,0.696000000000026,1.01341600000003
2016-03-28 18:00:00,0.150281,0,0.150281
2016-03-28 19:00:00,0.11236,0,0.11236
2016-03-28 20:00:00,0.158708,0,0.158708
2016-03-28 21:00:00,0.125,0,0.125
2016-03-28 22:00:00,0.144663,0,0.144663
2016-03-28 23:00:00,0.216292,0,0.216292
2016-03-29 00:00:00,0.058989,0,0.058989
2016-03-29 01:00:00,0.074438,0,0.074438
2016-03-29 02:00:00,0.037921,0,0.037921
2016-03-29 03:00:00,0.025281,0,0.025281
2016-03-29 04:00:00,0.022472,0,0.022472
2016-03-29 05:00:00,0.021067,0,0.021067
2016-03-29 06:00:00,0.026685,0,0.026685
2016-03-29 07:00:00,0.058989,0.807000000000016,0.865989000000016
2016-03-29 08:00:00,0.054775,2.125,2.179775
2016-03-29 09:00:00,0.046348,1.31599999999997,1.36234799999997
2016-03-29 10:00:00,0.283708,2.88600000000002,3.16970800000002
2016-03-29 11:00:00,0.044944,2.67099999999999,2.71594399999999
2016-03-29 12:00:00,0.091292,1.02299999999997,1.11429199999997
2016-03-29 13:00:00,0.08427,0.026000000000011,0.110270000000011
2016-03-29 14:00:00,0.144663,0.001000000000033,0.145663000000033
2016-03-29 15:00:00,0.070225,0,0.070225
2016-03-29 16:00:00,0.071629,0,0.071629
2016-03-29 17:00:00,0.029494,0,0.029494
2016-03-29 18:00:00,0.054775,0,0.054775
2016-03-29 19:00:00,0.071629,0,0.071629
2016-03-29 20:00:00,0.095506,0,0.095506
2016-03-29 21:00:00,0.109551,0,0.109551
2016-03-29 22:00:00,0.109551,0,0.109551
2016-03-29 23:00:00,0.13764,0,0.13764
2016-03-30 00:00:00,0.06882,0,0.06882
2016-03-30 01:00:00,0.05618,0,0.05618
2016-03-30 02:00:00,0.035112,0,0.035112
2016-03-30 03:00:00,0.039326,0,0.039326
2016-03-30 04:00:00,0.02809,0,0.02809
2016-03-30 05:00:00,0.030899,0,0.030899
2016-03-30 06:00:00,0.018258,0,0.018258
2016-03-30 07:00:00,0.103933,0,0.103933
2016-03-30 08:00:00,0.049157,0,0.049157
2016-03-30 09:00:00,0.160112,0,0.160112
2016-03-30 10:00:00,0.047753,1.60599999999999,1.65375299999999
2016-03-30 11:00:00,0.091292,1.20599999999996,1.29729199999996
2016-03-30 12:00:00,0.286517,0.00200000000001,0.28851700000001
2016-03-30 13:00:00,0.120787,0.001000000000033,0.121787000000033
2016-03-30 14:00:00,0.073034,0.000999999999976,0.074033999999976
2016-03-30 15:00:00,0.043539,0.572000000000003,0.615539000000003
2016-03-30 16:00:00,0.254213,0.694999999999993,0.949212999999993
2016-03-30 17:00:00,0.022472,0,0.022472
2016-03-30 18:00:00,0.081461,0,0.081461
2016-03-30 19:00:00,0.050562,0,0.050562
2016-03-30 20:00:00,0.080056,0,0.080056
2016-03-30 21:00:00,0.101124,0,0.101124
2016-03-30 22:00:00,0.103933,0,0.103933
2016-03-30 23:00:00,0.05618,0,0.05618
2016-03-31 00:00:00,0.088483,0,0.088483
2016-03-31 01:00:00,0.030899,0,0.030899
2016-03-31 02:00:00,0.030899,0,0.030899
2016-03-31 03:00:00,0.026685,0,0.026685
2016-03-31 04:00:00,0.02809,0,0.02809
2016-03-31 05:00:00,0.035112,0,0.035112
2016-03-31 06:00:00,0.021067,0,0.021067
2016-03-31 07:00:00,0.042135,0,0.042135
2016-03-31 08:00:00,0.088483,0,0.088483
2016-03-31 09:00:00,0.082865,0,0.082865
2016-03-31 10:00:00,0.330056,0,0.330056
2016-03-31 11:00:00,0.060393,0.345000000000027,0.405393000000027
2016-03-31 12:00:00,0.032303,0.748999999999967,0.781302999999967
2016-03-31 13:00:00,0.089888,2.11400000000003,2.20388800000003
2016-03-31 14:00:00,0.092697,1.26599999999996,1.35869699999996
2016-03-31 15:00:00,0.095506,0,0.095506
2016-03-31 16:00:00,0.09691,0,0.09691
2016-03-31 17:00:00,0.074438,0,0.074438
2016-03-31 18:00:00,0.054775,0,0.054775
2016-03-31 19:00:00,0.106742,0,0.106742
2016-03-31 20:00:00,0.126404,0,0.126404
2016-03-31 21:00:00,0.341292,0,0.341292
2016-03-31 22:00:00,0.160112,0,0.160112
2016-03-31 23:00:00,0.282303,0,0.282303
2016-04-01 00:00:00,0.353933,0,0.353933
2016-04-01 01:00:00,0.102528,0,0.102528
2016-04-01 02:00:00,0.029494,0,0.029494
2016-04-01 03:00:00,0.036517,0,0.036517
2016-04-01 04:00:00,0.029494,0,0.029494
2016-04-01 05:00:00,0.026685,0,0.026685
2016-04-01 06:00:00,0.030899,0,0.030899
2016-04-01 07:00:00,0.025281,0.41700000000003,0.44228100000003
2016-04-01 08:00:00,0.078652,1.90699999999998,1.98565199999998
2016-04-01 09:00:00,0.330056,1.76600000000002,2.09605600000002
2016-04-01 10:00:00,0.088483,0.312999999999988,0.401482999999988
2016-04-01 11:00:00,0.080056,0,0.080056
2016-04-01 12:00:00,0.067416,0,0.067416
2016-04-01 13:00:00,0.370787,0,0.370787
2016-04-01 14:00:00,0.245787,1.76799999999997,2.01378699999997
2016-04-01 15:00:00,0.133427,1.86600000000004,1.99942700000004
2016-04-01 16:00:00,0.276685,1.42399999999998,1.70068499999998
2016-04-01 17:00:00,0.101124,0.09699999999998,0.19812399999998
2016-04-01 18:00:00,0.160112,0,0.160112
2016-04-01 19:00:00,0.036517,0,0.036517
2016-04-01 20:00:00,0.05618,0,0.05618
2016-04-01 21:00:00,0.192416,0,0.192416
2016-04-01 22:00:00,0.110955,0,0.110955
2016-04-01 23:00:00,0.129213,0,0.129213
2016-04-02 00:00:00,0.09691,0,0.09691
2016-04-02 01:00:00,0.029494,0,0.029494
2016-04-02 02:00:00,0.029494,0,0.029494
2016-04-02 03:00:00,0.036517,0,0.036517
2016-04-02 04:00:00,0.026685,0,0.026685
2016-04-02 05:00:00,0.033708,0,0.033708
2016-04-02 06:00:00,0.019663,0,0.019663
2016-04-02 07:00:00,0.08427,0.001000000000033,0.085270000000033
2016-04-02 08:00:00,0.171348,0,0.171348
2016-04-02 09:00:00,0.200843,0,0.200843
2016-04-02 10:00:00,0.397472,0.925999999999988,1.32347199999999
2016-04-02 11:00:00,0.386236,0.143000000000029,0.529236000000029
2016-04-02 12:00:00,0.191011,0,0.191011
2016-04-02 13:00:00,0.29073,0.000999999999976,0.291729999999976
2016-04-02 14:00:00,0.369382,0,0.369382
2016-04-02 15:00:00,0.429775,0,0.429775
2016-04-02 16:00:00,0.228933,0,0.228933
2016-04-02 17:00:00,0.143258,0,0.143258
2016-04-02 18:00:00,0.220506,0,0.220506
2016-04-02 19:00:00,0.087079,0,0.087079
2016-04-02 20:00:00,0.095506,0,0.095506
2016-04-02 21:00:00,0.231742,0,0.231742
2016-04-02 22:00:00,0.206461,0,0.206461
2016-04-02 23:00:00,0.206461,0,0.206461
2016-04-03 00:00:00,0.113764,0,0.113764
2016-04-03 01:00:00,0.078652,0,0.078652
2016-04-03 02:00:00,0.025281,0,0.025281
2016-04-03 03:00:00,0.033708,0,0.033708
2016-04-03 04:00:00,0.023876,0,0.023876
2016-04-03 05:00:00,0.026685,0,0.026685
2016-04-03 06:00:00,0.032303,0,0.032303
2016-04-03 07:00:00,0.06882,0,0.06882
2016-04-03 08:00:00,0.150281,0,0.150281
2016-04-03 09:00:00,0.16573,0.201999999999998,0.367729999999998
2016-04-03 10:00:00,0.356742,1.83499999999998,2.19174199999998
2016-04-03 11:00:00,0.103933,0.15300000000002,0.25693300000002
2016-04-03 12:00:00,0.067416,0.000999999999976,0.068415999999976
2016-04-03 13:00:00,0.26264,0.00200000000001,0.26464000000001
2016-04-03 14:00:00,0.11236,0.001000000000033,0.113360000000033
2016-04-03 15:00:00,0.133427,0.000999999999976,0.134426999999976
2016-04-03 16:00:00,0.186798,0,0.186798
2016-04-03 17:00:00,0.130618,0,0.130618
2016-04-03 18:00:00,0.172753,0,0.172753
2016-04-03 19:00:00,0.098315,0,0.098315
2016-04-03 20:00:00,0.161517,0,0.161517
2016-04-03 21:00:00,0.158708,0,0.158708
2016-04-03 22:00:00,0.200843,0,0.200843
2016-04-03 23:00:00,0.110955,0,0.110955
2016-04-04 00:00:00,0.108146,0,0.108146
2016-04-04 01:00:00,0.085674,0,0.085674
2016-04-04 02:00:00,0.04073,0,0.04073
2016-04-04 03:00:00,0.036517,0,0.036517
2016-04-04 04:00:00,0.033708,0,0.033708
2016-04-04 05:00:00,0.023876,0,0.023876
2016-04-04 06:00:00,0.029494,0,0.029494
2016-04-04 07:00:00,0.066011,0,0.066011
2016-04-04 08:00:00,0.191011,0,0.191011
2016-04-04 09:00:00,0.349719,0,0.349719
2016-04-04 10:00:00,0.113764,0.001000000000033,0.114764000000033
2016-04-04 11:00:00,0.154494,0,0.154494
2016-04-04 12:00:00,0.098315,0,0.098315
2016-04-04 13:00:00,0.125,0.001999999999953,0.126999999999953
2016-04-04 14:00:00,0.293539,0,0.293539
2016-04-04 15:00:00,0.158708,0.001000000000033,0.159708000000033
2016-04-04 16:00:00,0.370787,0,0.370787
2016-04-04 17:00:00,0.185393,0,0.185393
2016-04-04 18:00:00,0.148876,0,0.148876
2016-04-04 19:00:00,0.11236,0,0.11236
2016-04-04 20:00:00,0.167135,0,0.167135
2016-04-04 21:00:00,0.178371,0,0.178371
2016-04-04 22:00:00,0.175562,0,0.175562
2016-04-04 23:00:00,0.155899,0,0.155899
2016-04-05 00:00:00,0.127809,0,0.127809
2016-04-05 01:00:00,0.087079,0,0.087079
2016-04-05 02:00:00,0.02809,0,0.02809
2016-04-05 03:00:00,0.039326,0,0.039326
2016-04-05 04:00:00,0.023876,0,0.023876
2016-04-05 05:00:00,0.037921,0,0.037921
2016-04-05 06:00:00,0.022472,0.000999999999976,0.023471999999976
2016-04-05 07:00:00,0.066011,0.001000000000033,0.067011000000033
2016-04-05 08:00:00,0.150281,0,0.150281
2016-04-05 09:00:00,0.144663,0.001999999999953,0.146662999999953
2016-04-05 10:00:00,0.117978,0,0.117978
2016-04-05 11:00:00,0.127809,0,0.127809
2016-04-05 12:00:00,0.188202,0,0.188202
2016-04-05 13:00:00,0.060393,0,0.060393
2016-04-05 14:00:00,0.373596,0,0.373596
2016-04-05 15:00:00,0.13764,0,0.13764
2016-04-05 16:00:00,0.120787,0,0.120787
2016-04-05 17:00:00,0.081461,0,0.081461
2016-04-05 18:00:00,0.120787,0,0.120787
2016-04-05 19:00:00,0.160112,0,0.160112
2016-04-05 20:00:00,0.154494,0,0.154494
2016-04-05 21:00:00,0.161517,0,0.161517
2016-04-05 22:00:00,0.178371,0,0.178371
2016-04-05 23:00:00,0.19382,0,0.19382
2016-04-06 00:00:00,0.134831,0,0.134831
2016-04-06 01:00:00,0.081461,0,0.081461
2016-04-06 02:00:00,0.039326,0,0.039326
2016-04-06 03:00:00,0.02809,0,0.02809
2016-04-06 04:00:00,0.035112,0,0.035112
2016-04-06 05:00:00,0.021067,0,0.021067
2016-04-06 06:00:00,0.030899,0,0.030899
2016-04-06 07:00:00,0.022472,0,0.022472
2016-04-06 08:00:00,0.158708,0,0.158708
2016-04-06 09:00:00,0.155899,0,0.155899
2016-04-06 10:00:00,0.188202,0,0.188202
2016-04-06 11:00:00,0.158708,0,0.158708
2016-04-06 12:00:00,0.106742,0,0.106742
2016-04-06 13:00:00,0.106742,0,0.106742
2016-04-06 14:00:00,0.113764,0,0.113764
2016-04-06 15:00:00,0.212079,0,0.212079
2016-04-06 16:00:00,0.115169,0,0.115169
2016-04-06 17:00:00,0.099719,0,0.099719
2016-04-06 18:00:00,0.183989,0,0.183989
2016-04-06 19:00:00,0.140449,0,0.140449
2016-04-06 20:00:00,0.098315,0,0.098315
2016-04-06 21:00:00,0.144663,0,0.144663
2016-04-06 22:00:00,0.150281,0,0.150281
2016-04-06 23:00:00,0.106742,0,0.106742
2016-04-07 00:00:00,0.092697,0,0.092697
2016-04-07 01:00:00,0.050562,0,0.050562
2016-04-07 02:00:00,0.029494,0,0.029494
2016-04-07 03:00:00,0.023876,0,0.023876
2016-04-07 04:00:00,0.025281,0,0.025281
2016-04-07 05:00:00,0.030899,0,0.030899
2016-04-07 06:00:00,0.022472,0,0.022472
2016-04-07 07:00:00,0.051966,0,0.051966
2016-04-07 08:00:00,0.074438,0,0.074438
2016-04-07 09:00:00,0.16573,0,0.16573
2016-04-07 10:00:00,0.029494,0,0.029494
2016-04-07 11:00:00,0.070225,0,0.070225
2016-04-07 12:00:00,0.077247,0,0.077247
2016-04-07 13:00:00,0.105337,0,0.105337
2016-04-07 14:00:00,0.09691,0,0.09691
2016-04-07 15:00:00,0.070225,0,0.070225
2016-04-07 16:00:00,0.075843,0,0.075843
2016-04-07 17:00:00,0.047753,0,0.047753
2016-04-07 18:00:00,0.042135,0,0.042135
2016-04-07 19:00:00,0.02809,0,0.02809
2016-04-07 20:00:00,0.039326,0,0.039326
2016-04-07 21:00:00,0.31882,0,0.31882
2016-04-07 22:00:00,0.082865,0,0.082865
2016-04-07 23:00:00,0.150281,0,0.150281
2016-04-08 00:00:00,0.353933,0,0.353933
2016-04-08 01:00:00,0.102528,0,0.102528
2016-04-08 02:00:00,0.029494,0,0.029494
2016-04-08 03:00:00,0.036517,0,0.036517
2016-04-08 04:00:00,0.029494,0,0.029494
2016-04-08 05:00:00,0.026685,0,0.026685
2016-04-08 06:00:00,0.030899,0,0.030899
2016-04-08 07:00:00,0.025281,0,0.025281
2016-04-08 08:00:00,0.078652,0.001000000000033,0.079652000000033
2016-04-08 09:00:00,0.330056,0,0.330056
2016-04-08 10:00:00,0.088483,0,0.088483
2016-04-08 11:00:00,0.080056,1.08199999999999,1.16205599999999
2016-04-08 12:00:00,0.067416,0,0.067416
2016-04-08 13:00:00,0.370787,0.00200000000001,0.37278700000001
2016-04-08 14:00:00,0.245787,0,0.245787
2016-04-08 15:00:00,0.133427,0,0.133427
2016-04-08 16:00:00,0.276685,0,0.276685
2016-04-08 17:00:00,0.101124,0,0.101124
2016-04-08 18:00:00,0.160112,0,0.160112
2016-04-08 19:00:00,0.036517,0,0.036517
2016-04-08 20:00:00,0.05618,0,0.05618
2016-04-08 21:00:00,0.192416,0,0.192416
2016-04-08 22:00:00,0.110955,0,0.110955
2016-04-08 23:00:00,0.129213,0,0.129213
2016-04-09 00:00:00,0.057584,0,0.057584
2016-04-09 01:00:00,0.103933,0,0.103933
2016-04-09 02:00:00,0.035112,0,0.035112
2016-04-09 03:00:00,0.043539,0,0.043539
2016-04-09 04:00:00,0.02809,0,0.02809
2016-04-09 05:00:00,0.022472,0,0.022472
2016-04-09 06:00:00,0.022472,0,0.022472
2016-04-09 07:00:00,0.021067,0,0.021067
2016-04-09 08:00:00,0.095506,0.238,0.333506
2016-04-09 09:00:00,0.324438,1.81999999999999,2.14443799999999
2016-04-09 10:00:00,0.120787,1.70600000000002,1.82678700000002
2016-04-09 11:00:00,0.101124,0.790999999999997,0.892123999999997
2016-04-09 12:00:00,0.330056,0.137,0.467056
2016-04-09 13:00:00,0.210674,0,0.210674
2016-04-09 14:00:00,0.098315,0,0.098315
2016-04-09 15:00:00,0.122191,0,0.122191
2016-04-09 16:00:00,0.115169,0,0.115169
2016-04-09 17:00:00,0.174157,0,0.174157
2016-04-09 18:00:00,0.252809,0,0.252809
2016-04-09 19:00:00,0.127809,0,0.127809
2016-04-09 20:00:00,0.108146,0,0.108146
2016-04-09 21:00:00,0.155899,0,0.155899
2016-04-09 22:00:00,0.157303,0,0.157303
2016-04-09 23:00:00,0.192416,0,0.192416
2016-04-10 00:00:00,0.105337,0,0.105337
2016-04-10 01:00:00,0.126404,0,0.126404
2016-04-10 02:00:00,0.043539,0,0.043539
2016-04-10 03:00:00,0.033708,0,0.033708
2016-04-10 04:00:00,0.039326,0,0.039326
2016-04-10 05:00:00,0.022472,0,0.022472
2016-04-10 06:00:00,0.035112,0,0.035112
2016-04-10 07:00:00,0.023876,0,0.023876
2016-04-10 08:00:00,0.155899,0,0.155899
2016-04-10 09:00:00,0.067416,2.10899999999998,2.17641599999998
2016-04-10 10:00:00,0.255618,2.31400000000002,2.56961800000002
2016-04-10 11:00:00,0.091292,0.781999999999982,0.873291999999982
2016-04-10 12:00:00,0.304775,0.000999999999976,0.305774999999976
2016-04-10 13:00:00,0.167135,0.001000000000033,0.168135000000033
2016-04-10 14:00:00,0.316011,0.726999999999975,1.04301099999998
2016-04-10 15:00:00,0.067416,2.08600000000001,2.15341600000001
2016-04-10 16:00:00,0.15309,0.346000000000004,0.499090000000004
2016-04-10 17:00:00,0.122191,0,0.122191
2016-04-10 18:00:00,0.123596,0,0.123596
2016-04-10 19:00:00,0.200843,0,0.200843
2016-04-10 20:00:00,0.148876,0,0.148876
2016-04-10 21:00:00,0.264045,0,0.264045
2016-04-10 22:00:00,0.292135,0,0.292135
2016-04-10 23:00:00,0.143258,0,0.143258
2016-04-11 00:00:00,0.108146,0,0.108146
2016-04-11 01:00:00,0.085674,0,0.085674
2016-04-11 02:00:00,0.04073,0,0.04073
2016-04-11 03:00:00,0.036517,0,0.036517
2016-04-11 04:00:00,0.033708,0,0.033708
2016-04-11 05:00:00,0.023876,0,0.023876
2016-04-11 06:00:00,0.029494,0,0.029494
2016-04-11 07:00:00,0.066011,0,0.066011
2016-04-11 08:00:00,0.191011,0,0.191011
2016-04-11 09:00:00,0.349719,0,0.349719
2016-04-11 10:00:00,0.113764,0.00200000000001,0.11576400000001
2016-04-11 11:00:00,0.154494,0.000999999999976,0.155493999999976
2016-04-11 12:00:00,0.098315,0.00200000000001,0.10031500000001
2016-04-11 13:00:00,0.125,0.000999999999976,0.125999999999976
2016-04-11 14:00:00,0.293539,0.001000000000033,0.294539000000033
2016-04-11 15:00:00,0.158708,0,0.158708
2016-04-11 16:00:00,0.370787,0,0.370787
2016-04-11 17:00:00,0.185393,0,0.185393
2016-04-11 18:00:00,0.148876,0,0.148876
2016-04-11 19:00:00,0.11236,0,0.11236
2016-04-11 20:00:00,0.167135,0,0.167135
2016-04-11 21:00:00,0.178371,0,0.178371
2016-04-11 22:00:00,0.175562,0,0.175562
2016-04-11 23:00:00,0.155899,0,0.155899
2016-04-12 00:00:00,0.098315,0,0.098315
2016-04-12 01:00:00,0.075843,0,0.075843
2016-04-12 02:00:00,0.036517,0,0.036517
2016-04-12 03:00:00,0.025281,0,0.025281
2016-04-12 04:00:00,0.023876,0,0.023876
2016-04-12 05:00:00,0.026685,0,0.026685
2016-04-12 06:00:00,0.030899,0,0.030899
2016-04-12 07:00:00,0.070225,0.000999999999976,0.071224999999976
2016-04-12 08:00:00,0.183989,0,0.183989
2016-04-12 09:00:00,0.376404,0.685000000000002,1.061404
2016-04-12 10:00:00,0.122191,2.553,2.675191
2016-04-12 11:00:00,0.144663,3.13499999999999,3.27966299999999
2016-04-12 12:00:00,0.09691,3.16000000000002,3.25691000000002
2016-04-12 13:00:00,0.115169,2.47399999999999,2.58916899999999
2016-04-12 14:00:00,0.103933,0.449999999999989,0.553932999999989
2016-04-12 15:00:00,0.126404,0.001000000000033,0.127404000000033
2016-04-12 16:00:00,0.087079,0.002999999999986,0.090078999999986
2016-04-12 17:00:00,0.11236,0,0.11236
2016-04-12 18:00:00,0.080056,0,0.080056
2016-04-12 19:00:00,0.151685,0,0.151685
2016-04-12 20:00:00,0.134831,0,0.134831
2016-04-12 21:00:00,0.074438,0,0.074438
2016-04-12 22:00:00,0.132022,0,0.132022
2016-04-12 23:00:00,0.435393,0,0.435393
2016-04-13 00:00:00,0.146067,0,0.146067
2016-04-13 01:00:00,0.094101,0,0.094101
2016-04-13 02:00:00,0.029494,0,0.029494
2016-04-13 03:00:00,0.042135,0,0.042135
2016-04-13 04:00:00,0.021067,0,0.021067
2016-04-13 05:00:00,0.029494,0,0.029494
2016-04-13 06:00:00,0.022472,0,0.022472
2016-04-13 07:00:00,0.016854,0,0.016854
2016-04-13 08:00:00,0.088483,0,0.088483
2016-04-13 09:00:00,0.063202,0,0.063202
2016-04-13 10:00:00,0.264045,0,0.264045
2016-04-13 11:00:00,0.155899,0,0.155899
2016-04-13 12:00:00,0.094101,0,0.094101
2016-04-13 13:00:00,0.185393,0,0.185393
2016-04-13 14:00:00,0.313202,0,0.313202
2016-04-13 15:00:00,0.075843,0,0.075843
2016-04-13 16:00:00,0.04073,0,0.04073
2016-04-13 17:00:00,0.08427,0,0.08427
2016-04-13 18:00:00,0.074438,0,0.074438
2016-04-13 19:00:00,0.108146,0,0.108146
2016-04-13 20:00:00,0.074438,0,0.074438
2016-04-13 21:00:00,0.095506,0,0.095506
2016-04-13 22:00:00,0.195225,0,0.195225
2016-04-13 23:00:00,0.158708,0,0.158708
2016-04-14 00:00:00,0.101124,0,0.101124
2016-04-14 01:00:00,0.063202,0,0.063202
2016-04-14 02:00:00,0.025281,0,0.025281
2016-04-14 03:00:00,0.029494,0,0.029494
2016-04-14 04:00:00,0.029494,0,0.029494
2016-04-14 05:00:00,0.023876,0,0.023876
2016-04-14 06:00:00,0.033708,0,0.033708
2016-04-14 07:00:00,0.022472,0,0.022472
2016-04-14 08:00:00,0.078652,0,0.078652
2016-04-14 09:00:00,0.115169,0,0.115169
2016-04-14 10:00:00,0.495787,0,0.495787
2016-04-14 11:00:00,0.051966,0,0.051966
2016-04-14 12:00:00,0.051966,0,0.051966
2016-04-14 13:00:00,0.063202,0,0.063202
2016-04-14 14:00:00,0.092697,0,0.092697
2016-04-14 15:00:00,0.051966,0.000999999999976,0.052965999999976
2016-04-14 16:00:00,0.160112,0,0.160112
2016-04-14 17:00:00,0.259831,0,0.259831
2016-04-14 18:00:00,0.058989,0,0.058989
2016-04-14 19:00:00,0.025281,0,0.025281
2016-04-14 20:00:00,0.042135,0,0.042135
2016-04-14 21:00:00,0.036517,0,0.036517
2016-04-14 22:00:00,0.060393,0,0.060393
2016-04-14 23:00:00,0.067416,0,0.067416
2016-04-15 00:00:00,0.071629,0,0.071629
2016-04-15 01:00:00,0.06882,0,0.06882
2016-04-15 02:00:00,0.032303,0,0.032303
2016-04-15 03:00:00,0.022472,0,0.022472
2016-04-15 04:00:00,0.030899,0,0.030899
2016-04-15 05:00:00,0.042135,0,0.042135
2016-04-15 06:00:00,0.021067,0,0.021067
2016-04-15 07:00:00,0.066011,0,0.066011
2016-04-15 08:00:00,0.132022,0,0.132022
2016-04-15 09:00:00,0.05618,0,0.05618
2016-04-15 10:00:00,0.081461,0,0.081461
2016-04-15 11:00:00,0.042135,1.36100000000005,1.40313500000005
2016-04-15 12:00:00,0.032303,1.697,1.729303
2016-04-15 13:00:00,0.036517,1.87199999999996,1.90851699999996
2016-04-15 14:00:00,0.050562,1.70100000000002,1.75156200000002
2016-04-15 15:00:00,0.185393,0.442999999999984,0.628392999999984
2016-04-15 16:00:00,0.02809,0,0.02809
2016-04-15 17:00:00,0.029494,0,0.029494
2016-04-15 18:00:00,0.029494,0,0.029494
2016-04-15 19:00:00,0.066011,0,0.066011
2016-04-15 20:00:00,0.091292,0,0.091292
2016-04-15 21:00:00,0.081461,0,0.081461
2016-04-15 22:00:00,0.09691,0,0.09691
2016-04-15 23:00:00,0.047753,0,0.047753
2016-04-16 00:00:00,0.078652,0,0.078652
2016-04-16 01:00:00,0.06882,0,0.06882
2016-04-16 02:00:00,0.036517,0,0.036517
2016-04-16 03:00:00,0.043539,0,0.043539
2016-04-16 04:00:00,0.022472,0,0.022472
2016-04-16 05:00:00,0.023876,0,0.023876
2016-04-16 06:00:00,0.022472,0,0.022472
2016-04-16 07:00:00,0.022472,0,0.022472
2016-04-16 08:00:00,0.025281,0,0.025281
2016-04-16 09:00:00,0.064607,0,0.064607
2016-04-16 10:00:00,0.050562,0.000999999999976,0.051561999999976
2016-04-16 11:00:00,0.044944,0.00100000000009,0.04594400000009
2016-04-16 12:00:00,0.02809,0,0.02809
2016-04-16 13:00:00,0.029494,2.072,2.101494
2016-04-16 14:00:00,0.053371,0.755999999999972,0.809370999999972
2016-04-16 15:00:00,0.025281,1.851,1.876281
2016-04-16 16:00:00,0.035112,1.43999999999994,1.47511199999994
2016-04-16 17:00:00,0.073034,0,0.073034
2016-04-16 18:00:00,0.050562,0,0.050562
2016-04-16 19:00:00,0.070225,0,0.070225
2016-04-16 20:00:00,0.074438,0,0.074438
2016-04-16 21:00:00,0.073034,0,0.073034
2016-04-16 22:00:00,0.123596,0,0.123596
2016-04-16 23:00:00,0.064607,0,0.064607
2016-04-17 00:00:00,0.06882,0,0.06882
2016-04-17 01:00:00,0.061798,0,0.061798
2016-04-17 02:00:00,0.02809,0,0.02809
2016-04-17 03:00:00,0.025281,0,0.025281
2016-04-17 04:00:00,0.032303,0,0.032303
2016-04-17 05:00:00,0.022472,0,0.022472
2016-04-17 06:00:00,0.032303,0,0.032303
2016-04-17 07:00:00,0.023876,0,0.023876
2016-04-17 08:00:00,0.022472,0,0.022472
2016-04-17 09:00:00,0.042135,0,0.042135
2016-04-17 10:00:00,0.042135,0.668999999999983,0.711134999999983
2016-04-17 11:00:00,0.035112,1.89800000000002,1.93311200000002
2016-04-17 12:00:00,0.044944,1.57900000000006,1.62394400000006
2016-04-17 13:00:00,0.095506,0.587999999999965,0.683505999999965
2016-04-17 14:00:00,0.06882,0.024999999999977,0.093819999999977
2016-04-17 15:00:00,0.036517,0,0.036517
2016-04-17 16:00:00,0.037921,0,0.037921
2016-04-17 17:00:00,0.036517,0,0.036517
2016-04-17 18:00:00,0.058989,0,0.058989
2016-04-17 19:00:00,0.043539,0,0.043539
2016-04-17 20:00:00,0.05618,0,0.05618
2016-04-17 21:00:00,0.060393,0,0.060393
2016-04-17 22:00:00,0.075843,0,0.075843
2016-04-17 23:00:00,0.061798,0,0.061798
2016-04-18 00:00:00,0.05618,0,0.05618
2016-04-18 01:00:00,0.071629,0,0.071629
2016-04-18 02:00:00,0.043539,0,0.043539
2016-04-18 03:00:00,0.033708,0,0.033708
2016-04-18 04:00:00,0.043539,0,0.043539
2016-04-18 05:00:00,0.021067,0,0.021067
2016-04-18 06:00:00,0.021067,0,0.021067
2016-04-18 07:00:00,0.029494,0,0.029494
2016-04-18 08:00:00,0.029494,0,0.029494
2016-04-18 09:00:00,0.033708,0,0.033708
2016-04-18 10:00:00,0.025281,0,0.025281
2016-04-18 11:00:00,0.070225,0,0.070225
2016-04-18 12:00:00,0.032303,0,0.032303
2016-04-18 13:00:00,0.033708,0.000999999999976,0.034707999999976
2016-04-18 14:00:00,0.047753,0,0.047753
2016-04-18 15:00:00,0.036517,0,0.036517
2016-04-18 16:00:00,0.019663,0,0.019663
2016-04-18 17:00:00,0.021067,0,0.021067
2016-04-18 18:00:00,0.035112,0,0.035112
2016-04-18 19:00:00,0.026685,0,0.026685
2016-04-18 20:00:00,0.05618,0,0.05618
2016-04-18 21:00:00,0.042135,0,0.042135
2016-04-18 22:00:00,0.060393,0,0.060393
2016-04-18 23:00:00,0.075843,0,0.075843
2016-04-19 00:00:00,0.061798,0,0.061798
2016-04-19 01:00:00,0.026685,0,0.026685
2016-04-19 02:00:00,0.035112,0,0.035112
2016-04-19 03:00:00,0.023876,0,0.023876
2016-04-19 04:00:00,0.033708,0,0.033708
2016-04-19 05:00:00,0.02809,0,0.02809
2016-04-19 06:00:00,0.021067,0,0.021067
2016-04-19 07:00:00,0.032303,0,0.032303
2016-04-19 08:00:00,0.042135,0,0.042135
2016-04-19 09:00:00,0.025281,0,0.025281
2016-04-19 10:00:00,0.037921,0,0.037921
2016-04-19 11:00:00,0.030899,0,0.030899
2016-04-19 12:00:00,0.021067,0.00100000000009,0.02206700000009
2016-04-19 13:00:00,0.030899,0,0.030899
2016-04-19 14:00:00,0.042135,0.000999999999976,0.043134999999976
2016-04-19 15:00:00,0.043539,0.000999999999976,0.044538999999976
2016-04-19 16:00:00,0.029494,0,0.029494
2016-04-19 17:00:00,0.029494,0,0.029494
2016-04-19 18:00:00,0.049157,0,0.049157
2016-04-19 19:00:00,0.046348,0,0.046348
2016-04-19 20:00:00,0.047753,0,0.047753
2016-04-19 21:00:00,0.044944,0,0.044944
2016-04-19 22:00:00,0.06882,0,0.06882
2016-04-19 23:00:00,0.073034,0,0.073034
2016-04-20 00:00:00,0.054775,0,0.054775
2016-04-20 01:00:00,0.053371,0,0.053371
2016-04-20 02:00:00,0.035112,0,0.035112
2016-04-20 03:00:00,0.030899,0,0.030899
2016-04-20 04:00:00,0.029494,0,0.029494
2016-04-20 05:00:00,0.021067,0,0.021067
2016-04-20 06:00:00,0.026685,0,0.026685
2016-04-20 07:00:00,0.030899,0.001999999999953,0.032898999999953
2016-04-20 08:00:00,0.021067,0,0.021067
2016-04-20 09:00:00,0.02809,0,0.02809
2016-04-20 10:00:00,0.060393,0.00100000000009,0.06139300000009
2016-04-20 11:00:00,0.030899,1.80399999999997,1.83489899999997
2016-04-20 12:00:00,0.023876,1.47199999999998,1.49587599999998
2016-04-20 13:00:00,0.032303,0.477999999999952,0.510302999999952
2016-04-20 14:00:00,0.101124,0.002000000000066,0.103124000000066
2016-04-20 15:00:00,0.04073,0.393000000000029,0.433730000000029
2016-04-20 16:00:00,0.033708,0.836999999999989,0.870707999999989
2016-04-20 17:00:00,0.025281,0,0.025281
2016-04-20 18:00:00,0.033708,0,0.033708
2016-04-20 19:00:00,0.042135,0,0.042135
2016-04-20 20:00:00,0.043539,0,0.043539
2016-04-20 21:00:00,0.036517,0,0.036517
2016-04-20 22:00:00,0.058989,0,0.058989
2016-04-20 23:00:00,0.066011,0,0.066011
2016-04-21 00:00:00,0.067416,0,0.067416
2016-04-21 01:00:00,0.070225,0,0.070225
2016-04-21 02:00:00,0.033708,0,0.033708
2016-04-21 03:00:00,0.025281,0,0.025281
2016-04-21 04:00:00,0.025281,0,0.025281
2016-04-21 05:00:00,0.029494,0,0.029494
2016-04-21 06:00:00,0.026685,0,0.026685
2016-04-21 07:00:00,0.042135,0,0.042135
2016-04-21 08:00:00,0.259831,0,0.259831
2016-04-21 09:00:00,0.033708,0,0.033708
2016-04-21 10:00:00,0.036517,0,0.036517
2016-04-21 11:00:00,0.070225,0,0.070225
2016-04-21 12:00:00,0.02809,0.160999999999945,0.189089999999945
2016-04-21 13:00:00,0.06882,2.80399999999997,2.87281999999997
2016-04-21 14:00:00,0.044944,0.979000000000042,1.02394400000004
2016-04-21 15:00:00,0.039326,0.156000000000063,0.195326000000063
2016-04-21 16:00:00,0.080056,0,0.080056
2016-04-21 17:00:00,0.070225,0,0.070225
2016-04-21 18:00:00,0.022472,0,0.022472
2016-04-21 19:00:00,0.032303,0,0.032303
2016-04-21 20:00:00,0.04073,0,0.04073
2016-04-21 21:00:00,0.042135,0,0.042135
2016-04-21 22:00:00,0.081461,0,0.081461
2016-04-21 23:00:00,0.058989,0,0.058989
2016-04-22 00:00:00,0.060393,0,0.060393
2016-04-22 01:00:00,0.042135,0,0.042135
2016-04-22 02:00:00,0.026685,0,0.026685
2016-04-22 03:00:00,0.029494,0,0.029494
2016-04-22 04:00:00,0.042135,0,0.042135
2016-04-22 05:00:00,0.023876,0,0.023876
2016-04-22 06:00:00,0.026685,0,0.026685
2016-04-22 07:00:00,0.332865,0,0.332865
2016-04-22 08:00:00,0.025281,0,0.025281
2016-04-22 09:00:00,0.04073,0,0.04073
2016-04-22 10:00:00,0.026685,0,0.026685
2016-04-22 11:00:00,0.04073,0,0.04073
2016-04-22 12:00:00,0.061798,0.754999999999995,0.816797999999995
2016-04-22 13:00:00,0.061798,1.87299999999993,1.93479799999993
2016-04-22 14:00:00,0.030899,1.70100000000002,1.73189900000002
2016-04-22 15:00:00,0.061798,0.442999999999984,0.504797999999984
2016-04-22 16:00:00,0.050562,0,0.050562
2016-04-22 17:00:00,0.026685,0,0.026685
2016-04-22 18:00:00,0.036517,0,0.036517
2016-04-22 19:00:00,0.085674,0,0.085674
2016-04-22 20:00:00,0.037921,0,0.037921
2016-04-22 21:00:00,0.051966,0,0.051966
2016-04-22 22:00:00,0.05618,0,0.05618
2016-04-22 23:00:00,0.099719,0,0.099719
2016-04-23 00:00:00,0.060393,0,0.060393
2016-04-23 01:00:00,0.054775,0,0.054775
2016-04-23 02:00:00,0.029494,0,0.029494
2016-04-23 03:00:00,0.026685,0,0.026685
2016-04-23 04:00:00,0.035112,0,0.035112
2016-04-23 05:00:00,0.030899,0,0.030899
2016-04-23 06:00:00,0.026685,0,0.026685
2016-04-23 07:00:00,0.067416,0,0.067416
2016-04-23 08:00:00,0.022472,0,0.022472
2016-04-23 09:00:00,0.030899,0,0.030899
2016-04-23 10:00:00,0.06882,0.000999999999976,0.069819999999976
2016-04-23 11:00:00,0.050562,0.00100000000009,0.05156200000009
2016-04-23 12:00:00,0.019663,0,0.019663
2016-04-23 13:00:00,0.132022,2.07199999999989,2.20402199999989
2016-04-23 14:00:00,0.037921,0.755000000000109,0.792921000000109
2016-04-23 15:00:00,0.234551,1.85199999999998,2.08655099999998
2016-04-23 16:00:00,0.022472,1.43999999999994,1.46247199999994
2016-04-23 17:00:00,0.231742,0,0.231742
2016-04-23 18:00:00,0.06882,0,0.06882
2016-04-23 19:00:00,0.25,0,0.25
2016-04-23 20:00:00,0.110955,0,0.110955
2016-04-23 21:00:00,0.148876,0,0.148876
2016-04-23 22:00:00,0.146067,0,0.146067
2016-04-23 23:00:00,0.140449,0,0.140449
2016-04-24 00:00:00,0.070225,0,0.070225
2016-04-24 01:00:00,0.036517,0,0.036517
2016-04-24 02:00:00,0.026685,0,0.026685
2016-04-24 03:00:00,0.025281,0,0.025281
2016-04-24 04:00:00,0.026685,0,0.026685
2016-04-24 05:00:00,0.023876,0,0.023876
2016-04-24 06:00:00,0.022472,0,0.022472
2016-04-24 07:00:00,0.025281,0,0.025281
2016-04-24 08:00:00,0.061798,0,0.061798
2016-04-24 09:00:00,0.08427,0,0.08427
2016-04-24 10:00:00,0.058989,0.668999999999983,0.727988999999983
2016-04-24 11:00:00,0.098315,1.89800000000002,1.99631500000002
2016-04-24 12:00:00,0.058989,1.57900000000006,1.63798900000006
2016-04-24 13:00:00,0.085674,0.587999999999966,0.673673999999966
2016-04-24 14:00:00,0.061798,0.024999999999977,0.086797999999977
2016-04-24 15:00:00,0.030899,0,0.030899
2016-04-24 16:00:00,0.058989,0,0.058989
2016-04-24 17:00:00,0.021067,0,0.021067
2016-04-24 18:00:00,0.066011,0,0.066011
2016-04-24 19:00:00,0.025281,0,0.025281
2016-04-24 20:00:00,0.094101,0,0.094101
2016-04-24 21:00:00,0.082865,0,0.082865
2016-04-24 22:00:00,0.119382,0,0.119382
2016-04-24 23:00:00,0.143258,0,0.143258
2016-04-25 00:00:00,0.141854,0,0.141854
2016-04-25 01:00:00,0.108146,0,0.108146
2016-04-25 02:00:00,0.058989,0,0.058989
2016-04-25 03:00:00,0.02809,0,0.02809
2016-04-25 04:00:00,0.025281,0,0.025281
2016-04-25 05:00:00,0.022472,0,0.022472
2016-04-25 06:00:00,0.026685,0,0.026685
2016-04-25 07:00:00,0.023876,0,0.023876
2016-04-25 08:00:00,0.019663,0,0.019663
2016-04-25 09:00:00,0.026685,0,0.026685
2016-04-25 10:00:00,0.026685,0.000999999999976,0.027684999999976
2016-04-25 11:00:00,0.050562,0,0.050562
2016-04-25 12:00:00,0.026685,0.00100000000009,0.02768500000009
2016-04-25 13:00:00,0.02809,0,0.02809
2016-04-25 14:00:00,0.060393,0,0.060393
2016-04-25 15:00:00,0.036517,0,0.036517
2016-04-25 16:00:00,0.026685,0,0.026685
2016-04-25 17:00:00,0.030899,0,0.030899
2016-04-25 18:00:00,0.021067,0,0.021067
2016-04-25 19:00:00,0.174157,0,0.174157
2016-04-25 20:00:00,0.15309,0,0.15309
2016-04-25 21:00:00,0.05618,0,0.05618
2016-04-25 22:00:00,0.094101,0,0.094101
2016-04-25 23:00:00,0.136236,0,0.136236
2016-04-26 00:00:00,0.105337,0,0.105337
2016-04-26 01:00:00,0.05618,0,0.05618
2016-04-26 02:00:00,0.035112,0,0.035112
2016-04-26 03:00:00,0.032303,0,0.032303
2016-04-26 04:00:00,0.026685,0,0.026685
2016-04-26 05:00:00,0.022472,0,0.022472
2016-04-26 06:00:00,0.025281,0,0.025281
2016-04-26 07:00:00,0.025281,0,0.025281
2016-04-26 08:00:00,0.033708,0,0.033708
2016-04-26 09:00:00,0.223315,0,0.223315
2016-04-26 10:00:00,0.054775,0,0.054775
2016-04-26 11:00:00,0.053371,0,0.053371
2016-04-26 12:00:00,0.05618,0,0.05618
2016-04-26 13:00:00,0.035112,0,0.035112
2016-04-26 14:00:00,0.064607,0,0.064607
2016-04-26 15:00:00,0.060393,0,0.060393
2016-04-26 16:00:00,0.02809,0,0.02809
2016-04-26 17:00:00,0.032303,0,0.032303
2016-04-26 18:00:00,0.182584,0,0.182584
2016-04-26 19:00:00,0.213483,0,0.213483
2016-04-26 20:00:00,0.066011,0,0.066011
2016-04-26 21:00:00,0.102528,0,0.102528
2016-04-26 22:00:00,0.13764,0,0.13764
2016-04-26 23:00:00,0.106742,0,0.106742
2016-04-27 00:00:00,0.073034,0,0.073034
2016-04-27 01:00:00,0.032303,0,0.032303
2016-04-27 02:00:00,0.039326,0,0.039326
2016-04-27 03:00:00,0.039326,0,0.039326
2016-04-27 04:00:00,0.035112,0,0.035112
2016-04-27 05:00:00,0.025281,0.000999999999976,0.026280999999976
2016-04-27 06:00:00,0.021067,0,0.021067
2016-04-27 07:00:00,0.022472,0,0.022472
2016-04-27 08:00:00,0.026685,0,0.026685
2016-04-27 09:00:00,0.029494,0.000999999999976,0.030493999999976
2016-04-27 10:00:00,0.02809,0,0.02809
2016-04-27 11:00:00,0.032303,0,0.032303
2016-04-27 12:00:00,0.036517,1.85799999999995,1.89451699999995
2016-04-27 13:00:00,0.032303,2.15500000000009,2.18730300000009
2016-04-27 14:00:00,0.275281,1.09999999999991,1.37528099999991
2016-04-27 15:00:00,0.025281,0.331000000000017,0.356281000000017
2016-04-27 16:00:00,0.033708,0.00100000000009,0.03470800000009
2016-04-27 17:00:00,0.037921,0,0.037921
2016-04-27 18:00:00,0.047753,0,0.047753
2016-04-27 19:00:00,0.073034,0,0.073034
2016-04-27 20:00:00,0.057584,0,0.057584
2016-04-27 21:00:00,0.16573,0,0.16573
2016-04-27 22:00:00,0.144663,0,0.144663
2016-04-27 23:00:00,0.123596,0,0.123596
2016-04-28 00:00:00,0.106742,0,0.106742
2016-04-28 01:00:00,0.022472,0,0.022472
2016-04-28 02:00:00,0.036517,0,0.036517
2016-04-28 03:00:00,0.025281,0,0.025281
2016-04-28 04:00:00,0.037921,0,0.037921
2016-04-28 05:00:00,0.030899,0,0.030899
2016-04-28 06:00:00,0.030899,0,0.030899
2016-04-28 07:00:00,0.127809,0,0.127809
2016-04-28 08:00:00,0.073034,0.000999999999976,0.074033999999976
2016-04-28 09:00:00,0.054775,0,0.054775
2016-04-28 10:00:00,0.058989,0.000999999999976,0.059988999999976
2016-04-28 11:00:00,0.071629,0,0.071629
2016-04-28 12:00:00,0.095506,0.000999999999976,0.096505999999976
2016-04-28 13:00:00,0.06882,0,0.06882
2016-04-28 14:00:00,0.091292,0,0.091292
2016-04-28 15:00:00,0.054775,0.000999999999976,0.055774999999976
2016-04-28 16:00:00,0.071629,0,0.071629
2016-04-28 17:00:00,0.051966,0,0.051966
2016-04-28 18:00:00,0.082865,0,0.082865
2016-04-28 19:00:00,0.102528,0,0.102528
2016-04-28 20:00:00,0.11236,0,0.11236
2016-04-28 21:00:00,0.073034,0,0.073034
2016-04-28 22:00:00,0.248596,0,0.248596
2016-04-28 23:00:00,0.158708,0,0.158708
2016-04-29 00:00:00,0.130618,0,0.130618
2016-04-29 01:00:00,0.047753,0,0.047753
2016-04-29 02:00:00,0.039326,0,0.039326
2016-04-29 03:00:00,0.029494,0,0.029494
2016-04-29 04:00:00,0.030899,0,0.030899
2016-04-29 05:00:00,0.021067,0,0.021067
2016-04-29 06:00:00,0.030899,0,0.030899
2016-04-29 07:00:00,0.023876,0,0.023876
2016-04-29 08:00:00,0.026685,0.013000000000034,0.039685000000034
2016-04-29 09:00:00,0.061798,1.38,1.441798
2016-04-29 10:00:00,0.030899,0.092999999999961,0.123898999999961
2016-04-29 11:00:00,0.035112,0.002000000000066,0.037112000000066
2016-04-29 12:00:00,0.036517,0.001999999999953,0.038516999999953
2016-04-29 13:00:00,0.185393,0.000999999999976,0.186392999999976
2016-04-29 14:00:00,0.127809,0.002000000000066,0.129809000000066
2016-04-29 15:00:00,0.036517,0.000999999999976,0.037516999999976
2016-04-29 16:00:00,0.075843,0.000999999999976,0.076842999999976
2016-04-29 17:00:00,0.101124,0,0.101124
2016-04-29 18:00:00,0.05618,0,0.05618
2016-04-29 19:00:00,0.08427,0,0.08427
2016-04-29 20:00:00,0.077247,0,0.077247
2016-04-29 21:00:00,0.077247,0,0.077247
2016-04-29 22:00:00,0.125,0,0.125
2016-04-29 23:00:00,0.13764,0,0.13764
2016-04-30 00:00:00,0.099719,0,0.099719
2016-04-30 01:00:00,0.05618,0,0.05618
2016-04-30 02:00:00,0.033708,0,0.033708
2016-04-30 03:00:00,0.029494,0,0.029494
2016-04-30 04:00:00,0.02809,0,0.02809
2016-04-30 05:00:00,0.023876,0,0.023876
2016-04-30 06:00:00,0.025281,0,0.025281
2016-04-30 07:00:00,0.030899,0,0.030899
2016-04-30 08:00:00,0.051966,0,0.051966
2016-04-30 09:00:00,0.098315,0.00100000000009,0.09931500000009
2016-04-30 10:00:00,0.144663,0.000999999999976,0.145662999999976
2016-04-30 11:00:00,0.094101,0.000999999999976,0.095100999999976
2016-04-30 12:00:00,0.092697,0,0.092697
2016-04-30 13:00:00,0.058989,0,0.058989
2016-04-30 14:00:00,0.157303,0,0.157303
2016-04-30 15:00:00,0.077247,0,0.077247
2016-04-30 16:00:00,0.088483,0,0.088483
2016-04-30 17:00:00,0.09691,0,0.09691
2016-04-30 18:00:00,0.092697,0,0.092697
2016-04-30 19:00:00,0.080056,0,0.080056
2016-04-30 20:00:00,0.192416,0,0.192416
2016-04-30 21:00:00,0.103933,0,0.103933
2016-04-30 22:00:00,0.08427,0,0.08427
2016-04-30 23:00:00,0.127809,0,0.127809
2016-05-01 00:00:00,0.101124,0,0.101124
2016-05-01 01:00:00,0.095506,0,0.095506
2016-05-01 02:00:00,0.04073,0,0.04073
2016-05-01 03:00:00,0.021067,0,0.021067
2016-05-01 04:00:00,0.036517,0,0.036517
2016-05-01 05:00:00,0.02809,0,0.02809
2016-05-01 06:00:00,0.030899,0,0.030899
2016-05-01 07:00:00,0.066011,0,0.066011
2016-05-01 08:00:00,0.074438,0,0.074438
2016-05-01 09:00:00,0.071629,0,0.071629
2016-05-01 10:00:00,0.075843,0.000999999999976,0.076842999999976
2016-05-01 11:00:00,0.067416,0.000999999999976,0.068415999999976
2016-05-01 12:00:00,0.071629,0.00100000000009,0.07262900000009
2016-05-01 13:00:00,0.511236,0,0.511236
2016-05-01 14:00:00,0.064607,0,0.064607
2016-05-01 15:00:00,0.050562,0,0.050562
2016-05-01 16:00:00,0.247191,0,0.247191
2016-05-01 17:00:00,0.049157,0,0.049157
2016-05-01 18:00:00,0.070225,0,0.070225
2016-05-01 19:00:00,0.179775,0,0.179775
2016-05-01 20:00:00,0.099719,0,0.099719
2016-05-01 21:00:00,0.139045,0,0.139045
2016-05-01 22:00:00,0.141854,0,0.141854
2016-05-01 23:00:00,0.11236,0,0.11236
2016-05-02 00:00:00,0.122191,0,0.122191
2016-05-02 01:00:00,0.071629,0,0.071629
2016-05-02 02:00:00,0.035112,0,0.035112
2016-05-02 03:00:00,0.039326,0,0.039326
2016-05-02 04:00:00,0.039326,0,0.039326
2016-05-02 05:00:00,0.021067,0,0.021067
2016-05-02 06:00:00,0.026685,0,0.026685
2016-05-02 07:00:00,0.037921,0,0.037921
2016-05-02 08:00:00,0.095506,0,0.095506
2016-05-02 09:00:00,0.082865,0,0.082865
2016-05-02 10:00:00,0.067416,1.0379999999999,1.1054159999999
2016-05-02 11:00:00,0.061798,2.21600000000001,2.27779800000001
2016-05-02 12:00:00,0.074438,0.185000000000059,0.259438000000059
2016-05-02 13:00:00,0.064607,1.55099999999993,1.61560699999993
2016-05-02 14:00:00,0.227528,0.350999999999999,0.578527999999999
2016-05-02 15:00:00,0.106742,0.00100000000009,0.10774200000009
2016-05-02 16:00:00,0.144663,0.000999999999976,0.145662999999976
2016-05-02 17:00:00,0.075843,0,0.075843
2016-05-02 18:00:00,0.098315,0,0.098315
2016-05-02 19:00:00,0.098315,0,0.098315
2016-05-02 20:00:00,0.116573,0,0.116573
2016-05-02 21:00:00,0.085674,0,0.085674
2016-05-02 22:00:00,0.117978,0,0.117978
2016-05-02 23:00:00,0.150281,0,0.150281
2016-05-03 00:00:00,0.085674,0,0.085674
2016-05-03 01:00:00,0.043539,0,0.043539
2016-05-03 02:00:00,0.039326,0,0.039326
2016-05-03 03:00:00,0.029494,0,0.029494
2016-05-03 04:00:00,0.039326,0,0.039326
2016-05-03 05:00:00,0.023876,0,0.023876
2016-05-03 06:00:00,0.023876,0,0.023876
2016-05-03 07:00:00,0.036517,0,0.036517
2016-05-03 08:00:00,0.280899,0,0.280899
2016-05-03 09:00:00,0.092697,0.552999999999997,0.645696999999997
2016-05-03 10:00:00,0.234551,1.89099999999996,2.12555099999996
2016-05-03 11:00:00,0.360955,0.134000000000015,0.494955000000015
2016-05-03 12:00:00,0.210674,0,0.210674
2016-05-03 13:00:00,0.081461,0,0.081461
2016-05-03 14:00:00,0.122191,0,0.122191
2016-05-03 15:00:00,0.091292,0,0.091292
2016-05-03 16:00:00,0.155899,0,0.155899
2016-05-03 17:00:00,0.066011,0,0.066011
2016-05-03 18:00:00,0.080056,0,0.080056
2016-05-03 19:00:00,0.081461,0,0.081461
2016-05-03 20:00:00,0.08427,0,0.08427
2016-05-03 21:00:00,0.081461,0,0.081461
2016-05-03 22:00:00,0.11236,0,0.11236
2016-05-03 23:00:00,0.108146,0,0.108146
2016-05-04 00:00:00,0.099719,0,0.099719
2016-05-04 01:00:00,0.060393,0,0.060393
2016-05-04 02:00:00,0.042135,0,0.042135
2016-05-04 03:00:00,0.032303,0,0.032303
2016-05-04 04:00:00,0.026685,0,0.026685
2016-05-04 05:00:00,0.023876,0,0.023876
2016-05-04 06:00:00,0.022472,0.000999999999976,0.023471999999976
2016-05-04 07:00:00,0.053371,0,0.053371
2016-05-04 08:00:00,0.088483,0,0.088483
2016-05-04 09:00:00,0.154494,0,0.154494
2016-05-04 10:00:00,0.098315,0.00100000000009,0.09931500000009
2016-05-04 11:00:00,0.130618,0,0.130618
2016-05-04 12:00:00,0.085674,0.000999999999976,0.086673999999976
2016-05-04 13:00:00,0.157303,0.000999999999976,0.158302999999976
2016-05-04 14:00:00,0.117978,0.001999999999953,0.119977999999953
2016-05-04 15:00:00,0.085674,0.002000000000066,0.087674000000066
2016-05-04 16:00:00,0.067416,0,0.067416
2016-05-04 17:00:00,0.101124,0,0.101124
2016-05-04 18:00:00,0.081461,0,0.081461
2016-05-04 19:00:00,0.081461,0,0.081461
2016-05-04 20:00:00,0.070225,0,0.070225
2016-05-04 21:00:00,0.127809,0,0.127809
2016-05-04 22:00:00,0.141854,0,0.141854
2016-05-04 23:00:00,0.192416,0,0.192416
2016-05-05 00:00:00,0.136236,0,0.136236
2016-05-05 01:00:00,0.066011,0,0.066011
2016-05-05 02:00:00,0.02809,0,0.02809
2016-05-05 03:00:00,0.029494,0,0.029494
2016-05-05 04:00:00,0.029494,0,0.029494
2016-05-05 05:00:00,0.032303,0,0.032303
2016-05-05 06:00:00,0.022472,0,0.022472
2016-05-05 07:00:00,0.033708,0,0.033708
2016-05-05 08:00:00,0.169944,0,0.169944
2016-05-05 09:00:00,0.178371,0,0.178371
2016-05-05 10:00:00,0.272472,0,0.272472
2016-05-05 11:00:00,0.16573,2.64800000000002,2.81373000000002
2016-05-05 12:00:00,0.223315,0.945999999999913,1.16931499999991
2016-05-05 13:00:00,0.303371,0.00100000000009,0.30437100000009
2016-05-05 14:00:00,0.213483,0.001999999999953,0.215482999999953
2016-05-05 15:00:00,0.469101,0.101999999999975,0.571100999999975
2016-05-05 16:00:00,0.091292,1.98800000000006,2.07929200000006
2016-05-05 17:00:00,0.132022,1.125,1.257022
2016-05-05 18:00:00,0.125,0.001999999999953,0.126999999999953
2016-05-05 19:00:00,0.082865,0,0.082865
2016-05-05 20:00:00,0.077247,0,0.077247
2016-05-05 21:00:00,0.050562,0,0.050562
2016-05-05 22:00:00,0.087079,0,0.087079
2016-05-05 23:00:00,0.117978,0,0.117978
2016-05-06 00:00:00,0.106742,0,0.106742
2016-05-06 01:00:00,0.066011,0,0.066011
2016-05-06 02:00:00,0.029494,0,0.029494
2016-05-06 03:00:00,0.037921,0,0.037921
2016-05-06 04:00:00,0.02809,0,0.02809
2016-05-06 05:00:00,0.025281,0,0.025281
2016-05-06 06:00:00,0.030899,0,0.030899
2016-05-06 07:00:00,0.141854,0.000999999999976,0.142853999999976
2016-05-06 08:00:00,0.089888,0,0.089888
2016-05-06 09:00:00,0.355337,0,0.355337
2016-05-06 10:00:00,0.113764,0.00100000000009,0.11476400000009
2016-05-06 11:00:00,0.18118,0.759999999999991,0.941179999999991
2016-05-06 12:00:00,0.105337,0.000999999999976,0.106336999999976
2016-05-06 13:00:00,0.113764,0.001999999999953,0.115763999999953
2016-05-06 14:00:00,0.255618,0.002000000000066,0.257618000000066
2016-05-06 15:00:00,0.094101,0.001999999999953,0.096100999999953
2016-05-06 16:00:00,0.078652,0.948999999999955,1.02765199999996
2016-05-06 17:00:00,0.103933,0.63900000000001,0.74293300000001
2016-05-06 18:00:00,0.066011,0,0.066011
2016-05-06 19:00:00,0.103933,0,0.103933
2016-05-06 20:00:00,0.133427,0,0.133427
2016-05-06 21:00:00,0.095506,0,0.095506
2016-05-06 22:00:00,0.122191,0,0.122191
2016-05-06 23:00:00,0.129213,0,0.129213
2016-05-07 00:00:00,0.099719,0,0.099719
2016-05-07 01:00:00,0.05618,0,0.05618
2016-05-07 02:00:00,0.033708,0,0.033708
2016-05-07 03:00:00,0.029494,0,0.029494
2016-05-07 04:00:00,0.02809,0,0.02809
2016-05-07 05:00:00,0.023876,0,0.023876
2016-05-07 06:00:00,0.025281,0,0.025281
2016-05-07 07:00:00,0.030899,1.79700000000003,1.82789900000003
2016-05-07 08:00:00,0.051966,1.21500000000003,1.26696600000003
2016-05-07 09:00:00,0.098315,0.018000000000029,0.116315000000029
2016-05-07 10:00:00,0.144663,0.000999999999976,0.145662999999976
2016-05-07 11:00:00,0.094101,0.001999999999953,0.096100999999953
2016-05-07 12:00:00,0.092697,0.002000000000066,0.094697000000066
2016-05-07 13:00:00,0.058989,0.001999999999953,0.060988999999953
2016-05-07 14:00:00,0.157303,0.000999999999976,0.158302999999976
2016-05-07 15:00:00,0.077247,0.002000000000066,0.079247000000066
2016-05-07 16:00:00,0.088483,0.001999999999953,0.090482999999953
2016-05-07 17:00:00,0.09691,0,0.09691
2016-05-07 18:00:00,0.092697,0,0.092697
2016-05-07 19:00:00,0.080056,0,0.080056
2016-05-07 20:00:00,0.192416,0,0.192416
2016-05-07 21:00:00,0.103933,0,0.103933
2016-05-07 22:00:00,0.08427,0,0.08427
2016-05-07 23:00:00,0.127809,0,0.127809
2016-05-08 00:00:00,0.095506,0,0.095506
2016-05-08 01:00:00,0.109551,0,0.109551
2016-05-08 02:00:00,0.071629,0,0.071629
2016-05-08 03:00:00,0.026685,0,0.026685
2016-05-08 04:00:00,0.025281,0,0.025281
2016-05-08 05:00:00,0.026685,0,0.026685
2016-05-08 06:00:00,0.022472,0,0.022472
2016-05-08 07:00:00,0.037921,0,0.037921
2016-05-08 08:00:00,0.091292,0,0.091292
2016-05-08 09:00:00,0.206461,0,0.206461
2016-05-08 10:00:00,0.230337,0.000999999999976,0.231336999999976
2016-05-08 11:00:00,0.109551,0,0.109551
2016-05-08 12:00:00,0.058989,0,0.058989
2016-05-08 13:00:00,0.380618,0.00100000000009,0.38161800000009
2016-05-08 14:00:00,0.063202,1.1099999999999,1.1732019999999
2016-05-08 15:00:00,0.077247,0.00100000000009,0.07824700000009
2016-05-08 16:00:00,0.09691,0,0.09691
2016-05-08 17:00:00,0.037921,0,0.037921
2016-05-08 18:00:00,0.050562,0,0.050562
2016-05-08 19:00:00,0.066011,0,0.066011
2016-05-08 20:00:00,0.063202,0,0.063202
2016-05-08 21:00:00,0.254213,0,0.254213
2016-05-08 22:00:00,0.080056,0,0.080056
2016-05-08 23:00:00,0.060393,0,0.060393
2016-05-09 00:00:00,0.057584,0,0.057584
2016-05-09 01:00:00,0.026685,0,0.026685
2016-05-09 02:00:00,0.025281,0,0.025281
2016-05-09 03:00:00,0.043539,0,0.043539
2016-05-09 04:00:00,0.030899,0,0.030899
2016-05-09 05:00:00,0.026685,0,0.026685
2016-05-09 06:00:00,0.019663,0,0.019663
2016-05-09 07:00:00,0.066011,0,0.066011
2016-05-09 08:00:00,0.029494,0,0.029494
2016-05-09 09:00:00,0.051966,0,0.051966
2016-05-09 10:00:00,0.036517,0,0.036517
2016-05-09 11:00:00,0.058989,0.001999999999953,0.060988999999953
2016-05-09 12:00:00,0.044944,0.001999999999953,0.046943999999953
2016-05-09 13:00:00,0.029494,0.00100000000009,0.03049400000009
2016-05-09 14:00:00,0.078652,0.000999999999976,0.079651999999976
2016-05-09 15:00:00,0.172753,0,0.172753
2016-05-09 16:00:00,0.366573,0.000999999999976,0.367572999999976
2016-05-09 17:00:00,0.108146,0,0.108146
2016-05-09 18:00:00,0.089888,0,0.089888
2016-05-09 19:00:00,0.109551,0,0.109551
2016-05-09 20:00:00,0.198034,0,0.198034
2016-05-09 21:00:00,0.099719,0,0.099719
2016-05-09 22:00:00,0.129213,0,0.129213
2016-05-09 23:00:00,0.136236,0,0.136236
2016-05-10 00:00:00,0.169944,0,0.169944
2016-05-10 01:00:00,0.030899,0,0.030899
2016-05-10 02:00:00,0.025281,0,0.025281
2016-05-10 03:00:00,0.039326,0,0.039326
2016-05-10 04:00:00,0.033708,0,0.033708
2016-05-10 05:00:00,0.026685,0,0.026685
2016-05-10 06:00:00,0.026685,0.000999999999976,0.027684999999976
2016-05-10 07:00:00,0.035112,0,0.035112
2016-05-10 08:00:00,0.099719,0,0.099719
2016-05-10 09:00:00,0.098315,0,0.098315
2016-05-10 10:00:00,0.077247,0,0.077247
2016-05-10 11:00:00,0.064607,0,0.064607
2016-05-10 12:00:00,0.255618,0.000999999999976,0.256617999999976
2016-05-10 13:00:00,0.092697,0,0.092697
2016-05-10 14:00:00,0.098315,0.00100000000009,0.09931500000009
2016-05-10 15:00:00,0.101124,0,0.101124
2016-05-10 16:00:00,0.05618,0,0.05618
2016-05-10 17:00:00,0.103933,0,0.103933
2016-05-10 18:00:00,0.088483,0,0.088483
2016-05-10 19:00:00,0.098315,0,0.098315
2016-05-10 20:00:00,0.101124,0,0.101124
2016-05-10 21:00:00,0.126404,0,0.126404
2016-05-10 22:00:00,0.154494,0,0.154494
2016-05-10 23:00:00,0.158708,0,0.158708
2016-05-11 00:00:00,0.13764,0,0.13764
2016-05-11 01:00:00,0.039326,0,0.039326
2016-05-11 02:00:00,0.039326,0,0.039326
2016-05-11 03:00:00,0.029494,0,0.029494
2016-05-11 04:00:00,0.023876,0,0.023876
2016-05-11 05:00:00,0.030899,0,0.030899
2016-05-11 06:00:00,0.021067,0,0.021067
2016-05-11 07:00:00,0.029494,0,0.029494
2016-05-11 08:00:00,0.082865,0,0.082865
2016-05-11 09:00:00,0.063202,0,0.063202
2016-05-11 10:00:00,0.070225,1.18299999999999,1.25322499999999
2016-05-11 11:00:00,0.054775,1.923,1.977775
2016-05-11 12:00:00,0.196629,1.16300000000001,1.35962900000001
2016-05-11 13:00:00,0.146067,0.009000000000015,0.155067000000015
2016-05-11 14:00:00,0.082865,0,0.082865
2016-05-11 15:00:00,0.127809,0,0.127809
2016-05-11 16:00:00,0.102528,0,0.102528
2016-05-11 17:00:00,0.067416,0,0.067416
2016-05-11 18:00:00,0.20927,0,0.20927
2016-05-11 19:00:00,0.231742,0,0.231742
2016-05-11 20:00:00,0.09691,0,0.09691
2016-05-11 21:00:00,0.106742,0,0.106742
2016-05-11 22:00:00,0.217697,0,0.217697
2016-05-11 23:00:00,0.217697,0,0.217697
2016-05-12 00:00:00,0.122191,0,0.122191
2016-05-12 01:00:00,0.064607,0,0.064607
2016-05-12 02:00:00,0.030899,0,0.030899
2016-05-12 03:00:00,0.033708,0,0.033708
2016-05-12 04:00:00,0.035112,0,0.035112
2016-05-12 05:00:00,0.026685,0,0.026685
2016-05-12 06:00:00,0.019663,0,0.019663
2016-05-12 07:00:00,0.026685,0,0.026685
2016-05-12 08:00:00,0.16573,0,0.16573
2016-05-12 09:00:00,0.140449,0,0.140449
2016-05-12 10:00:00,0.238764,0,0.238764
2016-05-12 11:00:00,0.146067,0,0.146067
2016-05-12 12:00:00,0.060393,0,0.060393
2016-05-12 13:00:00,0.125,0,0.125
2016-05-12 14:00:00,0.113764,0,0.113764
2016-05-12 15:00:00,0.160112,0,0.160112
2016-05-12 16:00:00,0.078652,0,0.078652
2016-05-12 17:00:00,0.127809,0,0.127809
2016-05-12 18:00:00,0.05618,0,0.05618
2016-05-12 19:00:00,0.054775,0,0.054775
2016-05-12 20:00:00,0.08427,0,0.08427
2016-05-12 21:00:00,0.134831,0,0.134831
2016-05-12 22:00:00,0.122191,0,0.122191
2016-05-12 23:00:00,0.348315,0,0.348315
2016-05-13 00:00:00,0.105337,0,0.105337
2016-05-13 01:00:00,0.077247,0,0.077247
2016-05-13 02:00:00,0.032303,0,0.032303
2016-05-13 03:00:00,0.029494,0,0.029494
2016-05-13 04:00:00,0.033708,0,0.033708
2016-05-13 05:00:00,0.023876,0,0.023876
2016-05-13 06:00:00,0.025281,0,0.025281
2016-05-13 07:00:00,0.02809,0,0.02809
2016-05-13 08:00:00,0.050562,0,0.050562
2016-05-13 09:00:00,0.044944,0,0.044944
2016-05-13 10:00:00,0.164326,1.10899999999992,1.27332599999992
2016-05-13 11:00:00,0.05618,1.654,1.71018
2016-05-13 12:00:00,0.02809,1.84699999999998,1.87508999999998
2016-05-13 13:00:00,0.109551,1.86099999999999,1.97055099999999
2016-05-13 14:00:00,0.087079,1.30400000000009,1.39107900000009
2016-05-13 15:00:00,0.078652,0.163999999999987,0.242651999999987
2016-05-13 16:00:00,0.081461,0,0.081461
2016-05-13 17:00:00,0.073034,0,0.073034
2016-05-13 18:00:00,0.276685,0,0.276685
2016-05-13 19:00:00,0.074438,0,0.074438
2016-05-13 20:00:00,0.057584,0,0.057584
2016-05-13 21:00:00,0.058989,0,0.058989
2016-05-13 22:00:00,0.080056,0,0.080056
2016-05-13 23:00:00,0.119382,0,0.119382
2016-05-14 00:00:00,0.081461,0,0.081461
2016-05-14 01:00:00,0.057584,0,0.057584
2016-05-14 02:00:00,0.032303,0,0.032303
2016-05-14 03:00:00,0.039326,0,0.039326
2016-05-14 04:00:00,0.029494,0,0.029494
2016-05-14 05:00:00,0.029494,0,0.029494
2016-05-14 06:00:00,0.033708,0,0.033708
2016-05-14 07:00:00,0.026685,0.000999999999976,0.027684999999976
2016-05-14 08:00:00,0.051966,0,0.051966
2016-05-14 09:00:00,0.036517,0,0.036517
2016-05-14 10:00:00,0.058989,0,0.058989
2016-05-14 11:00:00,0.057584,0,0.057584
2016-05-14 12:00:00,0.08427,0.000999999999976,0.085269999999976
2016-05-14 13:00:00,0.408708,0,0.408708
2016-05-14 14:00:00,0.171348,0,0.171348
2016-05-14 15:00:00,0.183989,0,0.183989
2016-05-14 16:00:00,0.175562,0,0.175562
2016-05-14 17:00:00,0.120787,0,0.120787
2016-05-14 18:00:00,0.160112,0,0.160112
2016-05-14 19:00:00,0.141854,0,0.141854
2016-05-14 20:00:00,0.110955,0,0.110955
2016-05-14 21:00:00,0.108146,0,0.108146
2016-05-14 22:00:00,0.214888,0,0.214888
2016-05-14 23:00:00,0.196629,0,0.196629
2016-05-15 00:00:00,0.11236,0,0.11236
2016-05-15 01:00:00,0.110955,0,0.110955
2016-05-15 02:00:00,0.077247,0,0.077247
2016-05-15 03:00:00,0.029494,0,0.029494
2016-05-15 04:00:00,0.029494,0,0.029494
2016-05-15 05:00:00,0.032303,0,0.032303
2016-05-15 06:00:00,0.032303,0,0.032303
2016-05-15 07:00:00,0.053371,0,0.053371
2016-05-15 08:00:00,0.16573,0,0.16573
2016-05-15 09:00:00,0.134831,0,0.134831
2016-05-15 10:00:00,0.127809,0,0.127809
2016-05-15 11:00:00,0.25,0.000999999999976,0.250999999999976
2016-05-15 12:00:00,0.095506,0.00100000000009,0.09650600000009
2016-05-15 13:00:00,0.126404,0.000999999999976,0.127403999999976
2016-05-15 14:00:00,0.158708,0,0.158708
2016-05-15 15:00:00,0.164326,0,0.164326
2016-05-15 16:00:00,0.148876,0,0.148876
2016-05-15 17:00:00,0.161517,0.000999999999976,0.162516999999976
2016-05-15 18:00:00,0.162921,0,0.162921
2016-05-15 19:00:00,0.139045,0,0.139045
2016-05-15 20:00:00,0.080056,0,0.080056
2016-05-15 21:00:00,0.13764,0,0.13764
2016-05-15 22:00:00,0.234551,0,0.234551
2016-05-15 23:00:00,0.110955,0,0.110955
2016-05-16 00:00:00,0.103933,0,0.103933
2016-05-16 01:00:00,0.099719,0,0.099719
2016-05-16 02:00:00,0.066011,0,0.066011
2016-05-16 03:00:00,0.022472,0,0.022472
2016-05-16 04:00:00,0.032303,0,0.032303
2016-05-16 05:00:00,0.023876,0,0.023876
2016-05-16 06:00:00,0.033708,0,0.033708
2016-05-16 07:00:00,0.026685,0,0.026685
2016-05-16 08:00:00,0.022472,0,0.022472
2016-05-16 09:00:00,0.02809,0,0.02809
2016-05-16 10:00:00,0.025281,0,0.025281
2016-05-16 11:00:00,0.036517,0,0.036517
2016-05-16 12:00:00,0.036517,0,0.036517
2016-05-16 13:00:00,0.033708,0,0.033708
2016-05-16 14:00:00,0.02809,0,0.02809
2016-05-16 15:00:00,0.051966,0,0.051966
2016-05-16 16:00:00,0.051966,0,0.051966
2016-05-16 17:00:00,0.199438,0,0.199438
2016-05-16 18:00:00,0.091292,0,0.091292
2016-05-16 19:00:00,0.077247,0,0.077247
2016-05-16 20:00:00,0.091292,0,0.091292
2016-05-16 21:00:00,0.088483,0,0.088483
2016-05-16 22:00:00,0.089888,0,0.089888
2016-05-16 23:00:00,0.161517,0,0.161517
2016-05-17 00:00:00,0.110955,0,0.110955
2016-05-17 01:00:00,0.02809,0,0.02809
2016-05-17 02:00:00,0.035112,0,0.035112
2016-05-17 03:00:00,0.029494,0,0.029494
2016-05-17 04:00:00,0.035112,0,0.035112
2016-05-17 05:00:00,0.037921,0,0.037921
2016-05-17 06:00:00,0.026685,0,0.026685
2016-05-17 07:00:00,0.05618,0,0.05618
2016-05-17 08:00:00,0.117978,0,0.117978
2016-05-17 09:00:00,0.136236,0,0.136236
2016-05-17 10:00:00,0.113764,0,0.113764
2016-05-17 11:00:00,0.292135,0,0.292135
2016-05-17 12:00:00,0.103933,0,0.103933
2016-05-17 13:00:00,0.129213,0,0.129213
2016-05-17 14:00:00,0.099719,0.000999999999976,0.100718999999976
2016-05-17 15:00:00,0.105337,0,0.105337
2016-05-17 16:00:00,0.133427,0,0.133427
2016-05-17 17:00:00,0.113764,0,0.113764
2016-05-17 18:00:00,0.125,0,0.125
2016-05-17 19:00:00,0.091292,0,0.091292
2016-05-17 20:00:00,0.141854,0,0.141854
2016-05-17 21:00:00,0.147472,0,0.147472
2016-05-17 22:00:00,0.120787,0,0.120787
2016-05-17 23:00:00,0.15309,0,0.15309
2016-05-18 00:00:00,0.053371,0,0.053371
2016-05-18 01:00:00,0.026685,0,0.026685
2016-05-18 02:00:00,0.035112,0,0.035112
2016-05-18 03:00:00,0.02809,0,0.02809
2016-05-18 04:00:00,0.033708,0,0.033708
2016-05-18 05:00:00,0.030899,0,0.030899
2016-05-18 06:00:00,0.023876,0,0.023876
2016-05-18 07:00:00,0.053371,0,0.053371
2016-05-18 08:00:00,0.203652,0,0.203652
2016-05-18 09:00:00,0.123596,0,0.123596
2016-05-18 10:00:00,0.102528,0.000999999999976,0.103527999999976
2016-05-18 11:00:00,0.119382,0.00100000000009,0.12038200000009
2016-05-18 12:00:00,0.101124,0,0.101124
2016-05-18 13:00:00,0.224719,0.001999999999953,0.226718999999953
2016-05-18 14:00:00,0.122191,0,0.122191
2016-05-18 15:00:00,0.150281,0,0.150281
2016-05-18 16:00:00,0.259831,0,0.259831
2016-05-18 17:00:00,0.113764,0,0.113764
2016-05-18 18:00:00,0.139045,0,0.139045
2016-05-18 19:00:00,0.150281,0,0.150281
2016-05-18 20:00:00,0.226124,0,0.226124
2016-05-18 21:00:00,0.129213,0,0.129213
2016-05-18 22:00:00,0.13764,0,0.13764
2016-05-18 23:00:00,0.183989,0,0.183989
2016-05-19 00:00:00,0.122191,0,0.122191
2016-05-19 01:00:00,0.064607,0,0.064607
2016-05-19 02:00:00,0.030899,0,0.030899
2016-05-19 03:00:00,0.033708,0,0.033708
2016-05-19 04:00:00,0.035112,0,0.035112
2016-05-19 05:00:00,0.026685,0,0.026685
2016-05-19 06:00:00,0.019663,0,0.019663
2016-05-19 07:00:00,0.026685,0,0.026685
2016-05-19 08:00:00,0.16573,0,0.16573
2016-05-19 09:00:00,0.140449,0,0.140449
2016-05-19 10:00:00,0.238764,0,0.238764
2016-05-19 11:00:00,0.146067,0,0.146067
2016-05-19 12:00:00,0.060393,0,0.060393
2016-05-19 13:00:00,0.125,0,0.125
2016-05-19 14:00:00,0.113764,0.000999999999976,0.114763999999976
2016-05-19 15:00:00,0.160112,0,0.160112
2016-05-19 16:00:00,0.078652,0,0.078652
2016-05-19 17:00:00,0.127809,0,0.127809
2016-05-19 18:00:00,0.05618,0,0.05618
2016-05-19 19:00:00,0.054775,0,0.054775
2016-05-19 20:00:00,0.08427,0,0.08427
2016-05-19 21:00:00,0.134831,0,0.134831
2016-05-19 22:00:00,0.122191,0,0.122191
2016-05-19 23:00:00,0.348315,0,0.348315
2016-05-20 00:00:00,0.174157,0,0.174157
2016-05-20 01:00:00,0.105337,0,0.105337
2016-05-20 02:00:00,0.05618,0,0.05618
2016-05-20 03:00:00,0.033708,0,0.033708
2016-05-20 04:00:00,0.036517,0,0.036517
2016-05-20 05:00:00,0.02809,0,0.02809
2016-05-20 06:00:00,0.036517,0,0.036517
2016-05-20 07:00:00,0.022472,0,0.022472
2016-05-20 08:00:00,0.046348,0,0.046348
2016-05-20 09:00:00,0.049157,0,0.049157
2016-05-20 10:00:00,0.095506,0,0.095506
2016-05-20 11:00:00,0.061798,0.002000000000066,0.063798000000066
2016-05-20 12:00:00,0.061798,0.001999999999953,0.063797999999953
2016-05-20 13:00:00,0.150281,0.000999999999976,0.151280999999976
2016-05-20 14:00:00,0.070225,0.002000000000066,0.072225000000066
2016-05-20 15:00:00,0.067416,0.000999999999976,0.068415999999976
2016-05-20 16:00:00,0.05618,0,0.05618
2016-05-20 17:00:00,0.063202,0,0.063202
2016-05-20 18:00:00,0.20927,0,0.20927
2016-05-20 19:00:00,0.08427,0,0.08427
2016-05-20 20:00:00,0.070225,0,0.070225
2016-05-20 21:00:00,0.071629,0,0.071629
2016-05-20 22:00:00,0.088483,0,0.088483
2016-05-20 23:00:00,0.123596,0,0.123596
2016-05-21 00:00:00,0.113764,0,0.113764
2016-05-21 01:00:00,0.094101,0,0.094101
2016-05-21 02:00:00,0.033708,0,0.033708
2016-05-21 03:00:00,0.025281,0,0.025281
2016-05-21 04:00:00,0.032303,0,0.032303
2016-05-21 05:00:00,0.023876,0,0.023876
2016-05-21 06:00:00,0.036517,0,0.036517
2016-05-21 07:00:00,0.039326,0,0.039326
2016-05-21 08:00:00,0.030899,0,0.030899
2016-05-21 09:00:00,0.032303,0,0.032303
2016-05-21 10:00:00,0.074438,1.63999999999999,1.71443799999999
2016-05-21 11:00:00,0.04073,0.493000000000052,0.533730000000052
2016-05-21 12:00:00,0.053371,0.001999999999953,0.055370999999953
2016-05-21 13:00:00,0.113764,0.001999999999953,0.115763999999953
2016-05-21 14:00:00,0.304775,0.00100000000009,0.30577500000009
2016-05-21 15:00:00,0.382022,0,0.382022
2016-05-21 16:00:00,0.102528,0,0.102528
2016-05-21 17:00:00,0.099719,0,0.099719
2016-05-21 18:00:00,0.110955,0,0.110955
2016-05-21 19:00:00,0.080056,0,0.080056
2016-05-21 20:00:00,0.103933,0,0.103933
2016-05-21 21:00:00,0.080056,0,0.080056
2016-05-21 22:00:00,0.117978,0,0.117978
2016-05-21 23:00:00,0.144663,0,0.144663
2016-05-22 00:00:00,0.110955,0,0.110955
2016-05-22 01:00:00,0.101124,0,0.101124
2016-05-22 02:00:00,0.042135,0,0.042135
2016-05-22 03:00:00,0.039326,0,0.039326
2016-05-22 04:00:00,0.02809,0,0.02809
2016-05-22 05:00:00,0.030899,0,0.030899
2016-05-22 06:00:00,0.032303,0,0.032303
2016-05-22 07:00:00,0.036517,0.050999999999931,0.087516999999931
2016-05-22 08:00:00,0.053371,2.32600000000002,2.37937100000002
2016-05-22 09:00:00,0.036517,2.322,2.358517
2016-05-22 10:00:00,0.039326,0.58299999999997,0.62232599999997
2016-05-22 11:00:00,0.044944,0.00100000000009,0.04594400000009
2016-05-22 12:00:00,0.043539,0,0.043539
2016-05-22 13:00:00,0.195225,0,0.195225
2016-05-22 14:00:00,0.033708,0.000999999999976,0.034707999999976
2016-05-22 15:00:00,0.029494,0,0.029494
2016-05-22 16:00:00,0.025281,0,0.025281
2016-05-22 17:00:00,0.060393,0,0.060393
2016-05-22 18:00:00,0.04073,0,0.04073
2016-05-22 19:00:00,0.066011,0,0.066011
2016-05-22 20:00:00,0.047753,0,0.047753
2016-05-22 21:00:00,0.057584,0,0.057584
2016-05-22 22:00:00,0.066011,0,0.066011
2016-05-22 23:00:00,0.105337,0,0.105337
2016-05-23 00:00:00,0.077247,0,0.077247
2016-05-23 01:00:00,0.073034,0,0.073034
2016-05-23 02:00:00,0.042135,0,0.042135
2016-05-23 03:00:00,0.033708,0,0.033708
2016-05-23 04:00:00,0.033708,0,0.033708
2016-05-23 05:00:00,0.019663,0,0.019663
2016-05-23 06:00:00,0.02809,0,0.02809
2016-05-23 07:00:00,0.021067,0,0.021067
2016-05-23 08:00:00,0.02809,0,0.02809
2016-05-23 09:00:00,0.039326,0,0.039326
2016-05-23 10:00:00,0.033708,0,0.033708
2016-05-23 11:00:00,0.032303,0,0.032303
2016-05-23 12:00:00,0.058989,0,0.058989
2016-05-23 13:00:00,0.049157,0,0.049157
2016-05-23 14:00:00,0.139045,0,0.139045
2016-05-23 15:00:00,0.070225,0,0.070225
2016-05-23 16:00:00,0.080056,0,0.080056
2016-05-23 17:00:00,0.051966,0,0.051966
2016-05-23 18:00:00,0.064607,0,0.064607
2016-05-23 19:00:00,0.053371,0,0.053371
2016-05-23 20:00:00,0.105337,0,0.105337
2016-05-23 21:00:00,0.047753,0,0.047753
2016-05-23 22:00:00,0.066011,0,0.066011
2016-05-23 23:00:00,0.089888,0,0.089888
2016-05-24 00:00:00,0.11236,0,0.11236
2016-05-24 01:00:00,0.077247,0,0.077247
2016-05-24 02:00:00,0.032303,0,0.032303
2016-05-24 03:00:00,0.047753,0,0.047753
2016-05-24 04:00:00,0.02809,0,0.02809
2016-05-24 05:00:00,0.02809,0,0.02809
2016-05-24 06:00:00,0.022472,0,0.022472
2016-05-24 07:00:00,0.025281,0,0.025281
2016-05-24 08:00:00,0.035112,0,0.035112
2016-05-24 09:00:00,0.053371,0,0.053371
2016-05-24 10:00:00,0.02809,0,0.02809
2016-05-24 11:00:00,0.035112,0.000999999999976,0.036111999999976
2016-05-24 12:00:00,0.046348,0,0.046348
2016-05-24 13:00:00,0.037921,0,0.037921
2016-05-24 14:00:00,0.051966,0,0.051966
2016-05-24 15:00:00,0.057584,0,0.057584
2016-05-24 16:00:00,0.023876,0,0.023876
2016-05-24 17:00:00,0.044944,0,0.044944
2016-05-24 18:00:00,0.037921,0,0.037921
2016-05-24 19:00:00,0.053371,0,0.053371
2016-05-24 20:00:00,0.058989,0,0.058989
2016-05-24 21:00:00,0.063202,0,0.063202
2016-05-24 22:00:00,0.074438,0,0.074438
2016-05-24 23:00:00,0.116573,0,0.116573
2016-05-25 00:00:00,0.109551,0,0.109551
2016-05-25 01:00:00,0.063202,0,0.063202
2016-05-25 02:00:00,0.049157,0,0.049157
2016-05-25 03:00:00,0.029494,0,0.029494
2016-05-25 04:00:00,0.032303,0,0.032303
2016-05-25 05:00:00,0.029494,0,0.029494
2016-05-25 06:00:00,0.037921,0.000999999999976,0.038920999999976
2016-05-25 07:00:00,0.030899,0,0.030899
2016-05-25 08:00:00,0.02809,0,0.02809
2016-05-25 09:00:00,0.025281,0.000999999999976,0.026280999999976
2016-05-25 10:00:00,0.029494,0,0.029494
2016-05-25 11:00:00,0.022472,0.00100000000009,0.02347200000009
2016-05-25 12:00:00,0.032303,0,0.032303
2016-05-25 13:00:00,0.037921,0,0.037921
2016-05-25 14:00:00,0.043539,0.000999999999976,0.044538999999976
2016-05-25 15:00:00,0.057584,0,0.057584
2016-05-25 16:00:00,0.029494,0,0.029494
2016-05-25 17:00:00,0.06882,0,0.06882
2016-05-25 18:00:00,0.047753,0,0.047753
2016-05-25 19:00:00,0.043539,0,0.043539
2016-05-25 20:00:00,0.044944,0,0.044944
2016-05-25 21:00:00,0.082865,0,0.082865
2016-05-25 22:00:00,0.066011,0,0.066011
2016-05-25 23:00:00,0.066011,0,0.066011
2016-05-26 00:00:00,0.074438,0,0.074438
2016-05-26 01:00:00,0.067416,0,0.067416
2016-05-26 02:00:00,0.033708,0,0.033708
2016-05-26 03:00:00,0.025281,0,0.025281
2016-05-26 04:00:00,0.036517,0,0.036517
2016-05-26 05:00:00,0.025281,0,0.025281
2016-05-26 06:00:00,0.030899,0,0.030899
2016-05-26 07:00:00,0.030899,0,0.030899
2016-05-26 08:00:00,0.035112,0,0.035112
2016-05-26 09:00:00,0.025281,0,0.025281
2016-05-26 10:00:00,0.171348,1.322,1.493348
2016-05-26 11:00:00,0.077247,2.76999999999998,2.84724699999998
2016-05-26 12:00:00,0.029494,0.817000000000007,0.846494000000007
2016-05-26 13:00:00,0.039326,0.001999999999953,0.041325999999953
2016-05-26 14:00:00,0.080056,0.000999999999976,0.081055999999976
2016-05-26 15:00:00,0.046348,0.002000000000066,0.048348000000066
2016-05-26 16:00:00,0.078652,0,0.078652
2016-05-26 17:00:00,0.123596,0,0.123596
2016-05-26 18:00:00,0.047753,0,0.047753
2016-05-26 19:00:00,0.064607,0,0.064607
2016-05-26 20:00:00,0.098315,0,0.098315
2016-05-26 21:00:00,0.08427,0,0.08427
2016-05-26 22:00:00,0.19382,0,0.19382
2016-05-26 23:00:00,0.169944,0,0.169944
2016-05-27 00:00:00,0.095506,0,0.095506
2016-05-27 01:00:00,0.058989,0,0.058989
2016-05-27 02:00:00,0.037921,0,0.037921
2016-05-27 03:00:00,0.02809,0,0.02809
2016-05-27 04:00:00,0.029494,0,0.029494
2016-05-27 05:00:00,0.022472,0,0.022472
2016-05-27 06:00:00,0.023876,0,0.023876
2016-05-27 07:00:00,0.02809,0,0.02809
2016-05-27 08:00:00,0.037921,0,0.037921
2016-05-27 09:00:00,0.123596,0,0.123596
2016-05-27 10:00:00,0.071629,0.000999999999976,0.072628999999976
2016-05-27 11:00:00,0.064607,0.002000000000066,0.066607000000066
2016-05-27 12:00:00,0.032303,0.001999999999953,0.034302999999953
2016-05-27 13:00:00,0.214888,0,0.214888
2016-05-27 14:00:00,0.168539,0.000999999999976,0.169538999999976
2016-05-27 15:00:00,0.08427,0.000999999999976,0.085269999999976
2016-05-27 16:00:00,0.054775,0,0.054775
2016-05-27 17:00:00,0.049157,0,0.049157
2016-05-27 18:00:00,0.05618,0,0.05618
2016-05-27 19:00:00,0.057584,0,0.057584
2016-05-27 20:00:00,0.049157,0,0.049157
2016-05-27 21:00:00,0.073034,0,0.073034
2016-05-27 22:00:00,0.051966,0,0.051966
2016-05-27 23:00:00,0.098315,0,0.098315
2016-05-28 00:00:00,0.103933,0,0.103933
2016-05-28 01:00:00,0.057584,0,0.057584
2016-05-28 02:00:00,0.036517,0,0.036517
2016-05-28 03:00:00,0.025281,0,0.025281
2016-05-28 04:00:00,0.026685,0,0.026685
2016-05-28 05:00:00,0.026685,0,0.026685
2016-05-28 06:00:00,0.021067,0,0.021067
2016-05-28 07:00:00,0.023876,0,0.023876
2016-05-28 08:00:00,0.035112,0.530000000000086,0.565112000000086
2016-05-28 09:00:00,0.057584,1.8599999999999,1.9175839999999
2016-05-28 10:00:00,0.044944,1.95400000000006,1.99894400000006
2016-05-28 11:00:00,0.053371,1.20600000000002,1.25937100000002
2016-05-28 12:00:00,0.244382,0.000999999999976,0.245381999999976
2016-05-28 13:00:00,0.240169,0,0.240169
2016-05-28 14:00:00,0.157303,0.54099999999994,0.69830299999994
2016-05-28 15:00:00,0.088483,0.281000000000063,0.369483000000063
2016-05-28 16:00:00,0.037921,0,0.037921
2016-05-28 17:00:00,0.047753,0,0.047753
2016-05-28 18:00:00,0.030899,0,0.030899
2016-05-28 19:00:00,0.050562,0,0.050562
2016-05-28 20:00:00,0.067416,0,0.067416
2016-05-28 21:00:00,0.029494,0,0.029494
2016-05-28 22:00:00,0.064607,0,0.064607
2016-05-28 23:00:00,0.06882,0,0.06882
2016-05-29 00:00:00,0.074438,0,0.074438
2016-05-29 01:00:00,0.067416,0,0.067416
2016-05-29 02:00:00,0.058989,0,0.058989
2016-05-29 03:00:00,0.030899,0,0.030899
2016-05-29 04:00:00,0.029494,0,0.029494
2016-05-29 05:00:00,0.026685,0,0.026685
2016-05-29 06:00:00,0.026685,0,0.026685
2016-05-29 07:00:00,0.023876,0,0.023876
2016-05-29 08:00:00,0.032303,0,0.032303
2016-05-29 09:00:00,0.063202,0.998000000000047,1.06120200000005
2016-05-29 10:00:00,0.037921,1.76599999999996,1.80392099999996
2016-05-29 11:00:00,0.029494,0.079999999999927,0.109493999999927
2016-05-29 12:00:00,0.047753,0,0.047753
2016-05-29 13:00:00,0.025281,0,0.025281
2016-05-29 14:00:00,0.070225,0,0.070225
2016-05-29 15:00:00,0.11236,0,0.11236
2016-05-29 16:00:00,0.061798,0,0.061798
2016-05-29 17:00:00,0.053371,0,0.053371
2016-05-29 18:00:00,0.02809,0,0.02809
2016-05-29 19:00:00,0.061798,0,0.061798
2016-05-29 20:00:00,0.057584,0,0.057584
2016-05-29 21:00:00,0.081461,0,0.081461
2016-05-29 22:00:00,0.071629,0,0.071629
2016-05-29 23:00:00,0.116573,0,0.116573
2016-05-30 00:00:00,0.077247,0,0.077247
2016-05-30 01:00:00,0.073034,0,0.073034
2016-05-30 02:00:00,0.042135,0,0.042135
2016-05-30 03:00:00,0.033708,0,0.033708
2016-05-30 04:00:00,0.033708,0,0.033708
2016-05-30 05:00:00,0.019663,0,0.019663
2016-05-30 06:00:00,0.02809,0,0.02809
2016-05-30 07:00:00,0.021067,0,0.021067
2016-05-30 08:00:00,0.02809,0,0.02809
2016-05-30 09:00:00,0.039326,0,0.039326
2016-05-30 10:00:00,0.033708,0.002000000000066,0.035708000000066
2016-05-30 11:00:00,0.032303,0,0.032303
2016-05-30 12:00:00,0.058989,0.000999999999976,0.059988999999976
2016-05-30 13:00:00,0.049157,0.002000000000066,0.051157000000066
2016-05-30 14:00:00,0.139045,0.000999999999976,0.140044999999976
2016-05-30 15:00:00,0.070225,0.000999999999976,0.071224999999976
2016-05-30 16:00:00,0.080056,0.000999999999976,0.081055999999976
2016-05-30 17:00:00,0.051966,0,0.051966
2016-05-30 18:00:00,0.064607,0,0.064607
2016-05-30 19:00:00,0.053371,0,0.053371
2016-05-30 20:00:00,0.105337,0,0.105337
2016-05-30 21:00:00,0.047753,0,0.047753
2016-05-30 22:00:00,0.066011,0,0.066011
2016-05-30 23:00:00,0.089888,0,0.089888
2016-05-31 00:00:00,0.078652,0,0.078652
2016-05-31 01:00:00,0.071629,0,0.071629
2016-05-31 02:00:00,0.039326,0,0.039326
2016-05-31 03:00:00,0.025281,0,0.025281
2016-05-31 04:00:00,0.04073,0,0.04073
2016-05-31 05:00:00,0.022472,0,0.022472
2016-05-31 06:00:00,0.02809,0,0.02809
2016-05-31 07:00:00,0.089888,0,0.089888
2016-05-31 08:00:00,0.042135,0,0.042135
2016-05-31 09:00:00,0.054775,1.26700000000005,1.32177500000005
2016-05-31 10:00:00,0.25,2.00199999999995,2.25199999999995
2016-05-31 11:00:00,0.049157,2.93299999999999,2.98215699999999
2016-05-31 12:00:00,0.082865,1.68299999999999,1.76586499999999
2016-05-31 13:00:00,0.053371,0.172000000000025,0.225371000000025
2016-05-31 14:00:00,0.102528,0.000999999999976,0.103527999999976
2016-05-31 15:00:00,0.155899,0.013000000000034,0.168899000000034
2016-05-31 16:00:00,0.044944,0.866999999999962,0.911943999999962
2016-05-31 17:00:00,0.033708,0.000999999999976,0.034707999999976
2016-05-31 18:00:00,0.063202,0,0.063202
2016-05-31 19:00:00,0.238764,0,0.238764
2016-05-31 20:00:00,0.179775,0,0.179775
2016-05-31 21:00:00,0.133427,0,0.133427
2016-05-31 22:00:00,0.136236,0,0.136236
2016-05-31 23:00:00,0.234551,0,0.234551
2016-06-01 00:00:00,0.172753,0,0.172753
2016-06-01 01:00:00,0.08427,0,0.08427
2016-06-01 02:00:00,0.036517,0,0.036517
2016-06-01 03:00:00,0.046348,0,0.046348
2016-06-01 04:00:00,0.029494,0,0.029494
2016-06-01 05:00:00,0.021067,0,0.021067
2016-06-01 06:00:00,0.029494,0,0.029494
2016-06-01 07:00:00,0.064607,0,0.064607
2016-06-01 08:00:00,0.110955,0,0.110955
2016-06-01 09:00:00,0.088483,0,0.088483
2016-06-01 10:00:00,0.11236,0.002000000000066,0.114360000000066
2016-06-01 11:00:00,0.341292,0.001999999999953,0.343291999999953
2016-06-01 12:00:00,0.099719,0.00100000000009,0.10071900000009
2016-06-01 13:00:00,0.080056,0.000999999999976,0.081055999999976
2016-06-01 14:00:00,0.16573,0.001999999999953,0.167729999999953
2016-06-01 15:00:00,0.110955,0,0.110955
2016-06-01 16:00:00,0.110955,0,0.110955
2016-06-01 17:00:00,0.125,0,0.125
2016-06-01 18:00:00,0.154494,0,0.154494
2016-06-01 19:00:00,0.092697,0,0.092697
2016-06-01 20:00:00,0.26264,0,0.26264
2016-06-01 21:00:00,0.092697,0,0.092697
2016-06-01 22:00:00,0.127809,0,0.127809
2016-06-01 23:00:00,0.102528,0,0.102528
2016-06-02 00:00:00,0.120787,0,0.120787
2016-06-02 01:00:00,0.070225,0,0.070225
2016-06-02 02:00:00,0.033708,0,0.033708
2016-06-02 03:00:00,0.037921,0,0.037921
2016-06-02 04:00:00,0.030899,0,0.030899
2016-06-02 05:00:00,0.032303,0,0.032303
2016-06-02 06:00:00,0.039326,0,0.039326
2016-06-02 07:00:00,0.077247,0,0.077247
2016-06-02 08:00:00,0.047753,0,0.047753
2016-06-02 09:00:00,0.051966,0.000999999999976,0.052965999999976
2016-06-02 10:00:00,0.073034,0.00100000000009,0.07403400000009
2016-06-02 11:00:00,0.032303,0.000999999999976,0.033302999999976
2016-06-02 12:00:00,0.212079,0.000999999999976,0.213078999999976
2016-06-02 13:00:00,0.025281,0.001999999999953,0.027280999999953
2016-06-02 14:00:00,0.021067,0,0.021067
2016-06-02 15:00:00,0.023876,0,0.023876
2016-06-02 16:00:00,0.063202,0,0.063202
2016-06-02 17:00:00,0.06882,0,0.06882
2016-06-02 18:00:00,0.08427,0,0.08427
2016-06-02 19:00:00,0.075843,0,0.075843
2016-06-02 20:00:00,0.061798,0,0.061798
2016-06-02 21:00:00,0.057584,0,0.057584
2016-06-02 22:00:00,0.06882,0,0.06882
2016-06-02 23:00:00,0.080056,0,0.080056
2016-06-03 00:00:00,0.129213,0,0.129213
2016-06-03 01:00:00,0.082865,0,0.082865
2016-06-03 02:00:00,0.033708,0,0.033708
2016-06-03 03:00:00,0.043539,0,0.043539
2016-06-03 04:00:00,0.033708,0,0.033708
2016-06-03 05:00:00,0.029494,0,0.029494
2016-06-03 06:00:00,0.02809,0,0.02809
2016-06-03 07:00:00,0.094101,0,0.094101
2016-06-03 08:00:00,0.039326,0,0.039326
2016-06-03 09:00:00,0.122191,0,0.122191
2016-06-03 10:00:00,0.080056,0.00100000000009,0.08105600000009
2016-06-03 11:00:00,0.064607,0.000999999999976,0.065606999999976
2016-06-03 12:00:00,0.043539,0.002999999999929,0.046538999999929
2016-06-03 13:00:00,0.095506,0.00100000000009,0.09650600000009
2016-06-03 14:00:00,0.070225,0,0.070225
2016-06-03 15:00:00,0.077247,1.19399999999996,1.27124699999996
2016-06-03 16:00:00,0.081461,1.952,2.033461
2016-06-03 17:00:00,0.030899,0.072999999999979,0.103898999999979
2016-06-03 18:00:00,0.026685,0,0.026685
2016-06-03 19:00:00,0.035112,0,0.035112
2016-06-03 20:00:00,0.022472,0,0.022472
2016-06-03 21:00:00,0.032303,0,0.032303
2016-06-03 22:00:00,0.049157,0,0.049157
2016-06-03 23:00:00,0.203652,0,0.203652
2016-06-04 00:00:00,0.102528,0,0.102528
2016-06-04 01:00:00,0.075843,0,0.075843
2016-06-04 02:00:00,0.037921,0,0.037921
2016-06-04 03:00:00,0.053371,0,0.053371
2016-06-04 04:00:00,0.035112,0,0.035112
2016-06-04 05:00:00,0.026685,0,0.026685
2016-06-04 06:00:00,0.021067,0,0.021067
2016-06-04 07:00:00,0.02809,0,0.02809
2016-06-04 08:00:00,0.02809,1.125,1.15309
2016-06-04 09:00:00,0.036517,0,0.036517
2016-06-04 10:00:00,0.033708,1.55899999999997,1.59270799999997
2016-06-04 11:00:00,0.125,1.87900000000002,2.00400000000002
2016-06-04 12:00:00,0.037921,1.36900000000003,1.40692100000003
2016-06-04 13:00:00,0.158708,1.64499999999998,1.80370799999998
2016-06-04 14:00:00,0.033708,0.08299999999997,0.11670799999997
2016-06-04 15:00:00,0.022472,0.00100000000009,0.02347200000009
2016-06-04 16:00:00,0.046348,0,0.046348
2016-06-04 17:00:00,0.015449,0,0.015449
2016-06-04 18:00:00,0.073034,0,0.073034
2016-06-04 19:00:00,0.066011,0,0.066011
2016-06-04 20:00:00,0.113764,0,0.113764
2016-06-04 21:00:00,0.073034,0,0.073034
2016-06-04 22:00:00,0.095506,0,0.095506
2016-06-04 23:00:00,0.09691,0,0.09691
2016-06-05 00:00:00,0.106742,0,0.106742
2016-06-05 01:00:00,0.103933,0,0.103933
2016-06-05 02:00:00,0.054775,0,0.054775
2016-06-05 03:00:00,0.037921,0,0.037921
2016-06-05 04:00:00,0.029494,0,0.029494
2016-06-05 05:00:00,0.025281,0,0.025281
2016-06-05 06:00:00,0.023876,0,0.023876
2016-06-05 07:00:00,0.026685,0,0.026685
2016-06-05 08:00:00,0.022472,0,0.022472
2016-06-05 09:00:00,0.029494,0,0.029494
2016-06-05 10:00:00,0.050562,0,0.050562
2016-06-05 11:00:00,0.15309,0,0.15309
2016-06-05 12:00:00,0.018258,0.000999999999976,0.019257999999976
2016-06-05 13:00:00,0.16573,0,0.16573
2016-06-05 14:00:00,0.162921,0.001999999999953,0.164920999999953
2016-06-05 15:00:00,0.02809,0,0.02809
2016-06-05 16:00:00,0.176966,0,0.176966
2016-06-05 17:00:00,0.070225,0,0.070225
2016-06-05 18:00:00,0.070225,0,0.070225
2016-06-05 19:00:00,0.080056,0,0.080056
2016-06-05 20:00:00,0.066011,0,0.066011
2016-06-05 21:00:00,0.044944,0,0.044944
2016-06-05 22:00:00,0.060393,0,0.060393
2016-06-05 23:00:00,0.144663,0,0.144663
2016-06-06 00:00:00,0.094101,0,0.094101
2016-06-06 01:00:00,0.071629,0,0.071629
2016-06-06 02:00:00,0.030899,0,0.030899
2016-06-06 03:00:00,0.032303,0,0.032303
2016-06-06 04:00:00,0.030899,0,0.030899
2016-06-06 05:00:00,0.019663,0,0.019663
2016-06-06 06:00:00,0.016854,0,0.016854
2016-06-06 07:00:00,0.021067,0.00100000000009,0.02206700000009
2016-06-06 08:00:00,0.117978,0.000999999999976,0.118977999999976
2016-06-06 09:00:00,0.053371,0,0.053371
2016-06-06 10:00:00,0.04073,0.001999999999953,0.042729999999953
2016-06-06 11:00:00,0.029494,0.000999999999976,0.030493999999976
2016-06-06 12:00:00,0.023876,0.002000000000066,0.025876000000066
2016-06-06 13:00:00,0.103933,0.001999999999953,0.105932999999953
2016-06-06 14:00:00,0.054775,0.002000000000066,0.056775000000066
2016-06-06 15:00:00,0.029494,0.000999999999976,0.030493999999976
2016-06-06 16:00:00,0.042135,0,0.042135
2016-06-06 17:00:00,0.022472,0,0.022472
2016-06-06 18:00:00,0.029494,0,0.029494
2016-06-06 19:00:00,0.047753,0,0.047753
2016-06-06 20:00:00,0.054775,0,0.054775
2016-06-06 21:00:00,0.042135,0,0.042135
2016-06-06 22:00:00,0.043539,0,0.043539
2016-06-06 23:00:00,0.074438,0,0.074438
2016-06-07 00:00:00,0.115169,0,0.115169
2016-06-07 01:00:00,0.075843,0,0.075843
2016-06-07 02:00:00,0.037921,0,0.037921
2016-06-07 03:00:00,0.033708,0,0.033708
2016-06-07 04:00:00,0.030899,0,0.030899
2016-06-07 05:00:00,0.026685,0,0.026685
2016-06-07 06:00:00,0.032303,0.000999999999976,0.033302999999976
2016-06-07 07:00:00,0.029494,0,0.029494
2016-06-07 08:00:00,0.039326,0.000999999999976,0.040325999999976
2016-06-07 09:00:00,0.029494,0.000999999999976,0.030493999999976
2016-06-07 10:00:00,0.171348,2.178,2.349348
2016-06-07 11:00:00,0.053371,1.529,1.582371
2016-06-07 12:00:00,0.044944,0.002000000000066,0.046944000000066
2016-06-07 13:00:00,0.019663,0.001999999999953,0.021662999999953
2016-06-07 14:00:00,0.030899,0,0.030899
2016-06-07 15:00:00,0.036517,0.00100000000009,0.03751700000009
2016-06-07 16:00:00,0.050562,0,0.050562
2016-06-07 17:00:00,0.037921,0.000999999999976,0.038920999999976
2016-06-07 18:00:00,0.014045,0,0.014045
2016-06-07 19:00:00,0.054775,0,0.054775
2016-06-07 20:00:00,0.070225,0,0.070225
2016-06-07 21:00:00,0.036517,0,0.036517
2016-06-07 22:00:00,0.053371,0,0.053371
2016-06-07 23:00:00,0.106742,0,0.106742
2016-06-08 00:00:00,0.094101,0,0.094101
2016-06-08 01:00:00,0.064607,0,0.064607
2016-06-08 02:00:00,0.042135,0,0.042135
2016-06-08 03:00:00,0.037921,0,0.037921
2016-06-08 04:00:00,0.022472,0,0.022472
2016-06-08 05:00:00,0.023876,0,0.023876
2016-06-08 06:00:00,0.016854,0,0.016854
2016-06-08 07:00:00,0.022472,0,0.022472
2016-06-08 08:00:00,0.016854,0.778999999999996,0.795853999999996
2016-06-08 09:00:00,0.026685,1.63900000000001,1.66568500000001
2016-06-08 10:00:00,0.033708,1.84399999999994,1.87770799999994
2016-06-08 11:00:00,0.032303,1.46400000000006,1.49630300000006
2016-06-08 12:00:00,0.021067,0.905999999999949,0.927066999999949
2016-06-08 13:00:00,0.016854,0.788000000000011,0.804854000000011
2016-06-08 14:00:00,0.032303,0.000999999999976,0.033302999999976
2016-06-08 15:00:00,0.022472,0.000999999999976,0.023471999999976
2016-06-08 16:00:00,0.022472,0,0.022472
2016-06-08 17:00:00,0.019663,0,0.019663
2016-06-08 18:00:00,0.035112,0,0.035112
2016-06-08 19:00:00,0.108146,0,0.108146
2016-06-08 20:00:00,0.037921,0,0.037921
2016-06-08 21:00:00,0.023876,0,0.023876
2016-06-08 22:00:00,0.054775,0,0.054775
2016-06-08 23:00:00,0.110955,0,0.110955
2016-06-09 00:00:00,0.127809,0,0.127809
2016-06-09 01:00:00,0.089888,0.00100000000009,0.09088800000009
2016-06-09 02:00:00,0.042135,0,0.042135
2016-06-09 03:00:00,0.050562,0,0.050562
2016-06-09 04:00:00,0.022472,0,0.022472
2016-06-09 05:00:00,0.026685,0,0.026685
2016-06-09 06:00:00,0.016854,0,0.016854
2016-06-09 07:00:00,0.019663,0,0.019663
2016-06-09 08:00:00,0.023876,0,0.023876
2016-06-09 09:00:00,0.035112,0,0.035112
2016-06-09 10:00:00,0.022472,0.947000000000003,0.969472000000003
2016-06-09 11:00:00,0.026685,2.06999999999994,2.09668499999994
2016-06-09 12:00:00,0.049157,2.63499999999999,2.68415699999999
2016-06-09 13:00:00,0.050562,2.18400000000008,2.23456200000008
2016-06-09 14:00:00,0.049157,0.298000000000002,0.347157000000002
2016-06-09 15:00:00,0.022472,0.001999999999953,0.024471999999953
2016-06-09 16:00:00,0.018258,0.001999999999953,0.020257999999953
2016-06-09 17:00:00,0.023876,0,0.023876
2016-06-09 18:00:00,0.021067,0,0.021067
2016-06-09 19:00:00,0.067416,0,0.067416
2016-06-09 20:00:00,0.082865,0,0.082865
2016-06-09 21:00:00,0.061798,0,0.061798
2016-06-09 22:00:00,0.310393,0,0.310393
2016-06-09 23:00:00,0.077247,0,0.077247
2016-06-10 00:00:00,0.089888,0,0.089888
2016-06-10 01:00:00,0.074438,0,0.074438
2016-06-10 02:00:00,0.030899,0,0.030899
2016-06-10 03:00:00,0.02809,0,0.02809
2016-06-10 04:00:00,0.026685,0,0.026685
2016-06-10 05:00:00,0.037921,0,0.037921
2016-06-10 06:00:00,0.021067,0,0.021067
2016-06-10 07:00:00,0.02809,0,0.02809
2016-06-10 08:00:00,0.023876,0,0.023876
2016-06-10 09:00:00,0.039326,0,0.039326
2016-06-10 10:00:00,0.039326,0.00100000000009,0.04032600000009
2016-06-10 11:00:00,0.033708,1.61799999999994,1.65170799999994
2016-06-10 12:00:00,0.030899,1.92399999999998,1.95489899999998
2016-06-10 13:00:00,0.147472,0.196000000000026,0.343472000000026
2016-06-10 14:00:00,0.050562,0.000999999999976,0.051561999999976
2016-06-10 15:00:00,0.054775,0.002000000000066,0.056775000000066
2016-06-10 16:00:00,0.054775,0.000999999999976,0.055774999999976
2016-06-10 17:00:00,0.019663,0,0.019663
2016-06-10 18:00:00,0.019663,0,0.019663
2016-06-10 19:00:00,0.030899,0,0.030899
2016-06-10 20:00:00,0.036517,0,0.036517
2016-06-10 21:00:00,0.039326,0,0.039326
2016-06-10 22:00:00,0.050562,0,0.050562
2016-06-10 23:00:00,0.043539,0,0.043539
2016-06-11 00:00:00,0.074438,0,0.074438
2016-06-11 01:00:00,0.066011,0,0.066011
2016-06-11 02:00:00,0.071629,0,0.071629
2016-06-11 03:00:00,0.044944,0,0.044944
2016-06-11 04:00:00,0.029494,0,0.029494
2016-06-11 05:00:00,0.030899,0,0.030899
2016-06-11 06:00:00,0.018258,0,0.018258
2016-06-11 07:00:00,0.023876,0,0.023876
2016-06-11 08:00:00,0.016854,0.000999999999976,0.017853999999976
2016-06-11 09:00:00,0.025281,0.613000000000056,0.638281000000056
2016-06-11 10:00:00,0.032303,1.86000000000001,1.89230300000001
2016-06-11 11:00:00,0.157303,0.299999999999955,0.457302999999955
2016-06-11 12:00:00,0.025281,0.258000000000038,0.283281000000038
2016-06-11 13:00:00,0.042135,2.26699999999994,2.30913499999994
2016-06-11 14:00:00,0.095506,1.33299999999997,1.42850599999997
2016-06-11 15:00:00,0.037921,0.646000000000072,0.683921000000072
2016-06-11 16:00:00,0.043539,0.000999999999976,0.044538999999976
2016-06-11 17:00:00,0.026685,0,0.026685
2016-06-11 18:00:00,0.195225,0,0.195225
2016-06-11 19:00:00,0.074438,0,0.074438
2016-06-11 20:00:00,0.102528,0,0.102528
2016-06-11 21:00:00,0.102528,0,0.102528
2016-06-11 22:00:00,0.110955,0,0.110955
2016-06-11 23:00:00,0.11236,0,0.11236
2016-06-12 00:00:00,0.064607,0,0.064607
2016-06-12 01:00:00,0.08427,0,0.08427
2016-06-12 02:00:00,0.071629,0,0.071629
2016-06-12 03:00:00,0.042135,0,0.042135
2016-06-12 04:00:00,0.042135,0,0.042135
2016-06-12 05:00:00,0.021067,0,0.021067
2016-06-12 06:00:00,0.030899,0,0.030899
2016-06-12 07:00:00,0.025281,0.024999999999977,0.050280999999977
2016-06-12 08:00:00,0.047753,1.38300000000004,1.43075300000004
2016-06-12 09:00:00,0.04073,1.84699999999998,1.88772999999998
2016-06-12 10:00:00,0.054775,1.86099999999999,1.91577499999999
2016-06-12 11:00:00,0.070225,1.84500000000003,1.91522500000003
2016-06-12 12:00:00,0.050562,1.86500000000001,1.91556200000001
2016-06-12 13:00:00,0.032303,2.41599999999994,2.44830299999994
2016-06-12 14:00:00,0.085674,0.599000000000046,0.684674000000046
2016-06-12 15:00:00,0.087079,0.676000000000045,0.763079000000045
2016-06-12 16:00:00,0.049157,0.050999999999931,0.100156999999931
2016-06-12 17:00:00,0.047753,0,0.047753
2016-06-12 18:00:00,0.064607,0,0.064607
2016-06-12 19:00:00,0.049157,0,0.049157
2016-06-12 20:00:00,0.050562,0,0.050562
2016-06-12 21:00:00,0.054775,0,0.054775
2016-06-12 22:00:00,0.087079,0,0.087079
2016-06-12 23:00:00,0.095506,0,0.095506
2016-06-13 00:00:00,0.070225,0,0.070225
2016-06-13 01:00:00,0.064607,0,0.064607
2016-06-13 02:00:00,0.033708,0,0.033708
2016-06-13 03:00:00,0.036517,0,0.036517
2016-06-13 04:00:00,0.029494,0,0.029494
2016-06-13 05:00:00,0.025281,0,0.025281
2016-06-13 06:00:00,0.032303,0.000999999999976,0.033302999999976
2016-06-13 07:00:00,0.021067,0,0.021067
2016-06-13 08:00:00,0.026685,0,0.026685
2016-06-13 09:00:00,0.029494,0.002000000000066,0.031494000000066
2016-06-13 10:00:00,0.026685,0,0.026685
2016-06-13 11:00:00,0.035112,0,0.035112
2016-06-13 12:00:00,0.047753,0,0.047753
2016-06-13 13:00:00,0.172753,0,0.172753
2016-06-13 14:00:00,0.046348,0,0.046348
2016-06-13 15:00:00,0.054775,0,0.054775
2016-06-13 16:00:00,0.053371,0,0.053371
2016-06-13 17:00:00,0.042135,0,0.042135
2016-06-13 18:00:00,0.049157,0,0.049157
2016-06-13 19:00:00,0.051966,0,0.051966
2016-06-13 20:00:00,0.067416,0,0.067416
2016-06-13 21:00:00,0.046348,0,0.046348
2016-06-13 22:00:00,0.046348,0,0.046348
2016-06-13 23:00:00,0.067416,0,0.067416
2016-06-14 00:00:00,0.109551,0,0.109551
2016-06-14 01:00:00,0.035112,0,0.035112
2016-06-14 02:00:00,0.032303,0,0.032303
2016-06-14 03:00:00,0.036517,0,0.036517
2016-06-14 04:00:00,0.037921,0,0.037921
2016-06-14 05:00:00,0.030899,0,0.030899
2016-06-14 06:00:00,0.02809,0,0.02809
2016-06-14 07:00:00,0.070225,0,0.070225
2016-06-14 08:00:00,0.089888,0,0.089888
2016-06-14 09:00:00,0.089888,0,0.089888
2016-06-14 10:00:00,0.063202,0,0.063202
2016-06-14 11:00:00,0.077247,0,0.077247
2016-06-14 12:00:00,0.080056,0,0.080056
2016-06-14 13:00:00,0.08427,0,0.08427
2016-06-14 14:00:00,0.073034,0.000999999999976,0.074033999999976
2016-06-14 15:00:00,0.08427,0,0.08427
2016-06-14 16:00:00,0.080056,0,0.080056
2016-06-14 17:00:00,0.091292,0,0.091292
2016-06-14 18:00:00,0.073034,0,0.073034
2016-06-14 19:00:00,0.099719,0,0.099719
2016-06-14 20:00:00,0.082865,0,0.082865
2016-06-14 21:00:00,0.047753,0,0.047753
2016-06-14 22:00:00,0.094101,0,0.094101
2016-06-14 23:00:00,0.092697,0,0.092697
2016-06-15 00:00:00,0.066011,0,0.066011
2016-06-15 01:00:00,0.025281,0,0.025281
2016-06-15 02:00:00,0.029494,0,0.029494
2016-06-15 03:00:00,0.032303,0,0.032303
2016-06-15 04:00:00,0.033708,0,0.033708
2016-06-15 05:00:00,0.044944,0,0.044944
2016-06-15 06:00:00,0.025281,0.000999999999976,0.026280999999976
2016-06-15 07:00:00,0.085674,0,0.085674
2016-06-15 08:00:00,0.081461,0,0.081461
2016-06-15 09:00:00,0.058989,0.000999999999976,0.059988999999976
2016-06-15 10:00:00,0.29073,0,0.29073
2016-06-15 11:00:00,0.053371,0.00100000000009,0.05437100000009
2016-06-15 12:00:00,0.073034,0,0.073034
2016-06-15 13:00:00,0.123596,0.000999999999976,0.124595999999976
2016-06-15 14:00:00,0.094101,0.001999999999953,0.096100999999953
2016-06-15 15:00:00,0.077247,0,0.077247
2016-06-15 16:00:00,0.070225,0.000999999999976,0.071224999999976
2016-06-15 17:00:00,0.060393,0,0.060393
2016-06-15 18:00:00,0.046348,0,0.046348
2016-06-15 19:00:00,0.047753,0,0.047753
2016-06-15 20:00:00,0.06882,0,0.06882
2016-06-15 21:00:00,0.046348,0,0.046348
2016-06-15 22:00:00,0.075843,0,0.075843
2016-06-15 23:00:00,0.105337,0,0.105337
2016-06-16 00:00:00,0.092697,0,0.092697
2016-06-16 01:00:00,0.053371,0,0.053371
2016-06-16 02:00:00,0.044944,0,0.044944
2016-06-16 03:00:00,0.047753,0,0.047753
2016-06-16 04:00:00,0.029494,0,0.029494
2016-06-16 05:00:00,0.026685,0,0.026685
2016-06-16 06:00:00,0.016854,0,0.016854
2016-06-16 07:00:00,0.035112,0,0.035112
2016-06-16 08:00:00,0.035112,0,0.035112
2016-06-16 09:00:00,0.054775,0,0.054775
2016-06-16 10:00:00,0.033708,0,0.033708
2016-06-16 11:00:00,0.035112,0,0.035112
2016-06-16 12:00:00,0.050562,0,0.050562
2016-06-16 13:00:00,0.063202,0,0.063202
2016-06-16 14:00:00,0.126404,0.840000000000032,0.966404000000032
2016-06-16 15:00:00,0.02809,1.84299999999996,1.87108999999996
2016-06-16 16:00:00,0.039326,0.948000000000093,0.987326000000093
2016-06-16 17:00:00,0.023876,0,0.023876
2016-06-16 18:00:00,0.029494,0,0.029494
2016-06-16 19:00:00,0.08427,0,0.08427
2016-06-16 20:00:00,0.102528,0,0.102528
2016-06-16 21:00:00,0.088483,0,0.088483
2016-06-16 22:00:00,0.119382,0,0.119382
2016-06-16 23:00:00,0.082865,0,0.082865
2016-06-17 00:00:00,0.125,0,0.125
2016-06-17 01:00:00,0.044944,0,0.044944
2016-06-17 02:00:00,0.030899,0,0.030899
2016-06-17 03:00:00,0.02809,0,0.02809
2016-06-17 04:00:00,0.02809,0,0.02809
2016-06-17 05:00:00,0.026685,0,0.026685
2016-06-17 06:00:00,0.023876,0.000999999999976,0.024875999999976
2016-06-17 07:00:00,0.030899,0,0.030899
2016-06-17 08:00:00,0.019663,0.000999999999976,0.020662999999976
2016-06-17 09:00:00,0.043539,0.000999999999976,0.044538999999976
2016-06-17 10:00:00,0.035112,0.000999999999976,0.036111999999976
2016-06-17 11:00:00,0.050562,0.002000000000066,0.052562000000066
2016-06-17 12:00:00,0.033708,0.000999999999976,0.034707999999976
2016-06-17 13:00:00,0.203652,0.000999999999976,0.204651999999976
2016-06-17 14:00:00,0.220506,0.002000000000066,0.222506000000066
2016-06-17 15:00:00,0.047753,0.001999999999953,0.049752999999953
2016-06-17 16:00:00,0.05618,0.000999999999976,0.057179999999976
2016-06-17 17:00:00,0.043539,0,0.043539
2016-06-17 18:00:00,0.089888,0,0.089888
2016-06-17 19:00:00,0.105337,0,0.105337
2016-06-17 20:00:00,0.082865,0,0.082865
2016-06-17 21:00:00,0.110955,0,0.110955
2016-06-17 22:00:00,0.070225,0,0.070225
2016-06-17 23:00:00,0.141854,0,0.141854
2016-06-18 00:00:00,0.115169,0,0.115169
2016-06-18 01:00:00,0.061798,0,0.061798
2016-06-18 02:00:00,0.037921,0,0.037921
2016-06-18 03:00:00,0.02809,0,0.02809
2016-06-18 04:00:00,0.033708,0,0.033708
2016-06-18 05:00:00,0.023876,0,0.023876
2016-06-18 06:00:00,0.030899,0,0.030899
2016-06-18 07:00:00,0.035112,0,0.035112
2016-06-18 08:00:00,0.049157,0,0.049157
2016-06-18 09:00:00,0.033708,0,0.033708
2016-06-18 10:00:00,0.169944,0.708000000000084,0.877944000000084
2016-06-18 11:00:00,0.133427,0.000999999999976,0.134426999999976
2016-06-18 12:00:00,0.063202,0.001999999999953,0.065201999999953
2016-06-18 13:00:00,0.063202,1.64800000000002,1.71120200000002
2016-06-18 14:00:00,0.147472,1.505,1.652472
2016-06-18 15:00:00,0.089888,1.09299999999996,1.18288799999996
2016-06-18 16:00:00,0.098315,2.0440000000001,2.1423150000001
2016-06-18 17:00:00,0.08427,1.53399999999999,1.61826999999999
2016-06-18 18:00:00,0.078652,0.000999999999976,0.079651999999976
2016-06-18 19:00:00,0.078652,0,0.078652
2016-06-18 20:00:00,0.200843,0,0.200843
2016-06-18 21:00:00,0.092697,0,0.092697
2016-06-18 22:00:00,0.091292,0,0.091292
2016-06-18 23:00:00,0.133427,0,0.133427
2016-06-19 00:00:00,0.094101,0,0.094101
2016-06-19 01:00:00,0.071629,0,0.071629
2016-06-19 02:00:00,0.035112,0,0.035112
2016-06-19 03:00:00,0.026685,0,0.026685
2016-06-19 04:00:00,0.033708,0,0.033708
2016-06-19 05:00:00,0.030899,0,0.030899
2016-06-19 06:00:00,0.021067,0,0.021067
2016-06-19 07:00:00,0.030899,0,0.030899
2016-06-19 08:00:00,0.021067,0,0.021067
2016-06-19 09:00:00,0.051966,0.578999999999951,0.630965999999951
2016-06-19 10:00:00,0.060393,1.25300000000004,1.31339300000004
2016-06-19 11:00:00,0.077247,0,0.077247
2016-06-19 12:00:00,0.108146,0.635999999999967,0.744145999999967
2016-06-19 13:00:00,0.081461,1.58900000000006,1.67046100000006
2016-06-19 14:00:00,0.13764,2.452,2.58964
2016-06-19 15:00:00,0.08427,1.56299999999999,1.64726999999999
2016-06-19 16:00:00,0.080056,0.01400000000001,0.09405600000001
2016-06-19 17:00:00,0.074438,0.000999999999976,0.075437999999976
2016-06-19 18:00:00,0.058989,0,0.058989
2016-06-19 19:00:00,0.098315,0,0.098315
2016-06-19 20:00:00,0.102528,0,0.102528
2016-06-19 21:00:00,0.106742,0,0.106742
2016-06-19 22:00:00,0.070225,0,0.070225
2016-06-19 23:00:00,0.099719,0,0.099719
2016-06-20 00:00:00,0.108146,0,0.108146
2016-06-20 01:00:00,0.058989,0,0.058989
2016-06-20 02:00:00,0.049157,0,0.049157
2016-06-20 03:00:00,0.02809,0,0.02809
2016-06-20 04:00:00,0.04073,0,0.04073
2016-06-20 05:00:00,0.029494,0,0.029494
2016-06-20 06:00:00,0.022472,0,0.022472
2016-06-20 07:00:00,0.022472,0,0.022472
2016-06-20 08:00:00,0.044944,0,0.044944
2016-06-20 09:00:00,0.051966,0,0.051966
2016-06-20 10:00:00,0.032303,0.000999999999976,0.033302999999976
2016-06-20 11:00:00,0.235955,0.002000000000066,0.237955000000066
2016-06-20 12:00:00,0.043539,0.001999999999953,0.045538999999953
2016-06-20 13:00:00,0.042135,0.001999999999953,0.044134999999953
2016-06-20 14:00:00,0.054775,0.002000000000066,0.056775000000066
2016-06-20 15:00:00,0.026685,0.000999999999976,0.027684999999976
2016-06-20 16:00:00,0.037921,0,0.037921
2016-06-20 17:00:00,0.022472,0,0.022472
2016-06-20 18:00:00,0.033708,0,0.033708
2016-06-20 19:00:00,0.033708,0,0.033708
2016-06-20 20:00:00,0.09691,0,0.09691
2016-06-20 21:00:00,0.117978,0,0.117978
2016-06-20 22:00:00,0.113764,0,0.113764
2016-06-20 23:00:00,0.154494,0,0.154494
2016-06-21 00:00:00,0.186798,0,0.186798
2016-06-21 01:00:00,0.047753,0,0.047753
2016-06-21 02:00:00,0.029494,0,0.029494
2016-06-21 03:00:00,0.02809,0,0.02809
2016-06-21 04:00:00,0.037921,0,0.037921
2016-06-21 05:00:00,0.022472,0,0.022472
2016-06-21 06:00:00,0.02809,0,0.02809
2016-06-21 07:00:00,0.026685,0,0.026685
2016-06-21 08:00:00,0.094101,0,0.094101
2016-06-21 09:00:00,0.033708,0,0.033708
2016-06-21 10:00:00,0.053371,0.000999999999976,0.054370999999976
2016-06-21 11:00:00,0.021067,0,0.021067
2016-06-21 12:00:00,0.022472,0,0.022472
2016-06-21 13:00:00,0.051966,0,0.051966
2016-06-21 14:00:00,0.063202,0.000999999999976,0.064201999999976
2016-06-21 15:00:00,0.054775,0,0.054775
2016-06-21 16:00:00,0.037921,0,0.037921
2016-06-21 17:00:00,0.078652,0,0.078652
2016-06-21 18:00:00,0.037921,0,0.037921
2016-06-21 19:00:00,0.080056,0,0.080056
2016-06-21 20:00:00,0.102528,0,0.102528
2016-06-21 21:00:00,0.071629,0,0.071629
2016-06-21 22:00:00,0.070225,0,0.070225
2016-06-21 23:00:00,0.080056,0,0.080056
2016-06-22 00:00:00,0.113764,0.00100000000009,0.11476400000009
2016-06-22 01:00:00,0.043539,0,0.043539
2016-06-22 02:00:00,0.023876,0,0.023876
2016-06-22 03:00:00,0.018258,0,0.018258
2016-06-22 04:00:00,0.036517,0,0.036517
2016-06-22 05:00:00,0.04073,0,0.04073
2016-06-22 06:00:00,0.029494,0,0.029494
2016-06-22 07:00:00,0.066011,0,0.066011
2016-06-22 08:00:00,0.074438,0,0.074438
2016-06-22 09:00:00,0.043539,2.31399999999996,2.35753899999996
2016-06-22 10:00:00,0.04073,2.76199999999994,2.80272999999994
2016-06-22 11:00:00,0.067416,2.93000000000006,2.99741600000006
2016-06-22 12:00:00,0.053371,0.395999999999958,0.449370999999958
2016-06-22 13:00:00,0.172753,0.002000000000066,0.174753000000066
2016-06-22 14:00:00,0.092697,0.000999999999976,0.093696999999976
2016-06-22 15:00:00,0.049157,0.000999999999976,0.050156999999976
2016-06-22 16:00:00,0.044944,0.000999999999976,0.045943999999976
2016-06-22 17:00:00,0.051966,0.00100000000009,0.05296600000009
2016-06-22 18:00:00,0.060393,0,0.060393
2016-06-22 19:00:00,0.080056,0,0.080056
2016-06-22 20:00:00,0.102528,0,0.102528
2016-06-22 21:00:00,0.094101,0,0.094101
2016-06-22 22:00:00,0.087079,0,0.087079
2016-06-22 23:00:00,0.09691,0,0.09691
2016-06-23 00:00:00,0.117978,0,0.117978
2016-06-23 01:00:00,0.047753,0,0.047753
2016-06-23 02:00:00,0.032303,0,0.032303
2016-06-23 03:00:00,0.025281,0,0.025281
2016-06-23 04:00:00,0.030899,0,0.030899
2016-06-23 05:00:00,0.022472,0,0.022472
2016-06-23 06:00:00,0.030899,0,0.030899
2016-06-23 07:00:00,0.02809,0.000999999999976,0.029089999999976
2016-06-23 08:00:00,0.061798,0,0.061798
2016-06-23 09:00:00,0.05618,0,0.05618
2016-06-23 10:00:00,0.039326,0.001999999999953,0.041325999999953
2016-06-23 11:00:00,0.078652,0.000999999999976,0.079651999999976
2016-06-23 12:00:00,0.155899,0.002000000000066,0.157899000000066
2016-06-23 13:00:00,0.054775,0.975000000000023,1.02977500000002
2016-06-23 14:00:00,0.047753,2.90299999999991,2.95075299999991
2016-06-23 15:00:00,0.085674,0.900000000000091,0.985674000000091
2016-06-23 16:00:00,0.029494,0.002999999999929,0.032493999999929
2016-06-23 17:00:00,0.049157,0.000999999999976,0.050156999999976
2016-06-23 18:00:00,0.183989,0,0.183989
2016-06-23 19:00:00,0.06882,0,0.06882
2016-06-23 20:00:00,0.06882,0,0.06882
2016-06-23 21:00:00,0.051966,0,0.051966
2016-06-23 22:00:00,0.047753,0,0.047753
2016-06-23 23:00:00,0.094101,0,0.094101
2016-06-24 00:00:00,0.074438,0.00100000000009,0.07543800000009
2016-06-24 01:00:00,0.081461,0,0.081461
2016-06-24 02:00:00,0.035112,0.000999999999976,0.036111999999976
2016-06-24 03:00:00,0.030899,0,0.030899
2016-06-24 04:00:00,0.036517,0,0.036517
2016-06-24 05:00:00,0.026685,0,0.026685
2016-06-24 06:00:00,0.030899,0,0.030899
2016-06-24 07:00:00,0.023876,0.000999999999976,0.024875999999976
2016-06-24 08:00:00,0.023876,0.000999999999976,0.024875999999976
2016-06-24 09:00:00,0.182584,0.002000000000066,0.184584000000066
2016-06-24 10:00:00,0.04073,0.001999999999953,0.042729999999953
2016-06-24 11:00:00,0.033708,0.000999999999976,0.034707999999976
2016-06-24 12:00:00,0.030899,0.002000000000066,0.032899000000066
2016-06-24 13:00:00,0.021067,0.001999999999953,0.023066999999953
2016-06-24 14:00:00,0.061798,0.000999999999976,0.062797999999976
2016-06-24 15:00:00,0.030899,0.942999999999983,0.973898999999983
2016-06-24 16:00:00,0.046348,1.93300000000011,1.97934800000011
2016-06-24 17:00:00,0.019663,1.83399999999995,1.85366299999995
2016-06-24 18:00:00,0.044944,0.203999999999951,0.248943999999951
2016-06-24 19:00:00,0.030899,0,0.030899
2016-06-24 20:00:00,0.037921,0,0.037921
2016-06-24 21:00:00,0.021067,0,0.021067
2016-06-24 22:00:00,0.037921,0,0.037921
2016-06-24 23:00:00,0.108146,0.00100000000009,0.10914600000009
2016-06-25 00:00:00,0.106742,0.000999999999976,0.107741999999976
2016-06-25 01:00:00,0.044944,0,0.044944
2016-06-25 02:00:00,0.036517,0.001999999999953,0.038516999999953
2016-06-25 03:00:00,0.021067,0.000999999999976,0.022066999999976
2016-06-25 04:00:00,0.026685,0.00100000000009,0.02768500000009
2016-06-25 05:00:00,0.021067,0,0.021067
2016-06-25 06:00:00,0.025281,0,0.025281
2016-06-25 07:00:00,0.026685,0.000999999999976,0.027684999999976
2016-06-25 08:00:00,0.025281,0,0.025281
2016-06-25 09:00:00,0.037921,0.530999999999949,0.568920999999949
2016-06-25 10:00:00,0.02809,0.059000000000083,0.087090000000083
2016-06-25 11:00:00,0.035112,0.000999999999976,0.036111999999976
2016-06-25 12:00:00,0.043539,0.000999999999976,0.044538999999976
2016-06-25 13:00:00,0.030899,0.001999999999953,0.032898999999953
2016-06-25 14:00:00,0.049157,0.00100000000009,0.05015700000009
2016-06-25 15:00:00,0.348315,0,0.348315
2016-06-25 16:00:00,0.049157,0,0.049157
2016-06-25 17:00:00,0.043539,0,0.043539
2016-06-25 18:00:00,0.033708,0,0.033708
2016-06-25 19:00:00,0.053371,0,0.053371
2016-06-25 20:00:00,0.043539,0,0.043539
2016-06-25 21:00:00,0.02809,0.000999999999976,0.029089999999976
2016-06-25 22:00:00,0.053371,0,0.053371
2016-06-25 23:00:00,0.071629,0,0.071629
2016-06-26 00:00:00,0.077247,0,0.077247
2016-06-26 01:00:00,0.073034,0,0.073034
2016-06-26 02:00:00,0.039326,0,0.039326
2016-06-26 03:00:00,0.035112,0,0.035112
2016-06-26 04:00:00,0.037921,0,0.037921
2016-06-26 05:00:00,0.02809,0,0.02809
2016-06-26 06:00:00,0.02809,0,0.02809
2016-06-26 07:00:00,0.021067,0,0.021067
2016-06-26 08:00:00,0.022472,0,0.022472
2016-06-26 09:00:00,0.022472,0,0.022472
2016-06-26 10:00:00,0.035112,0.000999999999976,0.036111999999976
2016-06-26 11:00:00,0.049157,0.001999999999953,0.051156999999953
2016-06-26 12:00:00,0.026685,0.918000000000006,0.944685000000006
2016-06-26 13:00:00,0.023876,1.70400000000006,1.72787600000006
2016-06-26 14:00:00,0.016854,1.928,1.944854
2016-06-26 15:00:00,0.036517,0.217999999999961,0.254516999999961
2016-06-26 16:00:00,0.04073,0,0.04073
2016-06-26 17:00:00,0.044944,0,0.044944
2016-06-26 18:00:00,0.042135,0,0.042135
2016-06-26 19:00:00,0.043539,0,0.043539
2016-06-26 20:00:00,0.021067,0,0.021067
2016-06-26 21:00:00,0.023876,0,0.023876
2016-06-26 22:00:00,0.078652,0,0.078652
2016-06-26 23:00:00,0.099719,0,0.099719
2016-06-27 00:00:00,0.099719,0.000999999999976,0.100718999999976
2016-06-27 01:00:00,0.070225,0,0.070225
2016-06-27 02:00:00,0.063202,0,0.063202
2016-06-27 03:00:00,0.04073,0,0.04073
2016-06-27 04:00:00,0.039326,0,0.039326
2016-06-27 05:00:00,0.025281,0,0.025281
2016-06-27 06:00:00,0.025281,0,0.025281
2016-06-27 07:00:00,0.029494,0,0.029494
2016-06-27 08:00:00,0.030899,0.00100000000009,0.03189900000009
2016-06-27 09:00:00,0.050562,0.000999999999976,0.051561999999976
2016-06-27 10:00:00,0.025281,0.001999999999953,0.027280999999953
2016-06-27 11:00:00,0.022472,1.73900000000003,1.76147200000003
2016-06-27 12:00:00,0.039326,0.001999999999953,0.041325999999953
2016-06-27 13:00:00,0.082865,0.00100000000009,0.08386500000009
2016-06-27 14:00:00,0.095506,0.001999999999953,0.097505999999953
2016-06-27 15:00:00,0.029494,0.001999999999953,0.031493999999953
2016-06-27 16:00:00,0.025281,0,0.025281
2016-06-27 17:00:00,0.032303,0,0.032303
2016-06-27 18:00:00,0.036517,0,0.036517
2016-06-27 19:00:00,0.042135,0,0.042135
2016-06-27 20:00:00,0.057584,0,0.057584
2016-06-27 21:00:00,0.04073,0,0.04073
2016-06-27 22:00:00,0.081461,0,0.081461
2016-06-27 23:00:00,0.101124,0,0.101124
2016-06-28 00:00:00,0.066011,0,0.066011
2016-06-28 01:00:00,0.078652,0,0.078652
2016-06-28 02:00:00,0.032303,0,0.032303
2016-06-28 03:00:00,0.033708,0,0.033708
2016-06-28 04:00:00,0.043539,0,0.043539
2016-06-28 05:00:00,0.030899,0,0.030899
2016-06-28 06:00:00,0.02809,0,0.02809
2016-06-28 07:00:00,0.029494,0,0.029494
2016-06-28 08:00:00,0.036517,0.00100000000009,0.03751700000009
2016-06-28 09:00:00,0.051966,2.52099999999996,2.57296599999996
2016-06-28 10:00:00,0.02809,1.90599999999995,1.93408999999995
2016-06-28 11:00:00,0.030899,0.328000000000088,0.358899000000088
2016-06-28 12:00:00,0.019663,0.001999999999953,0.021662999999953
2016-06-28 13:00:00,0.023876,0.002000000000066,0.025876000000066
2016-06-28 14:00:00,0.035112,0.000999999999976,0.036111999999976
2016-06-28 15:00:00,0.025281,0.001999999999953,0.027280999999953
2016-06-28 16:00:00,0.023876,0.002000000000066,0.025876000000066
2016-06-28 17:00:00,0.032303,0,0.032303
2016-06-28 18:00:00,0.035112,0,0.035112
2016-06-28 19:00:00,0.042135,0,0.042135
2016-06-28 20:00:00,0.037921,0,0.037921
2016-06-28 21:00:00,0.022472,0,0.022472
2016-06-28 22:00:00,0.032303,0,0.032303
2016-06-28 23:00:00,0.099719,0,0.099719
2016-06-29 00:00:00,0.092697,0.000999999999976,0.093696999999976
2016-06-29 01:00:00,0.075843,0,0.075843
2016-06-29 02:00:00,0.042135,0,0.042135
2016-06-29 03:00:00,0.035112,0,0.035112
2016-06-29 04:00:00,0.023876,0,0.023876
2016-06-29 05:00:00,0.022472,0,0.022472
2016-06-29 06:00:00,0.019663,0.000999999999976,0.020662999999976
2016-06-29 07:00:00,0.026685,0.841999999999984,0.868684999999984
2016-06-29 08:00:00,0.025281,1.84500000000003,1.87028100000003
2016-06-29 09:00:00,0.036517,1.02800000000002,1.06451700000002
2016-06-29 10:00:00,0.330056,0,0.330056
2016-06-29 11:00:00,0.047753,0,0.047753
2016-06-29 12:00:00,0.035112,0,0.035112
2016-06-29 13:00:00,0.074438,0.000999999999976,0.075437999999976
2016-06-29 14:00:00,0.039326,0.000999999999976,0.040325999999976
2016-06-29 15:00:00,0.032303,0.002000000000066,0.034303000000066
2016-06-29 16:00:00,0.04073,0.001999999999953,0.042729999999953
2016-06-29 17:00:00,0.022472,0.000999999999976,0.023471999999976
2016-06-29 18:00:00,0.029494,0.000999999999976,0.030493999999976
2016-06-29 19:00:00,0.050562,0,0.050562
2016-06-29 20:00:00,0.047753,0,0.047753
2016-06-29 21:00:00,0.022472,0.00100000000009,0.02347200000009
2016-06-29 22:00:00,0.032303,0,0.032303
2016-06-29 23:00:00,0.061798,0.000999999999976,0.062797999999976
2016-06-30 00:00:00,0.063202,0.000999999999976,0.064201999999976
2016-06-30 01:00:00,0.067416,0,0.067416
2016-06-30 02:00:00,0.029494,0,0.029494
2016-06-30 03:00:00,0.026685,0.000999999999976,0.027684999999976
2016-06-30 04:00:00,0.021067,0,0.021067
2016-06-30 05:00:00,0.022472,0,0.022472
2016-06-30 06:00:00,0.021067,0,0.021067
2016-06-30 07:00:00,0.026685,0,0.026685
2016-06-30 08:00:00,0.035112,0,0.035112
2016-06-30 09:00:00,0.023876,0,0.023876
2016-06-30 10:00:00,0.023876,0.000999999999976,0.024875999999976
2016-06-30 11:00:00,0.021067,0.00100000000009,0.02206700000009
2016-06-30 12:00:00,0.026685,0.001999999999953,0.028684999999953
2016-06-30 13:00:00,0.019663,0.001999999999953,0.021662999999953
2016-06-30 14:00:00,0.168539,0.002000000000066,0.170539000000066
2016-06-30 15:00:00,0.033708,0.001999999999953,0.035707999999953
2016-06-30 16:00:00,0.036517,0.000999999999976,0.037516999999976
2016-06-30 17:00:00,0.021067,0.00100000000009,0.02206700000009
2016-06-30 18:00:00,0.030899,0,0.030899
2016-06-30 19:00:00,0.202247,0,0.202247
2016-06-30 20:00:00,0.050562,0,0.050562
2016-06-30 21:00:00,0.035112,0,0.035112
2016-06-30 22:00:00,0.053371,0,0.053371
2016-06-30 23:00:00,0.067416,0.000999999999976,0.068415999999976
2016-07-01 00:00:00,0.108146,0,0.108146
2016-07-01 01:00:00,0.057584,0,0.057584
2016-07-01 02:00:00,0.035112,0,0.035112
2016-07-01 03:00:00,0.02809,0,0.02809
2016-07-01 04:00:00,0.035112,0,0.035112
2016-07-01 05:00:00,0.025281,0,0.025281
2016-07-01 06:00:00,0.039326,0,0.039326
2016-07-01 07:00:00,0.02809,0,0.02809
2016-07-01 08:00:00,0.077247,0,0.077247
2016-07-01 09:00:00,0.067416,0.000999999999976,0.068415999999976
2016-07-01 10:00:00,0.023876,0.002000000000066,0.025876000000066
2016-07-01 11:00:00,0.04073,0.001999999999953,0.042729999999953
2016-07-01 12:00:00,0.077247,0,0.077247
2016-07-01 13:00:00,0.188202,0.000999999999976,0.189201999999976
2016-07-01 14:00:00,0.047753,0.002000000000066,0.049753000000066
2016-07-01 15:00:00,0.046348,0.001999999999953,0.048347999999953
2016-07-01 16:00:00,0.036517,0.000999999999976,0.037516999999976
2016-07-01 17:00:00,0.102528,0.000999999999976,0.103527999999976
2016-07-01 18:00:00,0.026685,0,0.026685
2016-07-01 19:00:00,0.066011,0,0.066011
2016-07-01 20:00:00,0.032303,0,0.032303
2016-07-01 21:00:00,0.019663,0,0.019663
2016-07-01 22:00:00,0.046348,0,0.046348
2016-07-01 23:00:00,0.075843,0,0.075843
2016-07-02 00:00:00,0.110955,0,0.110955
2016-07-02 01:00:00,0.117978,0,0.117978
2016-07-02 02:00:00,0.036517,0,0.036517
2016-07-02 03:00:00,0.029494,0.00100000000009,0.03049400000009
2016-07-02 04:00:00,0.029494,0,0.029494
2016-07-02 05:00:00,0.023876,0.000999999999976,0.024875999999976
2016-07-02 06:00:00,0.029494,0,0.029494
2016-07-02 07:00:00,0.019663,0,0.019663
2016-07-02 08:00:00,0.021067,0,0.021067
2016-07-02 09:00:00,0.039326,0.000999999999976,0.040325999999976
2016-07-02 10:00:00,0.044944,0,0.044944
2016-07-02 11:00:00,0.02809,0,0.02809
2016-07-02 12:00:00,0.043539,0,0.043539
2016-07-02 13:00:00,0.032303,0,0.032303
2016-07-02 14:00:00,0.037921,0.164999999999964,0.202920999999964
2016-07-02 15:00:00,0.066011,1.79600000000005,1.86201100000005
2016-07-02 16:00:00,0.037921,0.100000000000023,0.137921000000023
2016-07-02 17:00:00,0.036517,0,0.036517
2016-07-02 18:00:00,0.04073,0,0.04073
2016-07-02 19:00:00,0.070225,0,0.070225
2016-07-02 20:00:00,0.047753,0,0.047753
2016-07-02 21:00:00,0.022472,0,0.022472
2016-07-02 22:00:00,0.039326,0,0.039326
2016-07-02 23:00:00,0.101124,0,0.101124
2016-07-03 00:00:00,0.092697,0,0.092697
2016-07-03 01:00:00,0.066011,0,0.066011
2016-07-03 02:00:00,0.030899,0,0.030899
2016-07-03 03:00:00,0.030899,0,0.030899
2016-07-03 04:00:00,0.026685,0,0.026685
2016-07-03 05:00:00,0.030899,0,0.030899
2016-07-03 06:00:00,0.025281,0,0.025281
2016-07-03 07:00:00,0.019663,1.23899999999992,1.25866299999992
2016-07-03 08:00:00,0.021067,2.18299999999999,2.20406699999999
2016-07-03 09:00:00,0.02809,2.16000000000008,2.18809000000008
2016-07-03 10:00:00,0.18118,2.99599999999998,3.17717999999998
2016-07-03 11:00:00,0.029494,1.56399999999996,1.59349399999996
2016-07-03 12:00:00,0.021067,0.115999999999985,0.137066999999985
2016-07-03 13:00:00,0.019663,0.002000000000066,0.021663000000066
2016-07-03 14:00:00,0.05618,0.002999999999929,0.059179999999929
2016-07-03 15:00:00,0.200843,0,0.200843
2016-07-03 16:00:00,0.02809,0.00100000000009,0.02909000000009
2016-07-03 17:00:00,0.037921,0,0.037921
2016-07-03 18:00:00,0.02809,0,0.02809
2016-07-03 19:00:00,0.066011,0,0.066011
2016-07-03 20:00:00,0.042135,0,0.042135
2016-07-03 21:00:00,0.081461,0,0.081461
2016-07-03 22:00:00,0.06882,0,0.06882
2016-07-03 23:00:00,0.099719,0,0.099719
2016-07-04 00:00:00,0.106742,0.000999999999976,0.107741999999976
2016-07-04 01:00:00,0.078652,0,0.078652
2016-07-04 02:00:00,0.042135,0,0.042135
2016-07-04 03:00:00,0.035112,0,0.035112
2016-07-04 04:00:00,0.026685,0,0.026685
2016-07-04 05:00:00,0.02809,0,0.02809
2016-07-04 06:00:00,0.030899,0,0.030899
2016-07-04 07:00:00,0.022472,0,0.022472
2016-07-04 08:00:00,0.026685,0,0.026685
2016-07-04 09:00:00,0.04073,0.000999999999976,0.041729999999976
2016-07-04 10:00:00,0.023876,0.000999999999976,0.024875999999976
2016-07-04 11:00:00,0.025281,0.002000000000066,0.027281000000066
2016-07-04 12:00:00,0.029494,0.001999999999953,0.031493999999953
2016-07-04 13:00:00,0.075843,0.001999999999953,0.077842999999953
2016-07-04 14:00:00,0.042135,0.00100000000009,0.04313500000009
2016-07-04 15:00:00,0.02809,0.001999999999953,0.030089999999953
2016-07-04 16:00:00,0.019663,0.002000000000066,0.021663000000066
2016-07-04 17:00:00,0.02809,0,0.02809
2016-07-04 18:00:00,0.026685,0,0.026685
2016-07-04 19:00:00,0.057584,0.000999999999976,0.058583999999976
2016-07-04 20:00:00,0.033708,0,0.033708
2016-07-04 21:00:00,0.046348,0,0.046348
2016-07-04 22:00:00,0.089888,0,0.089888
2016-07-04 23:00:00,0.105337,0,0.105337
2016-07-05 00:00:00,0.080056,0.000999999999976,0.081055999999976
2016-07-05 01:00:00,0.089888,0.000999999999976,0.090887999999976
2016-07-05 02:00:00,0.036517,0.000999999999976,0.037516999999976
2016-07-05 03:00:00,0.021067,0,0.021067
2016-07-05 04:00:00,0.032303,0,0.032303
2016-07-05 05:00:00,0.021067,0,0.021067
2016-07-05 06:00:00,0.02809,0.00100000000009,0.02909000000009
2016-07-05 07:00:00,0.023876,0,0.023876
2016-07-05 08:00:00,0.032303,0,0.032303
2016-07-05 09:00:00,0.039326,0.001999999999953,0.041325999999953
2016-07-05 10:00:00,0.192416,0,0.192416
2016-07-05 11:00:00,0.026685,0.001999999999953,0.028684999999953
2016-07-05 12:00:00,0.026685,0,0.026685
2016-07-05 13:00:00,0.016854,0.00100000000009,0.01785400000009
2016-07-05 14:00:00,0.053371,0.001999999999953,0.055370999999953
2016-07-05 15:00:00,0.019663,0.001999999999953,0.021662999999953
2016-07-05 16:00:00,0.026685,0.00100000000009,0.02768500000009
2016-07-05 17:00:00,0.026685,0,0.026685
2016-07-05 18:00:00,0.058989,0,0.058989
2016-07-05 19:00:00,0.070225,0,0.070225
2016-07-05 20:00:00,0.060393,0,0.060393
2016-07-05 21:00:00,0.05618,0,0.05618
2016-07-05 22:00:00,0.061798,0.000999999999976,0.062797999999976
2016-07-05 23:00:00,0.085674,0,0.085674
2016-07-06 00:00:00,0.063202,0,0.063202
2016-07-06 01:00:00,0.030899,0,0.030899
2016-07-06 02:00:00,0.022472,0,0.022472
2016-07-06 03:00:00,0.033708,0,0.033708
2016-07-06 04:00:00,0.033708,0,0.033708
2016-07-06 05:00:00,0.037921,0,0.037921
2016-07-06 06:00:00,0.033708,0,0.033708
2016-07-06 07:00:00,0.016854,0.000999999999976,0.017853999999976
2016-07-06 08:00:00,0.02809,0.000999999999976,0.029089999999976
2016-07-06 09:00:00,0.022472,0.002000000000066,0.024472000000066
2016-07-06 10:00:00,0.029494,1.23599999999999,1.26549399999999
2016-07-06 11:00:00,0.029494,2.77300000000002,2.80249400000002
2016-07-06 12:00:00,0.018258,0.620999999999981,0.639257999999981
2016-07-06 13:00:00,0.021067,0.001999999999953,0.023066999999953
2016-07-06 14:00:00,0.043539,0.002000000000066,0.045539000000066
2016-07-06 15:00:00,0.036517,0.000999999999976,0.037516999999976
2016-07-06 16:00:00,0.046348,0.001999999999953,0.048347999999953
2016-07-06 17:00:00,0.021067,0.000999999999976,0.022066999999976
2016-07-06 18:00:00,0.018258,0.00100000000009,0.01925800000009
2016-07-06 19:00:00,0.039326,0,0.039326
2016-07-06 20:00:00,0.035112,0,0.035112
2016-07-06 21:00:00,0.021067,0,0.021067
2016-07-06 22:00:00,0.294944,0,0.294944
2016-07-06 23:00:00,0.051966,0,0.051966
2016-07-07 00:00:00,0.058989,0,0.058989
2016-07-07 01:00:00,0.058989,0.000999999999976,0.059988999999976
2016-07-07 02:00:00,0.061798,0,0.061798
2016-07-07 03:00:00,0.023876,0,0.023876
2016-07-07 04:00:00,0.025281,0,0.025281
2016-07-07 05:00:00,0.018258,0,0.018258
2016-07-07 06:00:00,0.037921,0,0.037921
2016-07-07 07:00:00,0.05618,0,0.05618
2016-07-07 08:00:00,0.022472,0.000999999999976,0.023471999999976
2016-07-07 09:00:00,0.022472,0.001999999999953,0.024471999999953
2016-07-07 10:00:00,0.025281,0.002000000000066,0.027281000000066
2016-07-07 11:00:00,0.02809,0.001999999999953,0.030089999999953
2016-07-07 12:00:00,0.018258,0,0.018258
2016-07-07 13:00:00,0.025281,0.002000000000066,0.027281000000066
2016-07-07 14:00:00,0.054775,0.000999999999976,0.055774999999976
2016-07-07 15:00:00,0.22191,1.31100000000004,1.53291000000004
2016-07-07 16:00:00,0.049157,0.001999999999953,0.051156999999953
2016-07-07 17:00:00,0.036517,0,0.036517
2016-07-07 18:00:00,0.019663,0,0.019663
2016-07-07 19:00:00,0.02809,0,0.02809
2016-07-07 20:00:00,0.042135,0,0.042135
2016-07-07 21:00:00,0.11236,0,0.11236
2016-07-07 22:00:00,0.067416,0,0.067416
2016-07-07 23:00:00,0.101124,0,0.101124
2016-07-08 00:00:00,0.330056,0,0.330056
2016-07-08 01:00:00,0.074438,0,0.074438
2016-07-08 02:00:00,0.049157,0,0.049157
2016-07-08 03:00:00,0.036517,0,0.036517
2016-07-08 04:00:00,0.029494,0,0.029494
2016-07-08 05:00:00,0.019663,0,0.019663
2016-07-08 06:00:00,0.029494,0,0.029494
2016-07-08 07:00:00,0.023876,0.000999999999976,0.024875999999976
2016-07-08 08:00:00,0.026685,0,0.026685
2016-07-08 09:00:00,0.026685,0.000999999999976,0.027684999999976
2016-07-08 10:00:00,0.025281,0.002000000000066,0.027281000000066
2016-07-08 11:00:00,0.030899,0.001999999999953,0.032898999999953
2016-07-08 12:00:00,0.019663,0,0.019663
2016-07-08 13:00:00,0.058989,0.000999999999976,0.059988999999976
2016-07-08 14:00:00,0.139045,0.002000000000066,0.141045000000066
2016-07-08 15:00:00,0.060393,0.795999999999935,0.856392999999935
2016-07-08 16:00:00,0.051966,0.00100000000009,0.05296600000009
2016-07-08 17:00:00,0.037921,0,0.037921
2016-07-08 18:00:00,0.016854,0,0.016854
2016-07-08 19:00:00,0.035112,0,0.035112
2016-07-08 20:00:00,0.053371,0,0.053371
2016-07-08 21:00:00,0.01264,0,0.01264
2016-07-08 22:00:00,0.050562,0,0.050562
2016-07-08 23:00:00,0.094101,0,0.094101
2016-07-09 00:00:00,0.09691,0,0.09691
2016-07-09 01:00:00,0.073034,0,0.073034
2016-07-09 02:00:00,0.039326,0,0.039326
2016-07-09 03:00:00,0.044944,0,0.044944
2016-07-09 04:00:00,0.036517,0,0.036517
2016-07-09 05:00:00,0.04073,0,0.04073
2016-07-09 06:00:00,0.025281,0,0.025281
2016-07-09 07:00:00,0.02809,0,0.02809
2016-07-09 08:00:00,0.037921,0,0.037921
2016-07-09 09:00:00,0.037921,0,0.037921
2016-07-09 10:00:00,0.044944,0.000999999999976,0.045943999999976
2016-07-09 11:00:00,0.030899,0.039999999999964,0.070898999999964
2016-07-09 12:00:00,0.029494,2.62200000000007,2.65149400000007
2016-07-09 13:00:00,0.030899,2.48399999999992,2.51489899999992
2016-07-09 14:00:00,0.036517,0.773000000000025,0.809517000000025
2016-07-09 15:00:00,0.036517,0.001999999999953,0.038516999999953
2016-07-09 16:00:00,0.063202,0.002000000000066,0.065202000000066
2016-07-09 17:00:00,0.037921,0,0.037921
2016-07-09 18:00:00,0.04073,0,0.04073
2016-07-09 19:00:00,0.025281,0,0.025281
2016-07-09 20:00:00,0.030899,0,0.030899
2016-07-09 21:00:00,0.032303,0,0.032303
2016-07-09 22:00:00,0.155899,0,0.155899
2016-07-09 23:00:00,0.101124,0,0.101124
2016-07-10 00:00:00,0.233146,0,0.233146
2016-07-10 01:00:00,0.058989,0,0.058989
2016-07-10 02:00:00,0.036517,0,0.036517
2016-07-10 03:00:00,0.02809,0,0.02809
2016-07-10 04:00:00,0.030899,0,0.030899
2016-07-10 05:00:00,0.018258,0,0.018258
2016-07-10 06:00:00,0.025281,0,0.025281
2016-07-10 07:00:00,0.029494,0,0.029494
2016-07-10 08:00:00,0.023876,0,0.023876
2016-07-10 09:00:00,0.035112,0,0.035112
2016-07-10 10:00:00,0.030899,0.000999999999976,0.031898999999976
2016-07-10 11:00:00,0.047753,0.000999999999976,0.048752999999976
2016-07-10 12:00:00,0.037921,0,0.037921
2016-07-10 13:00:00,0.050562,0.628000000000043,0.678562000000043
2016-07-10 14:00:00,0.051966,0.513000000000034,0.564966000000034
2016-07-10 15:00:00,0.053371,0,0.053371
2016-07-10 16:00:00,0.063202,0,0.063202
2016-07-10 17:00:00,0.050562,0,0.050562
2016-07-10 18:00:00,0.030899,0,0.030899
2016-07-10 19:00:00,0.053371,0,0.053371
2016-07-10 20:00:00,0.025281,0,0.025281
2016-07-10 21:00:00,0.05618,0,0.05618
2016-07-10 22:00:00,0.064607,0,0.064607
2016-07-10 23:00:00,0.09691,0,0.09691
2016-07-11 00:00:00,0.105337,0,0.105337
2016-07-11 01:00:00,0.06882,0,0.06882
2016-07-11 02:00:00,0.021067,0,0.021067
2016-07-11 03:00:00,0.026685,0,0.026685
2016-07-11 04:00:00,0.025281,0,0.025281
2016-07-11 05:00:00,0.021067,0,0.021067
2016-07-11 06:00:00,0.039326,0,0.039326
2016-07-11 07:00:00,0.029494,0.000999999999976,0.030493999999976
2016-07-11 08:00:00,0.032303,0.001999999999953,0.034302999999953
2016-07-11 09:00:00,0.294944,0,0.294944
2016-07-11 10:00:00,0.033708,0.000999999999976,0.034707999999976
2016-07-11 11:00:00,0.026685,0.00100000000009,0.02768500000009
2016-07-11 12:00:00,0.023876,0,0.023876
2016-07-11 13:00:00,0.022472,0,0.022472
2016-07-11 14:00:00,0.026685,0,0.026685
2016-07-11 15:00:00,0.035112,0,0.035112
2016-07-11 16:00:00,0.050562,0,0.050562
2016-07-11 17:00:00,0.058989,0,0.058989
2016-07-11 18:00:00,0.043539,0,0.043539
2016-07-11 19:00:00,0.053371,0,0.053371
2016-07-11 20:00:00,0.089888,0,0.089888
2016-07-11 21:00:00,0.067416,0.000999999999976,0.068415999999976
2016-07-11 22:00:00,0.074438,0,0.074438
2016-07-11 23:00:00,0.110955,0,0.110955
2016-07-12 00:00:00,0.095506,0,0.095506
2016-07-12 01:00:00,0.06882,0,0.06882
2016-07-12 02:00:00,0.033708,0,0.033708
2016-07-12 03:00:00,0.033708,0,0.033708
2016-07-12 04:00:00,0.02809,0,0.02809
2016-07-12 05:00:00,0.022472,0,0.022472
2016-07-12 06:00:00,0.029494,0,0.029494
2016-07-12 07:00:00,0.023876,0.000999999999976,0.024875999999976
2016-07-12 08:00:00,0.044944,1.80200000000002,1.84694400000002
2016-07-12 09:00:00,0.030899,1.87799999999993,1.90889899999993
2016-07-12 10:00:00,0.022472,1.6930000000001,1.7154720000001
2016-07-12 11:00:00,0.02809,0.22199999999998,0.25008999999998
2016-07-12 12:00:00,0.182584,0,0.182584
2016-07-12 13:00:00,0.039326,0,0.039326
2016-07-12 14:00:00,0.057584,0,0.057584
2016-07-12 15:00:00,0.061798,0,0.061798
2016-07-12 16:00:00,0.023876,0,0.023876
2016-07-12 17:00:00,0.032303,0,0.032303
2016-07-12 18:00:00,0.043539,0.000999999999976,0.044538999999976
2016-07-12 19:00:00,0.073034,0,0.073034
2016-07-12 20:00:00,0.054775,0,0.054775
2016-07-12 21:00:00,0.051966,0,0.051966
2016-07-12 22:00:00,0.05618,0,0.05618
2016-07-12 23:00:00,0.067416,0,0.067416
2016-07-13 00:00:00,0.077247,0,0.077247
2016-07-13 01:00:00,0.053371,0,0.053371
2016-07-13 02:00:00,0.030899,0,0.030899
2016-07-13 03:00:00,0.023876,0,0.023876
2016-07-13 04:00:00,0.039326,0,0.039326
2016-07-13 05:00:00,0.022472,0,0.022472
2016-07-13 06:00:00,0.016854,0,0.016854
2016-07-13 07:00:00,0.023876,0,0.023876
2016-07-13 08:00:00,0.037921,0,0.037921
2016-07-13 09:00:00,0.030899,0,0.030899
2016-07-13 10:00:00,0.02809,0,0.02809
2016-07-13 11:00:00,0.021067,0,0.021067
2016-07-13 12:00:00,0.022472,0.000999999999976,0.023471999999976
2016-07-13 13:00:00,0.025281,0,0.025281
2016-07-13 14:00:00,0.033708,0,0.033708
2016-07-13 15:00:00,0.02809,0,0.02809
2016-07-13 16:00:00,0.030899,0,0.030899
2016-07-13 17:00:00,0.029494,0,0.029494
2016-07-13 18:00:00,0.042135,0,0.042135
2016-07-13 19:00:00,0.04073,0,0.04073
2016-07-13 20:00:00,0.063202,0,0.063202
2016-07-13 21:00:00,0.025281,0,0.025281
2016-07-13 22:00:00,0.057584,0,0.057584
2016-07-13 23:00:00,0.088483,0,0.088483
2016-07-14 00:00:00,0.110955,0,0.110955
2016-07-14 01:00:00,0.087079,0,0.087079
2016-07-14 02:00:00,0.051966,0,0.051966
2016-07-14 03:00:00,0.037921,0,0.037921
2016-07-14 04:00:00,0.023876,0,0.023876
2016-07-14 05:00:00,0.026685,0,0.026685
2016-07-14 06:00:00,0.019663,0,0.019663
2016-07-14 07:00:00,0.022472,0,0.022472
2016-07-14 08:00:00,0.032303,0,0.032303
2016-07-14 09:00:00,0.050562,0,0.050562
2016-07-14 10:00:00,0.026685,0.002000000000066,0.028685000000066
2016-07-14 11:00:00,0.030899,0.000999999999976,0.031898999999976
2016-07-14 12:00:00,0.030899,0,0.030899
2016-07-14 13:00:00,0.066011,0,0.066011
2016-07-14 14:00:00,0.047753,0,0.047753
2016-07-14 15:00:00,0.036517,0,0.036517
2016-07-14 16:00:00,0.05618,0.000999999999976,0.057179999999976
2016-07-14 17:00:00,0.04073,0,0.04073
2016-07-14 18:00:00,0.147472,0,0.147472
2016-07-14 19:00:00,0.051966,0,0.051966
2016-07-14 20:00:00,0.057584,0,0.057584
2016-07-14 21:00:00,0.049157,0,0.049157
2016-07-14 22:00:00,0.081461,0,0.081461
2016-07-14 23:00:00,0.075843,0,0.075843
2016-07-15 00:00:00,0.098315,0,0.098315
2016-07-15 01:00:00,0.077247,0,0.077247
2016-07-15 02:00:00,0.049157,0,0.049157
2016-07-15 03:00:00,0.035112,0,0.035112
2016-07-15 04:00:00,0.037921,0,0.037921
2016-07-15 05:00:00,0.025281,0,0.025281
2016-07-15 06:00:00,0.035112,0,0.035112
2016-07-15 07:00:00,0.026685,0,0.026685
2016-07-15 08:00:00,0.157303,0,0.157303
2016-07-15 09:00:00,0.049157,0,0.049157
2016-07-15 10:00:00,0.081461,0,0.081461
2016-07-15 11:00:00,0.036517,0.001999999999953,0.038516999999953
2016-07-15 12:00:00,0.077247,0,0.077247
2016-07-15 13:00:00,0.029494,0,0.029494
2016-07-15 14:00:00,0.108146,0,0.108146
2016-07-15 15:00:00,0.058989,0.00100000000009,0.05998900000009
2016-07-15 16:00:00,0.047753,0,0.047753
2016-07-15 17:00:00,0.02809,0,0.02809
2016-07-15 18:00:00,0.026685,0,0.026685
2016-07-15 19:00:00,0.064607,0,0.064607
2016-07-15 20:00:00,0.049157,0,0.049157
2016-07-15 21:00:00,0.033708,0,0.033708
2016-07-15 22:00:00,0.051966,0,0.051966
2016-07-15 23:00:00,0.106742,0,0.106742
2016-07-16 00:00:00,0.071629,0,0.071629
2016-07-16 01:00:00,0.071629,0,0.071629
2016-07-16 02:00:00,0.035112,0,0.035112
2016-07-16 03:00:00,0.030899,0,0.030899
2016-07-16 04:00:00,0.021067,0,0.021067
2016-07-16 05:00:00,0.023876,0,0.023876
2016-07-16 06:00:00,0.015449,0,0.015449
2016-07-16 07:00:00,0.022472,0.487999999999943,0.510471999999943
2016-07-16 08:00:00,0.022472,1.87,1.892472
2016-07-16 09:00:00,0.053371,2.28700000000003,2.34037100000003
2016-07-16 10:00:00,0.019663,1.51300000000003,1.53266300000003
2016-07-16 11:00:00,0.030899,0.001999999999953,0.032898999999953
2016-07-16 12:00:00,0.02809,0.001999999999953,0.030089999999953
2016-07-16 13:00:00,0.030899,0.00100000000009,0.03189900000009
2016-07-16 14:00:00,0.036517,0.001999999999953,0.038516999999953
2016-07-16 15:00:00,0.037921,0.774000000000001,0.811921000000001
2016-07-16 16:00:00,0.071629,1.96600000000001,2.03762900000001
2016-07-16 17:00:00,0.026685,0.201999999999998,0.228684999999998
2016-07-16 18:00:00,0.04073,0,0.04073
2016-07-16 19:00:00,0.042135,0,0.042135
2016-07-16 20:00:00,0.032303,0,0.032303
2016-07-16 21:00:00,0.047753,0,0.047753
2016-07-16 22:00:00,0.070225,0,0.070225
2016-07-16 23:00:00,0.099719,0,0.099719
2016-07-17 00:00:00,0.103933,0,0.103933
2016-07-17 01:00:00,0.060393,0,0.060393
2016-07-17 02:00:00,0.032303,0,0.032303
2016-07-17 03:00:00,0.035112,0,0.035112
2016-07-17 04:00:00,0.030899,0,0.030899
2016-07-17 05:00:00,0.030899,0,0.030899
2016-07-17 06:00:00,0.026685,0.009000000000015,0.035685000000015
2016-07-17 07:00:00,0.037921,0.98599999999999,1.02392099999999
2016-07-17 08:00:00,0.023876,0,0.023876
2016-07-17 09:00:00,0.050562,1.86000000000001,1.91056200000001
2016-07-17 10:00:00,0.023876,2.92899999999997,2.95287599999997
2016-07-17 11:00:00,0.02809,2.32399999999996,2.35208999999996
2016-07-17 12:00:00,0.022472,0.366000000000099,0.388472000000099
2016-07-17 13:00:00,0.206461,0.001999999999953,0.208460999999953
2016-07-17 14:00:00,0.043539,0.001999999999953,0.045538999999953
2016-07-17 15:00:00,0.032303,0.00100000000009,0.03330300000009
2016-07-17 16:00:00,0.05618,0.001999999999953,0.058179999999953
2016-07-17 17:00:00,0.044944,0,0.044944
2016-07-17 18:00:00,0.042135,0,0.042135
2016-07-17 19:00:00,0.046348,0,0.046348
2016-07-17 20:00:00,0.046348,0,0.046348
2016-07-17 21:00:00,0.058989,0,0.058989
2016-07-17 22:00:00,0.043539,0,0.043539
2016-07-17 23:00:00,0.110955,0,0.110955
2016-07-18 00:00:00,0.098315,0,0.098315
2016-07-18 01:00:00,0.036517,0,0.036517
2016-07-18 02:00:00,0.035112,0,0.035112
2016-07-18 03:00:00,0.021067,0,0.021067
2016-07-18 04:00:00,0.026685,0,0.026685
2016-07-18 05:00:00,0.016854,0,0.016854
2016-07-18 06:00:00,0.021067,0,0.021067
2016-07-18 07:00:00,0.016854,0,0.016854
2016-07-18 08:00:00,0.098315,0,0.098315
2016-07-18 09:00:00,0.033708,0.000999999999976,0.034707999999976
2016-07-18 10:00:00,0.029494,0.000999999999976,0.030493999999976
2016-07-18 11:00:00,0.019663,0,0.019663
2016-07-18 12:00:00,0.026685,0.002000000000066,0.028685000000066
2016-07-18 13:00:00,0.02809,0.000999999999976,0.029089999999976
2016-07-18 14:00:00,0.04073,0.001999999999953,0.042729999999953
2016-07-18 15:00:00,0.02809,0.002000000000066,0.030090000000066
2016-07-18 16:00:00,0.029494,0.001999999999953,0.031493999999953
2016-07-18 17:00:00,0.023876,0.000999999999976,0.024875999999976
2016-07-18 18:00:00,0.033708,0,0.033708
2016-07-18 19:00:00,0.043539,0,0.043539
2016-07-18 20:00:00,0.043539,0,0.043539
2016-07-18 21:00:00,0.025281,0,0.025281
2016-07-18 22:00:00,0.054775,0,0.054775
2016-07-18 23:00:00,0.102528,0,0.102528
2016-07-19 00:00:00,0.108146,0,0.108146
2016-07-19 01:00:00,0.071629,0,0.071629
2016-07-19 02:00:00,0.022472,0,0.022472
2016-07-19 03:00:00,0.026685,0,0.026685
2016-07-19 04:00:00,0.022472,0,0.022472
2016-07-19 05:00:00,0.022472,0,0.022472
2016-07-19 06:00:00,0.015449,0,0.015449
2016-07-19 07:00:00,0.025281,0,0.025281
2016-07-19 08:00:00,0.051966,0.00100000000009,0.05296600000009
2016-07-19 09:00:00,0.080056,0.000999999999976,0.081055999999976
2016-07-19 10:00:00,0.023876,0.000999999999976,0.024875999999976
2016-07-19 11:00:00,0.033708,0.000999999999976,0.034707999999976
2016-07-19 12:00:00,0.025281,0.00100000000009,0.02628100000009
2016-07-19 13:00:00,0.088483,0,0.088483
2016-07-19 14:00:00,0.051966,0.001999999999953,0.053965999999953
2016-07-19 15:00:00,0.04073,0.000999999999976,0.041729999999976
2016-07-19 16:00:00,0.026685,0.002000000000066,0.028685000000066
2016-07-19 17:00:00,0.035112,0,0.035112
2016-07-19 18:00:00,0.039326,0,0.039326
2016-07-19 19:00:00,0.053371,0,0.053371
2016-07-19 20:00:00,0.060393,0,0.060393
2016-07-19 21:00:00,0.025281,0,0.025281
2016-07-19 22:00:00,0.092697,0,0.092697
2016-07-19 23:00:00,0.071629,0,0.071629
2016-07-20 00:00:00,0.102528,0,0.102528
2016-07-20 01:00:00,0.05618,0,0.05618
2016-07-20 02:00:00,0.025281,0,0.025281
2016-07-20 03:00:00,0.026685,0,0.026685
2016-07-20 04:00:00,0.039326,0,0.039326
2016-07-20 05:00:00,0.019663,0,0.019663
2016-07-20 06:00:00,0.029494,0,0.029494
2016-07-20 07:00:00,0.021067,0,0.021067
2016-07-20 08:00:00,0.033708,0,0.033708
2016-07-20 09:00:00,0.032303,0.000999999999976,0.033302999999976
2016-07-20 10:00:00,0.025281,0.001999999999953,0.027280999999953
2016-07-20 11:00:00,0.022472,0.002000000000066,0.024472000000066
2016-07-20 12:00:00,0.021067,0.001999999999953,0.023066999999953
2016-07-20 13:00:00,0.032303,2.40999999999997,2.44230299999997
2016-07-20 14:00:00,0.064607,0.463000000000079,0.527607000000079
2016-07-20 15:00:00,0.046348,0.001999999999953,0.048347999999953
2016-07-20 16:00:00,0.039326,0.000999999999976,0.040325999999976
2016-07-20 17:00:00,0.108146,0.000999999999976,0.109145999999976
2016-07-20 18:00:00,0.032303,0,0.032303
2016-07-20 19:00:00,0.043539,0,0.043539
2016-07-20 20:00:00,0.043539,0,0.043539
2016-07-20 21:00:00,0.029494,0,0.029494
2016-07-20 22:00:00,0.051966,0,0.051966
2016-07-20 23:00:00,0.075843,0,0.075843
2016-07-21 00:00:00,0.073034,0,0.073034
2016-07-21 01:00:00,0.044944,0,0.044944
2016-07-21 02:00:00,0.02809,0,0.02809
2016-07-21 03:00:00,0.02809,0,0.02809
2016-07-21 04:00:00,0.021067,0,0.021067
2016-07-21 05:00:00,0.023876,0,0.023876
2016-07-21 06:00:00,0.019663,0,0.019663
2016-07-21 07:00:00,0.019663,0,0.019663
2016-07-21 08:00:00,0.026685,0,0.026685
2016-07-21 09:00:00,0.032303,0.00100000000009,0.03330300000009
2016-07-21 10:00:00,0.049157,0.000999999999976,0.050156999999976
2016-07-21 11:00:00,0.02809,0.001999999999953,0.030089999999953
2016-07-21 12:00:00,0.042135,0,0.042135
2016-07-21 13:00:00,0.026685,0,0.026685
2016-07-21 14:00:00,0.039326,0.002000000000066,0.041326000000066
2016-07-21 15:00:00,0.033708,0.000999999999976,0.034707999999976
2016-07-21 16:00:00,0.037921,0.000999999999976,0.038920999999976
2016-07-21 17:00:00,0.207865,0,0.207865
2016-07-21 18:00:00,0.050562,0,0.050562
2016-07-21 19:00:00,0.074438,0,0.074438
2016-07-21 20:00:00,0.080056,0,0.080056
2016-07-21 21:00:00,0.075843,0,0.075843
2016-07-21 22:00:00,0.070225,0.000999999999976,0.071224999999976
2016-07-21 23:00:00,0.095506,0,0.095506
2016-07-22 00:00:00,0.054775,0,0.054775
2016-07-22 01:00:00,0.075843,0,0.075843
2016-07-22 02:00:00,0.032303,0,0.032303
2016-07-22 03:00:00,0.02809,0,0.02809
2016-07-22 04:00:00,0.030899,0,0.030899
2016-07-22 05:00:00,0.030899,0,0.030899
2016-07-22 06:00:00,0.030899,0,0.030899
2016-07-22 07:00:00,0.025281,0.00100000000009,0.02628100000009
2016-07-22 08:00:00,0.032303,0,0.032303
2016-07-22 09:00:00,0.030899,0.000999999999976,0.031898999999976
2016-07-22 10:00:00,0.026685,0.001999999999953,0.028684999999953
2016-07-22 11:00:00,0.030899,0.002000000000066,0.032899000000066
2016-07-22 12:00:00,0.021067,0.000999999999976,0.022066999999976
2016-07-22 13:00:00,0.037921,0.000999999999976,0.038920999999976
2016-07-22 14:00:00,0.147472,0,0.147472
2016-07-22 15:00:00,0.02809,0,0.02809
2016-07-22 16:00:00,0.042135,0.000999999999976,0.043134999999976
2016-07-22 17:00:00,0.044944,0.000999999999976,0.045943999999976
2016-07-22 18:00:00,0.022472,0,0.022472
2016-07-22 19:00:00,0.021067,0,0.021067
2016-07-22 20:00:00,0.054775,0,0.054775
2016-07-22 21:00:00,0.047753,0,0.047753
2016-07-22 22:00:00,0.058989,0,0.058989
2016-07-22 23:00:00,0.102528,0.00100000000009,0.10352800000009
2016-07-23 00:00:00,0.099719,0,0.099719
2016-07-23 01:00:00,0.082865,0,0.082865
2016-07-23 02:00:00,0.022472,0.000999999999976,0.023471999999976
2016-07-23 03:00:00,0.022472,0,0.022472
2016-07-23 04:00:00,0.032303,0,0.032303
2016-07-23 05:00:00,0.021067,0.000999999999976,0.022066999999976
2016-07-23 06:00:00,0.019663,0,0.019663
2016-07-23 07:00:00,0.021067,0.000999999999976,0.022066999999976
2016-07-23 08:00:00,0.014045,0,0.014045
2016-07-23 09:00:00,0.029494,0,0.029494
2016-07-23 10:00:00,0.033708,0.000999999999976,0.034707999999976
2016-07-23 11:00:00,0.242978,0.573000000000093,0.815978000000093
2016-07-23 12:00:00,0.04073,1.57399999999996,1.61472999999996
2016-07-23 13:00:00,0.026685,1.78800000000001,1.81468500000001
2016-07-23 14:00:00,0.140449,1.89699999999993,2.03744899999993
2016-07-23 15:00:00,0.060393,1.02200000000005,1.08239300000005
2016-07-23 16:00:00,0.049157,0,0.049157
2016-07-23 17:00:00,0.022472,0,0.022472
2016-07-23 18:00:00,0.033708,0,0.033708
2016-07-23 19:00:00,0.037921,0,0.037921
2016-07-23 20:00:00,0.046348,0,0.046348
2016-07-23 21:00:00,0.050562,0,0.050562
2016-07-23 22:00:00,0.046348,0.000999999999976,0.047347999999976
2016-07-23 23:00:00,0.085674,0.000999999999976,0.086673999999976
2016-07-24 00:00:00,0.075843,0,0.075843
2016-07-24 01:00:00,0.070225,0,0.070225
2016-07-24 02:00:00,0.02809,0,0.02809
2016-07-24 03:00:00,0.036517,0,0.036517
2016-07-24 04:00:00,0.026685,0,0.026685
2016-07-24 05:00:00,0.033708,0,0.033708
2016-07-24 06:00:00,0.026685,0,0.026685
2016-07-24 07:00:00,0.019663,0.00100000000009,0.02066300000009
2016-07-24 08:00:00,0.018258,0,0.018258
2016-07-24 09:00:00,0.032303,0,0.032303
2016-07-24 10:00:00,0.026685,0.000999999999976,0.027684999999976
2016-07-24 11:00:00,0.085674,0.001999999999953,0.087673999999953
2016-07-24 12:00:00,0.02809,0.002000000000066,0.030090000000066
2016-07-24 13:00:00,0.164326,0.001999999999953,0.166325999999953
2016-07-24 14:00:00,0.070225,0.000999999999976,0.071224999999976
2016-07-24 15:00:00,0.044944,0.002000000000066,0.046944000000066
2016-07-24 16:00:00,0.035112,0.001999999999953,0.037111999999953
2016-07-24 17:00:00,0.023876,0.002000000000066,0.025876000000066
2016-07-24 18:00:00,0.030899,0,0.030899
2016-07-24 19:00:00,0.044944,0.000999999999976,0.045943999999976
2016-07-24 20:00:00,0.036517,0,0.036517
2016-07-24 21:00:00,0.060393,0,0.060393
2016-07-24 22:00:00,0.057584,0,0.057584
2016-07-24 23:00:00,0.110955,0,0.110955
2016-07-25 00:00:00,0.119382,0.000999999999976,0.120381999999976
2016-07-25 01:00:00,0.039326,0.000999999999976,0.040325999999976
2016-07-25 02:00:00,0.022472,0,0.022472
2016-07-25 03:00:00,0.016854,0,0.016854
2016-07-25 04:00:00,0.02809,0,0.02809
2016-07-25 05:00:00,0.023876,0,0.023876
2016-07-25 06:00:00,0.04073,0,0.04073
2016-07-25 07:00:00,0.025281,0.002000000000066,0.027281000000066
2016-07-25 08:00:00,0.018258,0.000999999999976,0.019257999999976
2016-07-25 09:00:00,0.021067,0.000999999999976,0.022066999999976
2016-07-25 10:00:00,0.029494,0.268000000000029,0.297494000000029
2016-07-25 11:00:00,0.030899,2.91300000000001,2.94389900000001
2016-07-25 12:00:00,0.021067,2.649,2.670067
2016-07-25 13:00:00,0.230337,1.88299999999992,2.11333699999992
2016-07-25 14:00:00,0.032303,2.29300000000001,2.32530300000001
2016-07-25 15:00:00,0.029494,1.09800000000007,1.12749400000007
2016-07-25 16:00:00,0.049157,0,0.049157
2016-07-25 17:00:00,0.025281,0,0.025281
2016-07-25 18:00:00,0.035112,0,0.035112
2016-07-25 19:00:00,0.036517,0,0.036517
2016-07-25 20:00:00,0.067416,0,0.067416
2016-07-25 21:00:00,0.067416,0,0.067416
2016-07-25 22:00:00,0.054775,0,0.054775
2016-07-25 23:00:00,0.108146,0.000999999999976,0.109145999999976
2016-07-26 00:00:00,0.094101,0,0.094101
2016-07-26 01:00:00,0.060393,0,0.060393
2016-07-26 02:00:00,0.04073,0,0.04073
2016-07-26 03:00:00,0.026685,0,0.026685
2016-07-26 04:00:00,0.025281,0,0.025281
2016-07-26 05:00:00,0.021067,0,0.021067
2016-07-26 06:00:00,0.018258,0,0.018258
2016-07-26 07:00:00,0.018258,0,0.018258
2016-07-26 08:00:00,0.018258,0.000999999999976,0.019257999999976
2016-07-26 09:00:00,0.046348,1.80799999999999,1.85434799999999
2016-07-26 10:00:00,0.02809,0.08400000000006,0.11209000000006
2016-07-26 11:00:00,0.080056,0.001999999999953,0.082055999999953
2016-07-26 12:00:00,0.042135,0.001999999999953,0.044134999999953
2016-07-26 13:00:00,0.162921,0.00100000000009,0.16392100000009
2016-07-26 14:00:00,0.071629,0.001999999999953,0.073628999999953
2016-07-26 15:00:00,0.070225,0.001999999999953,0.072224999999953
2016-07-26 16:00:00,0.127809,0.00100000000009,0.12880900000009
2016-07-26 17:00:00,0.047753,0,0.047753
2016-07-26 18:00:00,0.042135,0,0.042135
2016-07-26 19:00:00,0.02809,0.000999999999976,0.029089999999976
2016-07-26 20:00:00,0.051966,0.000999999999976,0.052965999999976
2016-07-26 21:00:00,0.085674,0,0.085674
2016-07-26 22:00:00,0.066011,0,0.066011
2016-07-26 23:00:00,0.075843,0.000999999999976,0.076842999999976
2016-07-27 00:00:00,0.06882,0,0.06882
2016-07-27 01:00:00,0.022472,0,0.022472
2016-07-27 02:00:00,0.02809,0,0.02809
2016-07-27 03:00:00,0.023876,0,0.023876
2016-07-27 04:00:00,0.02809,0,0.02809
2016-07-27 05:00:00,0.035112,0,0.035112
2016-07-27 06:00:00,0.023876,0,0.023876
2016-07-27 07:00:00,0.023876,0,0.023876
2016-07-27 08:00:00,0.022472,0,0.022472
2016-07-27 09:00:00,0.026685,0,0.026685
2016-07-27 10:00:00,0.023876,0.00100000000009,0.02487600000009
2016-07-27 11:00:00,0.030899,0.000999999999976,0.031898999999976
2016-07-27 12:00:00,0.016854,0.000999999999976,0.017853999999976
2016-07-27 13:00:00,0.130618,0.000999999999976,0.131617999999976
2016-07-27 14:00:00,0.026685,0.003000000000043,0.029685000000043
2016-07-27 15:00:00,0.071629,0.000999999999976,0.072628999999976
2016-07-27 16:00:00,0.025281,0.410999999999945,0.436280999999945
2016-07-27 17:00:00,0.016854,0.860000000000014,0.876854000000014
2016-07-27 18:00:00,0.023876,0,0.023876
2016-07-27 19:00:00,0.043539,0.00100000000009,0.04453900000009
2016-07-27 20:00:00,0.047753,0,0.047753
2016-07-27 21:00:00,0.049157,0,0.049157
2016-07-27 22:00:00,0.036517,0,0.036517
2016-07-27 23:00:00,0.09691,0,0.09691
2016-07-28 00:00:00,0.09691,0,0.09691
2016-07-28 01:00:00,0.022472,0.000999999999976,0.023471999999976
2016-07-28 02:00:00,0.019663,0,0.019663
2016-07-28 03:00:00,0.022472,0.000999999999976,0.023471999999976
2016-07-28 04:00:00,0.025281,0,0.025281
2016-07-28 05:00:00,0.035112,0,0.035112
2016-07-28 06:00:00,0.026685,0.66700000000003,0.69368500000003
2016-07-28 07:00:00,0.092697,1.67599999999993,1.76869699999993
2016-07-28 08:00:00,0.051966,0.75100000000009,0.80296600000009
2016-07-28 09:00:00,0.050562,0.000999999999976,0.051561999999976
2016-07-28 10:00:00,0.044944,0,0.044944
2016-07-28 11:00:00,0.044944,0,0.044944
2016-07-28 12:00:00,0.015449,0.000999999999976,0.016448999999976
2016-07-28 13:00:00,0.044944,0.001999999999953,0.046943999999953
2016-07-28 14:00:00,0.044944,1.08699999999999,1.13194399999999
2016-07-28 15:00:00,0.043539,2.39300000000003,2.43653900000003
2016-07-28 16:00:00,0.064607,0.758000000000038,0.822607000000038
2016-07-28 17:00:00,0.039326,0.659999999999968,0.699325999999968
2016-07-28 18:00:00,0.02809,0,0.02809
2016-07-28 19:00:00,0.044944,0,0.044944
2016-07-28 20:00:00,0.064607,0,0.064607
2016-07-28 21:00:00,0.057584,0,0.057584
2016-07-28 22:00:00,0.063202,0,0.063202
2016-07-28 23:00:00,0.074438,0.000999999999976,0.075437999999976
2016-07-29 00:00:00,0.139045,0.00100000000009,0.14004500000009
2016-07-29 01:00:00,0.033708,0,0.033708
2016-07-29 02:00:00,0.026685,0.000999999999976,0.027684999999976
2016-07-29 03:00:00,0.023876,0,0.023876
2016-07-29 04:00:00,0.02809,0,0.02809
2016-07-29 05:00:00,0.026685,0,0.026685
2016-07-29 06:00:00,0.025281,0,0.025281
2016-07-29 07:00:00,0.047753,0,0.047753
2016-07-29 08:00:00,0.02809,0,0.02809
2016-07-29 09:00:00,0.043539,0.000999999999976,0.044538999999976
2016-07-29 10:00:00,0.026685,0.001999999999953,0.028684999999953
2016-07-29 11:00:00,0.115169,0.002000000000066,0.117169000000066
2016-07-29 12:00:00,0.033708,0.000999999999976,0.034707999999976
2016-07-29 13:00:00,0.117978,0.001999999999953,0.119977999999953
2016-07-29 14:00:00,0.026685,0.002000000000066,0.028685000000066
2016-07-29 15:00:00,0.022472,0.001999999999953,0.024471999999953
2016-07-29 16:00:00,0.043539,0.157000000000039,0.200539000000039
2016-07-29 17:00:00,0.015449,0.000999999999976,0.016448999999976
2016-07-29 18:00:00,0.025281,0,0.025281
2016-07-29 19:00:00,0.037921,0,0.037921
2016-07-29 20:00:00,0.050562,0,0.050562
2016-07-29 21:00:00,0.074438,0,0.074438
2016-07-29 22:00:00,0.098315,0,0.098315
2016-07-29 23:00:00,0.11236,0,0.11236
2016-07-30 00:00:00,0.06882,0.000999999999976,0.069819999999976
2016-07-30 01:00:00,0.064607,0,0.064607
2016-07-30 02:00:00,0.044944,0.00100000000009,0.04594400000009
2016-07-30 03:00:00,0.02809,0,0.02809
2016-07-30 04:00:00,0.032303,0,0.032303
2016-07-30 05:00:00,0.021067,0,0.021067
2016-07-30 06:00:00,0.018258,0,0.018258
2016-07-30 07:00:00,0.030899,0,0.030899
2016-07-30 08:00:00,0.019663,0.131999999999948,0.151662999999948
2016-07-30 09:00:00,0.047753,2.43600000000004,2.48375300000004
2016-07-30 10:00:00,0.085674,2.93399999999997,3.01967399999997
2016-07-30 11:00:00,0.022472,1.74300000000005,1.76547200000005
2016-07-30 12:00:00,0.035112,0.949999999999932,0.985111999999932
2016-07-30 13:00:00,0.032303,2.02300000000002,2.05530300000002
2016-07-30 14:00:00,0.021067,0.023000000000025,0.044067000000025
2016-07-30 15:00:00,0.043539,0,0.043539
2016-07-30 16:00:00,0.049157,0,0.049157
2016-07-30 17:00:00,0.043539,0.000999999999976,0.044538999999976
2016-07-30 18:00:00,0.167135,0,0.167135
2016-07-30 19:00:00,0.05618,0,0.05618
2016-07-30 20:00:00,0.02809,0,0.02809
2016-07-30 21:00:00,0.042135,0,0.042135
2016-07-30 22:00:00,0.05618,0.000999999999976,0.057179999999976
2016-07-30 23:00:00,0.098315,0.000999999999976,0.099314999999976
2016-07-31 00:00:00,0.102528,0.00100000000009,0.10352800000009
2016-07-31 01:00:00,0.101124,0.000999999999976,0.102123999999976
2016-07-31 02:00:00,0.064607,0.001999999999953,0.066606999999953
2016-07-31 03:00:00,0.030899,0,0.030899
2016-07-31 04:00:00,0.02809,0.000999999999976,0.029089999999976
2016-07-31 05:00:00,0.022472,0,0.022472
2016-07-31 06:00:00,0.029494,0.00100000000009,0.03049400000009
2016-07-31 07:00:00,0.015449,0.000999999999976,0.016448999999976
2016-07-31 08:00:00,0.019663,0,0.019663
2016-07-31 09:00:00,0.022472,0,0.022472
2016-07-31 10:00:00,0.029494,0,0.029494
2016-07-31 11:00:00,0.080056,0,0.080056
2016-07-31 12:00:00,0.025281,0.000999999999976,0.026280999999976
2016-07-31 13:00:00,0.04073,0.000999999999976,0.041729999999976
2016-07-31 14:00:00,0.030899,0.002000000000066,0.032899000000066
2016-07-31 15:00:00,0.044944,0,0.044944
2016-07-31 16:00:00,0.033708,0,0.033708
2016-07-31 17:00:00,0.042135,0,0.042135
2016-07-31 18:00:00,0.046348,0,0.046348
2016-07-31 19:00:00,0.058989,0,0.058989
2016-07-31 20:00:00,0.058989,0,0.058989
2016-07-31 21:00:00,0.174157,0,0.174157
2016-07-31 22:00:00,0.073034,0,0.073034
2016-07-31 23:00:00,0.119382,0,0.119382
2016-08-01 00:00:00,0.141854,0,0.141854
2016-08-01 01:00:00,0.11236,0.000999999999976,0.113359999999976
2016-08-01 02:00:00,0.044944,0,0.044944
2016-08-01 03:00:00,0.029494,0,0.029494
2016-08-01 04:00:00,0.039326,0,0.039326
2016-08-01 05:00:00,0.036517,0,0.036517
2016-08-01 06:00:00,0.025281,0,0.025281
2016-08-01 07:00:00,0.026685,0,0.026685
2016-08-01 08:00:00,0.023876,0.183999999999969,0.207875999999969
2016-08-01 09:00:00,0.02809,1.875,1.90309
2016-08-01 10:00:00,0.258427,2.37400000000002,2.63242700000002
2016-08-01 11:00:00,0.060393,0.000999999999976,0.061392999999976
2016-08-01 12:00:00,0.05618,0.001999999999953,0.058179999999953
2016-08-01 13:00:00,0.049157,0.00100000000009,0.05015700000009
2016-08-01 14:00:00,0.101124,0.000999999999976,0.102123999999976
2016-08-01 15:00:00,0.042135,0.001999999999953,0.044134999999953
2016-08-01 16:00:00,0.06882,1.14400000000001,1.21282000000001
2016-08-01 17:00:00,0.046348,0.000999999999976,0.047347999999976
2016-08-01 18:00:00,0.037921,0,0.037921
2016-08-01 19:00:00,0.058989,0,0.058989
2016-08-01 20:00:00,0.143258,0,0.143258
2016-08-01 21:00:00,0.070225,0,0.070225
2016-08-01 22:00:00,0.102528,0,0.102528
2016-08-01 23:00:00,0.102528,0,0.102528
2016-08-02 00:00:00,0.110955,0,0.110955
2016-08-02 01:00:00,0.087079,0,0.087079
2016-08-02 02:00:00,0.058989,0,0.058989
2016-08-02 03:00:00,0.026685,0,0.026685
2016-08-02 04:00:00,0.025281,0,0.025281
2016-08-02 05:00:00,0.016854,0,0.016854
2016-08-02 06:00:00,0.023876,0,0.023876
2016-08-02 07:00:00,0.018258,0,0.018258
2016-08-02 08:00:00,0.015449,1.33200000000011,1.34744900000011
2016-08-02 09:00:00,0.035112,1.90199999999993,1.93711199999993
2016-08-02 10:00:00,0.251404,0.282000000000039,0.533404000000039
2016-08-02 11:00:00,0.19382,0.000999999999976,0.194819999999976
2016-08-02 12:00:00,0.039326,0.000999999999976,0.040325999999976
2016-08-02 13:00:00,0.043539,0.000999999999976,0.044538999999976
2016-08-02 14:00:00,0.050562,0,0.050562
2016-08-02 15:00:00,0.043539,0,0.043539
2016-08-02 16:00:00,0.126404,0,0.126404
2016-08-02 17:00:00,0.094101,0,0.094101
2016-08-02 18:00:00,0.042135,0,0.042135
2016-08-02 19:00:00,0.044944,0,0.044944
2016-08-02 20:00:00,0.039326,0,0.039326
2016-08-02 21:00:00,0.043539,0,0.043539
2016-08-02 22:00:00,0.061798,0,0.061798
2016-08-02 23:00:00,0.11236,0,0.11236
2016-08-03 00:00:00,0.080056,0,0.080056
2016-08-03 01:00:00,0.075843,0,0.075843
2016-08-03 02:00:00,0.037921,0,0.037921
2016-08-03 03:00:00,0.02809,0,0.02809
2016-08-03 04:00:00,0.033708,0,0.033708
2016-08-03 05:00:00,0.023876,0,0.023876
2016-08-03 06:00:00,0.026685,0,0.026685
2016-08-03 07:00:00,0.022472,0,0.022472
2016-08-03 08:00:00,0.018258,0.00100000000009,0.01925800000009
2016-08-03 09:00:00,0.022472,0.000999999999976,0.023471999999976
2016-08-03 10:00:00,0.032303,0.000999999999976,0.033302999999976
2016-08-03 11:00:00,0.021067,0.001999999999953,0.023066999999953
2016-08-03 12:00:00,0.022472,0.002000000000066,0.024472000000066
2016-08-03 13:00:00,0.043539,0.000999999999976,0.044538999999976
2016-08-03 14:00:00,0.199438,0.002000000000066,0.201438000000066
2016-08-03 15:00:00,0.053371,0.001999999999953,0.055370999999953
2016-08-03 16:00:00,0.049157,0.001999999999953,0.051156999999953
2016-08-03 17:00:00,0.016854,0.00100000000009,0.01785400000009
2016-08-03 18:00:00,0.02809,0,0.02809
2016-08-03 19:00:00,0.030899,0,0.030899
2016-08-03 20:00:00,0.054775,0,0.054775
2016-08-03 21:00:00,0.042135,0,0.042135
2016-08-03 22:00:00,0.075843,0,0.075843
2016-08-03 23:00:00,0.101124,0,0.101124
2016-08-04 00:00:00,0.095506,0,0.095506
2016-08-04 01:00:00,0.094101,0.000999999999976,0.095100999999976
2016-08-04 02:00:00,0.036517,0,0.036517
2016-08-04 03:00:00,0.023876,0,0.023876
2016-08-04 04:00:00,0.030899,0,0.030899
2016-08-04 05:00:00,0.016854,0,0.016854
2016-08-04 06:00:00,0.02809,0,0.02809
2016-08-04 07:00:00,0.018258,0.000999999999976,0.019257999999976
2016-08-04 08:00:00,0.016854,0,0.016854
2016-08-04 09:00:00,0.039326,0.000999999999976,0.040325999999976
2016-08-04 10:00:00,0.019663,0.000999999999976,0.020662999999976
2016-08-04 11:00:00,0.032303,0.002000000000066,0.034303000000066
2016-08-04 12:00:00,0.023876,0,0.023876
2016-08-04 13:00:00,0.108146,0.591000000000008,0.699146000000008
2016-08-04 14:00:00,0.051966,1.904,1.955966
2016-08-04 15:00:00,0.050562,0.260999999999967,0.311561999999967
2016-08-04 16:00:00,0.050562,0,0.050562
2016-08-04 17:00:00,0.018258,0,0.018258
2016-08-04 18:00:00,0.08427,0,0.08427
2016-08-04 19:00:00,0.070225,0,0.070225
2016-08-04 20:00:00,0.073034,0,0.073034
2016-08-04 21:00:00,0.102528,0,0.102528
2016-08-04 22:00:00,0.117978,0,0.117978
2016-08-04 23:00:00,0.144663,0,0.144663
2016-08-05 00:00:00,0.098315,0,0.098315
2016-08-05 01:00:00,0.074438,0,0.074438
2016-08-05 02:00:00,0.02809,0,0.02809
2016-08-05 03:00:00,0.021067,0,0.021067
2016-08-05 04:00:00,0.030899,0,0.030899
2016-08-05 05:00:00,0.022472,0,0.022472
2016-08-05 06:00:00,0.026685,0,0.026685
2016-08-05 07:00:00,0.035112,0,0.035112
2016-08-05 08:00:00,0.05618,0,0.05618
2016-08-05 09:00:00,0.054775,0,0.054775
2016-08-05 10:00:00,0.026685,0,0.026685
2016-08-05 11:00:00,0.044944,0,0.044944
2016-08-05 12:00:00,0.023876,0,0.023876
2016-08-05 13:00:00,0.023876,0,0.023876
2016-08-05 14:00:00,0.06882,0.000999999999976,0.069819999999976
2016-08-05 15:00:00,0.168539,0.000999999999976,0.169538999999976
2016-08-05 16:00:00,0.080056,0.00100000000009,0.08105600000009
2016-08-05 17:00:00,0.101124,0,0.101124
2016-08-05 18:00:00,0.044944,0,0.044944
2016-08-05 19:00:00,0.058989,0,0.058989
2016-08-05 20:00:00,0.494382,0,0.494382
2016-08-05 21:00:00,0.08427,0,0.08427
2016-08-05 22:00:00,0.296348,0,0.296348
2016-08-05 23:00:00,0.109551,0.000999999999976,0.110550999999976
2016-08-06 00:00:00,0.105337,0,0.105337
2016-08-06 01:00:00,0.063202,0,0.063202
2016-08-06 02:00:00,0.032303,0,0.032303
2016-08-06 03:00:00,0.029494,0,0.029494
2016-08-06 04:00:00,0.030899,0,0.030899
2016-08-06 05:00:00,0.016854,0,0.016854
2016-08-06 06:00:00,0.022472,0,0.022472
2016-08-06 07:00:00,0.02809,0,0.02809
2016-08-06 08:00:00,0.021067,0,0.021067
2016-08-06 09:00:00,0.047753,0.000999999999976,0.048752999999976
2016-08-06 10:00:00,0.019663,0.000999999999976,0.020662999999976
2016-08-06 11:00:00,0.060393,1.78300000000002,1.84339300000002
2016-08-06 12:00:00,0.022472,0.480000000000018,0.502472000000018
2016-08-06 13:00:00,0.175562,0.001999999999953,0.177561999999953
2016-08-06 14:00:00,0.049157,0.00100000000009,0.05015700000009
2016-08-06 15:00:00,0.023876,0.001999999999953,0.025875999999953
2016-08-06 16:00:00,0.25,0,0.25
2016-08-06 17:00:00,0.030899,0,0.030899
2016-08-06 18:00:00,0.049157,0,0.049157
2016-08-06 19:00:00,0.057584,0,0.057584
2016-08-06 20:00:00,0.04073,0,0.04073
2016-08-06 21:00:00,0.199438,0,0.199438
2016-08-06 22:00:00,0.06882,0,0.06882
2016-08-06 23:00:00,0.110955,0,0.110955
2016-08-07 00:00:00,0.108146,0,0.108146
2016-08-07 01:00:00,0.110955,0,0.110955
2016-08-07 02:00:00,0.053371,0,0.053371
2016-08-07 03:00:00,0.04073,0,0.04073
2016-08-07 04:00:00,0.026685,0,0.026685
2016-08-07 05:00:00,0.018258,0,0.018258
2016-08-07 06:00:00,0.019663,0,0.019663
2016-08-07 07:00:00,0.016854,0.000999999999976,0.017853999999976
2016-08-07 08:00:00,0.022472,0,0.022472
2016-08-07 09:00:00,0.02809,1.98500000000001,2.01309000000001
2016-08-07 10:00:00,0.074438,1.80000000000007,1.87443800000007
2016-08-07 11:00:00,0.067416,0.414999999999964,0.482415999999964
2016-08-07 12:00:00,0.037921,0.125,0.162921
2016-08-07 13:00:00,0.016854,0.000999999999976,0.017853999999976
2016-08-07 14:00:00,0.060393,0.001999999999953,0.062392999999953
2016-08-07 15:00:00,0.044944,0.002000000000066,0.046944000000066
2016-08-07 16:00:00,0.023876,0.000999999999976,0.024875999999976
2016-08-07 17:00:00,0.026685,0,0.026685
2016-08-07 18:00:00,0.023876,0,0.023876
2016-08-07 19:00:00,0.042135,0,0.042135
2016-08-07 20:00:00,0.035112,0,0.035112
2016-08-07 21:00:00,0.037921,0,0.037921
2016-08-07 22:00:00,0.126404,0,0.126404
2016-08-07 23:00:00,0.074438,0,0.074438
2016-08-08 00:00:00,0.063202,0,0.063202
2016-08-08 01:00:00,0.081461,0,0.081461
2016-08-08 02:00:00,0.018258,0,0.018258
2016-08-08 03:00:00,0.037921,0,0.037921
2016-08-08 04:00:00,0.030899,0,0.030899
2016-08-08 05:00:00,0.042135,0,0.042135
2016-08-08 06:00:00,0.030899,0,0.030899
2016-08-08 07:00:00,0.015449,0,0.015449
2016-08-08 08:00:00,0.021067,0.000999999999976,0.022066999999976
2016-08-08 09:00:00,0.02809,0.00100000000009,0.02909000000009
2016-08-08 10:00:00,0.033708,0.002999999999929,0.036707999999929
2016-08-08 11:00:00,0.04073,0.000999999999976,0.041729999999976
2016-08-08 12:00:00,0.071629,0.002000000000066,0.073629000000066
2016-08-08 13:00:00,0.060393,0.001999999999953,0.062392999999953
2016-08-08 14:00:00,0.042135,0.002000000000066,0.044135000000066
2016-08-08 15:00:00,0.044944,0.000999999999976,0.045943999999976
2016-08-08 16:00:00,0.051966,0,0.051966
2016-08-08 17:00:00,0.018258,0,0.018258
2016-08-08 18:00:00,0.022472,0,0.022472
2016-08-08 19:00:00,0.067416,0,0.067416
2016-08-08 20:00:00,0.047753,0,0.047753
2016-08-08 21:00:00,0.047753,0,0.047753
2016-08-08 22:00:00,0.05618,0,0.05618
2016-08-08 23:00:00,0.05618,0,0.05618
2016-08-09 00:00:00,0.057584,0.000999999999976,0.058583999999976
2016-08-09 01:00:00,0.064607,0,0.064607
2016-08-09 02:00:00,0.023876,0.000999999999976,0.024875999999976
2016-08-09 03:00:00,0.042135,0,0.042135
2016-08-09 04:00:00,0.02809,0,0.02809
2016-08-09 05:00:00,0.016854,0,0.016854
2016-08-09 06:00:00,0.021067,0,0.021067
2016-08-09 07:00:00,0.021067,0,0.021067
2016-08-09 08:00:00,0.02809,0,0.02809
2016-08-09 09:00:00,0.022472,0,0.022472
2016-08-09 10:00:00,0.035112,0,0.035112
2016-08-09 11:00:00,0.023876,0,0.023876
2016-08-09 12:00:00,0.022472,0,0.022472
2016-08-09 13:00:00,0.035112,0.000999999999976,0.036111999999976
2016-08-09 14:00:00,0.02809,0,0.02809
2016-08-09 15:00:00,0.029494,0.00100000000009,0.03049400000009
2016-08-09 16:00:00,0.014045,0,0.014045
2016-08-09 17:00:00,0.023876,0,0.023876
2016-08-09 18:00:00,0.030899,0,0.030899
2016-08-09 19:00:00,0.026685,0,0.026685
2016-08-09 20:00:00,0.026685,0,0.026685
2016-08-09 21:00:00,0.216292,0,0.216292
2016-08-09 22:00:00,0.047753,0,0.047753
2016-08-09 23:00:00,0.057584,0,0.057584
2016-08-10 00:00:00,0.049157,0,0.049157
2016-08-10 01:00:00,0.061798,0,0.061798
2016-08-10 02:00:00,0.049157,0,0.049157
2016-08-10 03:00:00,0.029494,0,0.029494
2016-08-10 04:00:00,0.02809,0,0.02809
2016-08-10 05:00:00,0.021067,0,0.021067
2016-08-10 06:00:00,0.023876,0,0.023876
2016-08-10 07:00:00,0.023876,0,0.023876
2016-08-10 08:00:00,0.030899,0,0.030899
2016-08-10 09:00:00,0.030899,0,0.030899
2016-08-10 10:00:00,0.026685,0,0.026685
2016-08-10 11:00:00,0.105337,0,0.105337
2016-08-10 12:00:00,0.029494,0,0.029494
2016-08-10 13:00:00,0.044944,0,0.044944
2016-08-10 14:00:00,0.064607,0.000999999999976,0.065606999999976
2016-08-10 15:00:00,0.051966,0,0.051966
2016-08-10 16:00:00,0.032303,0,0.032303
2016-08-10 17:00:00,0.030899,0,0.030899
2016-08-10 18:00:00,0.022472,0,0.022472
2016-08-10 19:00:00,0.021067,0,0.021067
2016-08-10 20:00:00,0.044944,0,0.044944
2016-08-10 21:00:00,0.037921,0,0.037921
2016-08-10 22:00:00,0.057584,0,0.057584
2016-08-10 23:00:00,0.064607,0,0.064607
2016-08-11 00:00:00,0.058989,0,0.058989
2016-08-11 01:00:00,0.078652,0,0.078652
2016-08-11 02:00:00,0.030899,0,0.030899
2016-08-11 03:00:00,0.033708,0,0.033708
2016-08-11 04:00:00,0.035112,0,0.035112
2016-08-11 05:00:00,0.030899,0,0.030899
2016-08-11 06:00:00,0.021067,0.000999999999976,0.022066999999976
2016-08-11 07:00:00,0.015449,0,0.015449
2016-08-11 08:00:00,0.023876,0,0.023876
2016-08-11 09:00:00,0.025281,0,0.025281
2016-08-11 10:00:00,0.037921,2.29499999999996,2.33292099999996
2016-08-11 11:00:00,0.037921,2.58199999999999,2.61992099999999
2016-08-11 12:00:00,0.150281,0.668000000000006,0.818281000000006
2016-08-11 13:00:00,0.051966,0.00100000000009,0.05296600000009
2016-08-11 14:00:00,0.039326,0.000999999999976,0.040325999999976
2016-08-11 15:00:00,0.04073,0.000999999999976,0.041729999999976
2016-08-11 16:00:00,0.044944,0,0.044944
2016-08-11 17:00:00,0.025281,0,0.025281
2016-08-11 18:00:00,0.035112,0,0.035112
2016-08-11 19:00:00,0.026685,0,0.026685
2016-08-11 20:00:00,0.035112,0,0.035112
2016-08-11 21:00:00,0.063202,0,0.063202
2016-08-11 22:00:00,0.207865,0,0.207865
2016-08-11 23:00:00,0.109551,0,0.109551
2016-08-12 00:00:00,0.122191,0,0.122191
2016-08-12 01:00:00,0.094101,0,0.094101
2016-08-12 02:00:00,0.037921,0,0.037921
2016-08-12 03:00:00,0.030899,0,0.030899
2016-08-12 04:00:00,0.030899,0,0.030899
2016-08-12 05:00:00,0.029494,0,0.029494
2016-08-12 06:00:00,0.02809,0,0.02809
2016-08-12 07:00:00,0.046348,0,0.046348
2016-08-12 08:00:00,0.033708,0,0.033708
2016-08-12 09:00:00,0.06882,0.000999999999976,0.069819999999976
2016-08-12 10:00:00,0.033708,0,0.033708
2016-08-12 11:00:00,0.087079,0,0.087079
2016-08-12 12:00:00,0.058989,0.000999999999976,0.059988999999976
2016-08-12 13:00:00,0.081461,0,0.081461
2016-08-12 14:00:00,0.066011,0,0.066011
2016-08-12 15:00:00,0.057584,0.00100000000009,0.05858400000009
2016-08-12 16:00:00,0.058989,0,0.058989
2016-08-12 17:00:00,0.058989,0,0.058989
2016-08-12 18:00:00,0.036517,0,0.036517
2016-08-12 19:00:00,0.122191,0,0.122191
2016-08-12 20:00:00,0.070225,0,0.070225
2016-08-12 21:00:00,0.115169,0,0.115169
2016-08-12 22:00:00,0.146067,0,0.146067
2016-08-12 23:00:00,0.101124,0,0.101124
2016-08-13 00:00:00,0.129213,0,0.129213
2016-08-13 01:00:00,0.077247,0,0.077247
2016-08-13 02:00:00,0.091292,0,0.091292
2016-08-13 03:00:00,0.030899,0,0.030899
2016-08-13 04:00:00,0.029494,0,0.029494
2016-08-13 05:00:00,0.026685,0,0.026685
2016-08-13 06:00:00,0.018258,0,0.018258
2016-08-13 07:00:00,0.021067,0,0.021067
2016-08-13 08:00:00,0.049157,0.259999999999991,0.309156999999991
2016-08-13 09:00:00,0.053371,2.16599999999994,2.21937099999994
2016-08-13 10:00:00,0.053371,0.415000000000077,0.468371000000077
2016-08-13 11:00:00,0.058989,0.000999999999976,0.059988999999976
2016-08-13 12:00:00,0.060393,0.001999999999953,0.062392999999953
2016-08-13 13:00:00,0.035112,0.002000000000066,0.037112000000066
2016-08-13 14:00:00,0.04073,0.001999999999953,0.042729999999953
2016-08-13 15:00:00,0.036517,0.000999999999976,0.037516999999976
2016-08-13 16:00:00,0.029494,0.638000000000034,0.667494000000034
2016-08-13 17:00:00,0.033708,0.942999999999984,0.976707999999984
2016-08-13 18:00:00,0.04073,0,0.04073
2016-08-13 19:00:00,0.029494,0,0.029494
2016-08-13 20:00:00,0.046348,0,0.046348
2016-08-13 21:00:00,0.058989,0,0.058989
2016-08-13 22:00:00,0.094101,0,0.094101
2016-08-13 23:00:00,0.091292,0,0.091292
2016-08-14 00:00:00,0.115169,0,0.115169
2016-08-14 01:00:00,0.108146,0,0.108146
2016-08-14 02:00:00,0.061798,0,0.061798
2016-08-14 03:00:00,0.033708,0,0.033708
2016-08-14 04:00:00,0.032303,0,0.032303
2016-08-14 05:00:00,0.021067,0,0.021067
2016-08-14 06:00:00,0.029494,0,0.029494
2016-08-14 07:00:00,0.021067,0,0.021067
2016-08-14 08:00:00,0.061798,0,0.061798
2016-08-14 09:00:00,0.070225,0.000999999999976,0.071224999999976
2016-08-14 10:00:00,0.057584,0.00100000000009,0.05858400000009
2016-08-14 11:00:00,0.057584,0,0.057584
2016-08-14 12:00:00,0.023876,0.973999999999933,0.997875999999933
2016-08-14 13:00:00,0.026685,3.14400000000001,3.17068500000001
2016-08-14 14:00:00,0.057584,1.08100000000002,1.13858400000002
2016-08-14 15:00:00,0.120787,0.000999999999976,0.121786999999976
2016-08-14 16:00:00,0.115169,0.000999999999976,0.116168999999976
2016-08-14 17:00:00,0.039326,0.00100000000009,0.04032600000009
2016-08-14 18:00:00,0.049157,0,0.049157
2016-08-14 19:00:00,0.022472,0,0.022472
2016-08-14 20:00:00,0.063202,0,0.063202
2016-08-14 21:00:00,0.08427,0.000999999999976,0.085269999999976
2016-08-14 22:00:00,0.102528,0,0.102528
2016-08-14 23:00:00,0.09691,0,0.09691
2016-08-15 00:00:00,0.08427,0,0.08427
2016-08-15 01:00:00,0.064607,0,0.064607
2016-08-15 02:00:00,0.023876,0.000999999999976,0.024875999999976
2016-08-15 03:00:00,0.026685,0,0.026685
2016-08-15 04:00:00,0.035112,0,0.035112
2016-08-15 05:00:00,0.030899,0,0.030899
2016-08-15 06:00:00,0.030899,0,0.030899
2016-08-15 07:00:00,0.016854,0,0.016854
2016-08-15 08:00:00,0.044944,0.000999999999976,0.045943999999976
2016-08-15 09:00:00,0.035112,0,0.035112
2016-08-15 10:00:00,0.021067,0,0.021067
2016-08-15 11:00:00,0.026685,0.002000000000066,0.028685000000066
2016-08-15 12:00:00,0.021067,0,0.021067
2016-08-15 13:00:00,0.089888,0.001999999999953,0.091887999999953
2016-08-15 14:00:00,0.042135,0,0.042135
2016-08-15 15:00:00,0.044944,0.000999999999976,0.045943999999976
2016-08-15 16:00:00,0.071629,0.002000000000066,0.073629000000066
2016-08-15 17:00:00,0.046348,0.000999999999976,0.047347999999976
2016-08-15 18:00:00,0.060393,0,0.060393
2016-08-15 19:00:00,0.047753,0,0.047753
2016-08-15 20:00:00,0.147472,0,0.147472
2016-08-15 21:00:00,0.091292,0,0.091292
2016-08-15 22:00:00,0.130618,0,0.130618
2016-08-15 23:00:00,0.110955,0,0.110955
2016-08-16 00:00:00,0.091292,0.000999999999976,0.092291999999976
2016-08-16 01:00:00,0.049157,0,0.049157
2016-08-16 02:00:00,0.035112,0.000999999999976,0.036111999999976
2016-08-16 03:00:00,0.015449,0,0.015449
2016-08-16 04:00:00,0.025281,0,0.025281
2016-08-16 05:00:00,0.036517,0,0.036517
2016-08-16 06:00:00,0.025281,0,0.025281
2016-08-16 07:00:00,0.026685,0,0.026685
2016-08-16 08:00:00,0.016854,0.002000000000066,0.018854000000066
2016-08-16 09:00:00,0.026685,0.000999999999976,0.027684999999976
2016-08-16 10:00:00,0.026685,0.001999999999953,0.028684999999953
2016-08-16 11:00:00,0.039326,0.002000000000066,0.041326000000066
2016-08-16 12:00:00,0.022472,0.001999999999953,0.024471999999953
2016-08-16 13:00:00,0.032303,1.18299999999999,1.21530299999999
2016-08-16 14:00:00,0.129213,0.002000000000066,0.131213000000066
2016-08-16 15:00:00,0.023876,0.001999999999953,0.025875999999953
2016-08-16 16:00:00,0.039326,0.000999999999976,0.040325999999976
2016-08-16 17:00:00,0.025281,0.002000000000066,0.027281000000066
2016-08-16 18:00:00,0.025281,0.000999999999976,0.026280999999976
2016-08-16 19:00:00,0.053371,0,0.053371
2016-08-16 20:00:00,0.047753,0,0.047753
2016-08-16 21:00:00,0.049157,0,0.049157
2016-08-16 22:00:00,0.105337,0,0.105337
2016-08-16 23:00:00,0.148876,0.000999999999976,0.149875999999976
2016-08-17 00:00:00,0.125,0,0.125
2016-08-17 01:00:00,0.070225,0.000999999999976,0.071224999999976
2016-08-17 02:00:00,0.022472,0.000999999999976,0.023471999999976
2016-08-17 03:00:00,0.019663,0,0.019663
2016-08-17 04:00:00,0.047753,0,0.047753
2016-08-17 05:00:00,0.019663,0,0.019663
2016-08-17 06:00:00,0.019663,0,0.019663
2016-08-17 07:00:00,0.026685,0,0.026685
2016-08-17 08:00:00,0.025281,0.00100000000009,0.02628100000009
2016-08-17 09:00:00,0.033708,0.000999999999976,0.034707999999976
2016-08-17 10:00:00,0.016854,0.002999999999929,0.019853999999929
2016-08-17 11:00:00,0.026685,0.00100000000009,0.02768500000009
2016-08-17 12:00:00,0.019663,0,0.019663
2016-08-17 13:00:00,0.030899,0.001999999999953,0.032898999999953
2016-08-17 14:00:00,0.035112,0.002000000000066,0.037112000000066
2016-08-17 15:00:00,0.029494,0,0.029494
2016-08-17 16:00:00,0.047753,0,0.047753
2016-08-17 17:00:00,0.032303,0,0.032303
2016-08-17 18:00:00,0.033708,0,0.033708
2016-08-17 19:00:00,0.039326,0,0.039326
2016-08-17 20:00:00,0.053371,0,0.053371
2016-08-17 21:00:00,0.325843,0,0.325843
2016-08-17 22:00:00,0.094101,0,0.094101
2016-08-17 23:00:00,0.130618,0,0.130618
2016-08-18 00:00:00,0.081461,0.000999999999976,0.082460999999976
2016-08-18 01:00:00,0.071629,0,0.071629
2016-08-18 02:00:00,0.029494,0,0.029494
2016-08-18 03:00:00,0.042135,0,0.042135
2016-08-18 04:00:00,0.029494,0,0.029494
2016-08-18 05:00:00,0.016854,0,0.016854
2016-08-18 06:00:00,0.022472,0,0.022472
2016-08-18 07:00:00,0.019663,0,0.019663
2016-08-18 08:00:00,0.033708,0.000999999999976,0.034707999999976
2016-08-18 09:00:00,0.019663,0,0.019663
2016-08-18 10:00:00,0.023876,0.000999999999976,0.024875999999976
2016-08-18 11:00:00,0.044944,0.000999999999976,0.045943999999976
2016-08-18 12:00:00,0.02809,0.00100000000009,0.02909000000009
2016-08-18 13:00:00,0.029494,0,0.029494
2016-08-18 14:00:00,0.060393,0,0.060393
2016-08-18 15:00:00,0.058989,0.000999999999976,0.059988999999976
2016-08-18 16:00:00,0.035112,0,0.035112
2016-08-18 17:00:00,0.207865,0,0.207865
2016-08-18 18:00:00,0.036517,0,0.036517
2016-08-18 19:00:00,0.039326,0,0.039326
2016-08-18 20:00:00,0.050562,0,0.050562
2016-08-18 21:00:00,0.228933,0,0.228933
2016-08-18 22:00:00,0.082865,0,0.082865
2016-08-18 23:00:00,0.09691,0,0.09691
2016-08-19 00:00:00,0.155899,0,0.155899
2016-08-19 01:00:00,0.08427,0.000999999999976,0.085269999999976
2016-08-19 02:00:00,0.030899,0,0.030899
2016-08-19 03:00:00,0.021067,0,0.021067
2016-08-19 04:00:00,0.030899,0,0.030899
2016-08-19 05:00:00,0.039326,0,0.039326
2016-08-19 06:00:00,0.016854,0,0.016854
2016-08-19 07:00:00,0.023876,0,0.023876
2016-08-19 08:00:00,0.049157,0.000999999999976,0.050156999999976
2016-08-19 09:00:00,0.060393,0.000999999999976,0.061392999999976
2016-08-19 10:00:00,0.050562,0.00100000000009,0.05156200000009
2016-08-19 11:00:00,0.081461,0.002999999999929,0.084460999999929
2016-08-19 12:00:00,0.036517,0.000999999999976,0.037516999999976
2016-08-19 13:00:00,0.033708,0.002000000000066,0.035708000000066
2016-08-19 14:00:00,0.05618,0.000999999999976,0.057179999999976
2016-08-19 15:00:00,0.264045,0,0.264045
2016-08-19 16:00:00,0.088483,0,0.088483
2016-08-19 17:00:00,0.021067,0,0.021067
2016-08-19 18:00:00,0.023876,0,0.023876
2016-08-19 19:00:00,0.057584,0,0.057584
2016-08-19 20:00:00,0.073034,0,0.073034
2016-08-19 21:00:00,0.095506,0,0.095506
2016-08-19 22:00:00,0.167135,0,0.167135
2016-08-19 23:00:00,0.143258,0,0.143258
2016-08-20 00:00:00,0.102528,0,0.102528
2016-08-20 01:00:00,0.098315,0,0.098315
2016-08-20 02:00:00,0.071629,0.000999999999976,0.072628999999976
2016-08-20 03:00:00,0.026685,0,0.026685
2016-08-20 04:00:00,0.037921,0,0.037921
2016-08-20 05:00:00,0.046348,0,0.046348
2016-08-20 06:00:00,0.025281,0,0.025281
2016-08-20 07:00:00,0.026685,0,0.026685
2016-08-20 08:00:00,0.066011,0,0.066011
2016-08-20 09:00:00,0.054775,0,0.054775
2016-08-20 10:00:00,0.080056,0,0.080056
2016-08-20 11:00:00,0.030899,0,0.030899
2016-08-20 12:00:00,0.035112,0.002000000000066,0.037112000000066
2016-08-20 13:00:00,0.026685,0.000999999999976,0.027684999999976
2016-08-20 14:00:00,0.046348,0,0.046348
2016-08-20 15:00:00,0.02809,0.000999999999976,0.029089999999976
2016-08-20 16:00:00,0.016854,0,0.016854
2016-08-20 17:00:00,0.036517,0.000999999999976,0.037516999999976
2016-08-20 18:00:00,0.036517,0,0.036517
2016-08-20 19:00:00,0.022472,0,0.022472
2016-08-20 20:00:00,0.053371,0,0.053371
2016-08-20 21:00:00,0.04073,0,0.04073
2016-08-20 22:00:00,0.087079,0,0.087079
2016-08-20 23:00:00,0.099719,0,0.099719
2016-08-21 00:00:00,0.088483,0,0.088483
2016-08-21 01:00:00,0.094101,0,0.094101
2016-08-21 02:00:00,0.029494,0,0.029494
2016-08-21 03:00:00,0.021067,0,0.021067
2016-08-21 04:00:00,0.02809,0,0.02809
2016-08-21 05:00:00,0.036517,0,0.036517
2016-08-21 06:00:00,0.019663,0,0.019663
2016-08-21 07:00:00,0.047753,0,0.047753
2016-08-21 08:00:00,0.033708,0,0.033708
2016-08-21 09:00:00,0.036517,0,0.036517
2016-08-21 10:00:00,0.042135,0,0.042135
2016-08-21 11:00:00,0.172753,0.002000000000066,0.174753000000066
2016-08-21 12:00:00,0.016854,0.001999999999953,0.018853999999953
2016-08-21 13:00:00,0.150281,0.002000000000066,0.152281000000066
2016-08-21 14:00:00,0.039326,0.000999999999976,0.040325999999976
2016-08-21 15:00:00,0.089888,0.001999999999953,0.091887999999953
2016-08-21 16:00:00,0.078652,0.000999999999976,0.079651999999976
2016-08-21 17:00:00,0.029494,0,0.029494
2016-08-21 18:00:00,0.036517,0,0.036517
2016-08-21 19:00:00,0.039326,0,0.039326
2016-08-21 20:00:00,0.039326,0,0.039326
2016-08-21 21:00:00,0.082865,0,0.082865
2016-08-21 22:00:00,0.098315,0,0.098315
2016-08-21 23:00:00,0.071629,0,0.071629
2016-08-22 00:00:00,0.116573,0,0.116573
2016-08-22 01:00:00,0.106742,0,0.106742
2016-08-22 02:00:00,0.051966,0,0.051966
2016-08-22 03:00:00,0.033708,0,0.033708
2016-08-22 04:00:00,0.032303,0,0.032303
2016-08-22 05:00:00,0.032303,0,0.032303
2016-08-22 06:00:00,0.025281,0,0.025281
2016-08-22 07:00:00,0.021067,0,0.021067
2016-08-22 08:00:00,0.023876,0,0.023876
2016-08-22 09:00:00,0.022472,0.00100000000009,0.02347200000009
2016-08-22 10:00:00,0.04073,0.000999999999976,0.041729999999976
2016-08-22 11:00:00,0.02809,0.000999999999976,0.029089999999976
2016-08-22 12:00:00,0.016854,0.001999999999953,0.018853999999953
2016-08-22 13:00:00,0.042135,0.002000000000066,0.044135000000066
2016-08-22 14:00:00,0.102528,0.001999999999953,0.104527999999953
2016-08-22 15:00:00,0.213483,0.000999999999976,0.214482999999976
2016-08-22 16:00:00,0.022472,0,0.022472
2016-08-22 17:00:00,0.023876,0,0.023876
2016-08-22 18:00:00,0.022472,0,0.022472
2016-08-22 19:00:00,0.060393,0,0.060393
2016-08-22 20:00:00,0.053371,0,0.053371
2016-08-22 21:00:00,0.036517,0,0.036517
2016-08-22 22:00:00,0.08427,0,0.08427
2016-08-22 23:00:00,0.116573,0,0.116573
2016-08-23 00:00:00,0.110955,0,0.110955
2016-08-23 01:00:00,0.046348,0,0.046348
2016-08-23 02:00:00,0.026685,0,0.026685
2016-08-23 03:00:00,0.022472,0,0.022472
2016-08-23 04:00:00,0.033708,0,0.033708
2016-08-23 05:00:00,0.021067,0,0.021067
2016-08-23 06:00:00,0.022472,0,0.022472
2016-08-23 07:00:00,0.025281,0,0.025281
2016-08-23 08:00:00,0.032303,0,0.032303
2016-08-23 09:00:00,0.02809,0.00100000000009,0.02909000000009
2016-08-23 10:00:00,0.037921,0.001999999999953,0.039920999999953
2016-08-23 11:00:00,0.036517,0.002000000000066,0.038517000000066
2016-08-23 12:00:00,0.033708,0.000999999999976,0.034707999999976
2016-08-23 13:00:00,0.02809,0.001999999999953,0.030089999999953
2016-08-23 14:00:00,0.042135,0.002000000000066,0.044135000000066
2016-08-23 15:00:00,0.021067,0.000999999999976,0.022066999999976
2016-08-23 16:00:00,0.021067,0.000999999999976,0.022066999999976
2016-08-23 17:00:00,0.026685,0,0.026685
2016-08-23 18:00:00,0.016854,0,0.016854
2016-08-23 19:00:00,0.143258,0,0.143258
2016-08-23 20:00:00,0.070225,0,0.070225
2016-08-23 21:00:00,0.047753,0,0.047753
2016-08-23 22:00:00,0.061798,0,0.061798
2016-08-23 23:00:00,0.139045,0,0.139045
2016-08-24 00:00:00,0.053371,0,0.053371
2016-08-24 01:00:00,0.054775,0,0.054775
2016-08-24 02:00:00,0.026685,0,0.026685
2016-08-24 03:00:00,0.021067,0,0.021067
2016-08-24 04:00:00,0.030899,0,0.030899
2016-08-24 05:00:00,0.035112,0,0.035112
2016-08-24 06:00:00,0.021067,0,0.021067
2016-08-24 07:00:00,0.029494,0,0.029494
2016-08-24 08:00:00,0.018258,0,0.018258
2016-08-24 09:00:00,0.021067,0,0.021067
2016-08-24 10:00:00,0.046348,0.000999999999976,0.047347999999976
2016-08-24 11:00:00,0.021067,0.002000000000066,0.023067000000066
2016-08-24 12:00:00,0.018258,0.001999999999953,0.020257999999953
2016-08-24 13:00:00,0.032303,0.000999999999976,0.033302999999976
2016-08-24 14:00:00,0.037921,0.002000000000066,0.039921000000066
2016-08-24 15:00:00,0.029494,0.001999999999953,0.031493999999953
2016-08-24 16:00:00,0.032303,0,0.032303
2016-08-24 17:00:00,0.016854,0,0.016854
2016-08-24 18:00:00,0.018258,0,0.018258
2016-08-24 19:00:00,0.039326,0,0.039326
2016-08-24 20:00:00,0.035112,0,0.035112
2016-08-24 21:00:00,0.032303,0,0.032303
2016-08-24 22:00:00,0.06882,0,0.06882
2016-08-24 23:00:00,0.060393,0,0.060393
2016-08-25 00:00:00,0.066011,0,0.066011
2016-08-25 01:00:00,0.030899,0,0.030899
2016-08-25 02:00:00,0.025281,0,0.025281
2016-08-25 03:00:00,0.030899,0,0.030899
2016-08-25 04:00:00,0.035112,0,0.035112
2016-08-25 05:00:00,0.023876,0,0.023876
2016-08-25 06:00:00,0.030899,0,0.030899
2016-08-25 07:00:00,0.018258,0,0.018258
2016-08-25 08:00:00,0.022472,0,0.022472
2016-08-25 09:00:00,0.047753,0,0.047753
2016-08-25 10:00:00,0.021067,0.001999999999953,0.023066999999953
2016-08-25 11:00:00,0.035112,0.002000000000066,0.037112000000066
2016-08-25 12:00:00,0.015449,0.001999999999953,0.017448999999953
2016-08-25 13:00:00,0.022472,0.00100000000009,0.02347200000009
2016-08-25 14:00:00,0.078652,0.001999999999953,0.080651999999953
2016-08-25 15:00:00,0.067416,0.000999999999976,0.068415999999976
2016-08-25 16:00:00,0.046348,0,0.046348
2016-08-25 17:00:00,0.04073,0,0.04073
2016-08-25 18:00:00,0.030899,0,0.030899
2016-08-25 19:00:00,0.046348,0,0.046348
2016-08-25 20:00:00,0.158708,0,0.158708
2016-08-25 21:00:00,0.105337,0,0.105337
2016-08-25 22:00:00,0.123596,0,0.123596
2016-08-25 23:00:00,0.123596,0.000999999999976,0.124595999999976
2016-08-26 00:00:00,0.106742,0,0.106742
2016-08-26 01:00:00,0.070225,0.00100000000009,0.07122500000009
2016-08-26 02:00:00,0.035112,0,0.035112
2016-08-26 03:00:00,0.047753,0,0.047753
2016-08-26 04:00:00,0.039326,0,0.039326
2016-08-26 05:00:00,0.023876,0,0.023876
2016-08-26 06:00:00,0.02809,0,0.02809
2016-08-26 07:00:00,0.021067,0,0.021067
2016-08-26 08:00:00,0.025281,0,0.025281
2016-08-26 09:00:00,0.032303,0.001999999999953,0.034302999999953
2016-08-26 10:00:00,0.054775,0.000999999999976,0.055774999999976
2016-08-26 11:00:00,0.030899,0.002000000000066,0.032899000000066
2016-08-26 12:00:00,0.033708,0.001999999999953,0.035707999999953
2016-08-26 13:00:00,0.037921,0.001999999999953,0.039920999999953
2016-08-26 14:00:00,0.042135,0.002000000000066,0.044135000000066
2016-08-26 15:00:00,0.044944,0.001999999999953,0.046943999999953
2016-08-26 16:00:00,0.047753,0,0.047753
2016-08-26 17:00:00,0.058989,0,0.058989
2016-08-26 18:00:00,0.054775,0,0.054775
2016-08-26 19:00:00,0.066011,0,0.066011
2016-08-26 20:00:00,0.095506,0,0.095506
2016-08-26 21:00:00,0.248596,0,0.248596
2016-08-26 22:00:00,0.136236,0,0.136236
2016-08-26 23:00:00,0.127809,0.000999999999976,0.128808999999976
2016-08-27 00:00:00,0.106742,0,0.106742
2016-08-27 01:00:00,0.098315,0,0.098315
2016-08-27 02:00:00,0.066011,0,0.066011
2016-08-27 03:00:00,0.030899,0,0.030899
2016-08-27 04:00:00,0.030899,0,0.030899
2016-08-27 05:00:00,0.037921,0,0.037921
2016-08-27 06:00:00,0.022472,0,0.022472
2016-08-27 07:00:00,0.025281,0,0.025281
2016-08-27 08:00:00,0.047753,0.002000000000066,0.049753000000066
2016-08-27 09:00:00,0.058989,0.000999999999976,0.059988999999976
2016-08-27 10:00:00,0.067416,0.002000000000066,0.069416000000066
2016-08-27 11:00:00,0.047753,0.001999999999953,0.049752999999953
2016-08-27 12:00:00,0.023876,0.001999999999953,0.025875999999953
2016-08-27 13:00:00,0.018258,0.00100000000009,0.01925800000009
2016-08-27 14:00:00,0.06882,0.001999999999953,0.070819999999953
2016-08-27 15:00:00,0.248596,0.001999999999953,0.250595999999953
2016-08-27 16:00:00,0.051966,0.00100000000009,0.05296600000009
2016-08-27 17:00:00,0.016854,0,0.016854
2016-08-27 18:00:00,0.022472,0,0.022472
2016-08-27 19:00:00,0.047753,0,0.047753
2016-08-27 20:00:00,0.037921,0,0.037921
2016-08-27 21:00:00,0.05618,0,0.05618
2016-08-27 22:00:00,0.094101,0,0.094101
2016-08-27 23:00:00,0.102528,0,0.102528
2016-08-28 00:00:00,0.103933,0,0.103933
2016-08-28 01:00:00,0.089888,0,0.089888
2016-08-28 02:00:00,0.057584,0,0.057584
2016-08-28 03:00:00,0.029494,0,0.029494
2016-08-28 04:00:00,0.030899,0,0.030899
2016-08-28 05:00:00,0.025281,0,0.025281
2016-08-28 06:00:00,0.033708,0,0.033708
2016-08-28 07:00:00,0.023876,0,0.023876
2016-08-28 08:00:00,0.018258,0,0.018258
2016-08-28 09:00:00,0.026685,0.000999999999976,0.027684999999976
2016-08-28 10:00:00,0.022472,0.000999999999976,0.023471999999976
2016-08-28 11:00:00,0.037921,0.000999999999976,0.038920999999976
2016-08-28 12:00:00,0.119382,0.002000000000066,0.121382000000066
2016-08-28 13:00:00,0.070225,0.001999999999953,0.072224999999953
2016-08-28 14:00:00,0.077247,0.000999999999976,0.078246999999976
2016-08-28 15:00:00,0.06882,0.002000000000066,0.070820000000066
2016-08-28 16:00:00,0.074438,0.000999999999976,0.075437999999976
2016-08-28 17:00:00,0.16573,0.000999999999976,0.166729999999976
2016-08-28 18:00:00,0.02809,0,0.02809
2016-08-28 19:00:00,0.089888,0,0.089888
2016-08-28 20:00:00,0.067416,0,0.067416
2016-08-28 21:00:00,0.071629,0,0.071629
2016-08-28 22:00:00,0.105337,0,0.105337
2016-08-28 23:00:00,0.109551,0.000999999999976,0.110550999999976
2016-08-29 00:00:00,0.073034,0,0.073034
2016-08-29 01:00:00,0.058989,0.000999999999976,0.059988999999976
2016-08-29 02:00:00,0.02809,0,0.02809
2016-08-29 03:00:00,0.022472,0,0.022472
2016-08-29 04:00:00,0.042135,0,0.042135
2016-08-29 05:00:00,0.019663,0,0.019663
2016-08-29 06:00:00,0.016854,0,0.016854
2016-08-29 07:00:00,0.035112,0,0.035112
2016-08-29 08:00:00,0.025281,0,0.025281
2016-08-29 09:00:00,0.033708,0,0.033708
2016-08-29 10:00:00,0.04073,0.00100000000009,0.04173000000009
2016-08-29 11:00:00,0.049157,0.000999999999976,0.050156999999976
2016-08-29 12:00:00,0.046348,0,0.046348
2016-08-29 13:00:00,0.095506,0.001999999999953,0.097505999999953
2016-08-29 14:00:00,0.050562,0.00100000000009,0.05156200000009
2016-08-29 15:00:00,0.026685,0.000999999999976,0.027684999999976
2016-08-29 16:00:00,0.035112,0,0.035112
2016-08-29 17:00:00,0.063202,0,0.063202
2016-08-29 18:00:00,0.058989,0,0.058989
2016-08-29 19:00:00,0.108146,0,0.108146
2016-08-29 20:00:00,0.109551,0,0.109551
2016-08-29 21:00:00,0.08427,0,0.08427
2016-08-29 22:00:00,0.132022,0.000999999999976,0.133021999999976
2016-08-29 23:00:00,0.123596,0.000999999999976,0.124595999999976
2016-08-30 00:00:00,0.160112,0,0.160112
2016-08-30 01:00:00,0.058989,0,0.058989
2016-08-30 02:00:00,0.025281,0.000999999999976,0.026280999999976
2016-08-30 03:00:00,0.036517,0,0.036517
2016-08-30 04:00:00,0.032303,0,0.032303
2016-08-30 05:00:00,0.026685,0,0.026685
2016-08-30 06:00:00,0.033708,0,0.033708
2016-08-30 07:00:00,0.022472,0,0.022472
2016-08-30 08:00:00,0.025281,0,0.025281
2016-08-30 09:00:00,0.050562,0.002000000000066,0.052562000000066
2016-08-30 10:00:00,0.058989,0.000999999999976,0.059988999999976
2016-08-30 11:00:00,0.05618,0.001999999999953,0.058179999999953
2016-08-30 12:00:00,0.050562,0.002000000000066,0.052562000000066
2016-08-30 13:00:00,0.053371,0.001999999999953,0.055370999999953
2016-08-30 14:00:00,0.20927,0.000999999999976,0.210269999999976
2016-08-30 15:00:00,0.077247,0.00100000000009,0.07824700000009
2016-08-30 16:00:00,0.057584,0.000999999999976,0.058583999999976
2016-08-30 17:00:00,0.047753,0,0.047753
2016-08-30 18:00:00,0.051966,0,0.051966
2016-08-30 19:00:00,0.073034,0,0.073034
2016-08-30 20:00:00,0.071629,0,0.071629
2016-08-30 21:00:00,0.050562,0,0.050562
2016-08-30 22:00:00,0.085674,0,0.085674
2016-08-30 23:00:00,0.275281,0,0.275281
2016-08-31 00:00:00,0.109551,0.000999999999976,0.110550999999976
2016-08-31 01:00:00,0.033708,0,0.033708
2016-08-31 02:00:00,0.021067,0.000999999999976,0.022066999999976
2016-08-31 03:00:00,0.032303,0,0.032303
2016-08-31 04:00:00,0.033708,0,0.033708
2016-08-31 05:00:00,0.030899,0,0.030899
2016-08-31 06:00:00,0.026685,0,0.026685
2016-08-31 07:00:00,0.023876,0.984000000000037,1.00787600000004
2016-08-31 08:00:00,0.074438,0.263000000000034,0.337438000000034
2016-08-31 09:00:00,0.029494,0.000999999999976,0.030493999999976
2016-08-31 10:00:00,0.035112,0.000999999999976,0.036111999999976
2016-08-31 11:00:00,0.039326,0,0.039326
2016-08-31 12:00:00,0.035112,0.001999999999953,0.037111999999953
2016-08-31 13:00:00,0.036517,0.00100000000009,0.03751700000009
2016-08-31 14:00:00,0.066011,0.000999999999976,0.067010999999976
2016-08-31 15:00:00,0.053371,1.41700000000003,1.47037100000003
2016-08-31 16:00:00,0.023876,1.69899999999996,1.72287599999996
2016-08-31 17:00:00,0.043539,0.076999999999998,0.120538999999998
2016-08-31 18:00:00,0.102528,0,0.102528
2016-08-31 19:00:00,0.158708,0,0.158708
2016-08-31 20:00:00,0.169944,0,0.169944
2016-08-31 21:00:00,0.08427,0,0.08427
2016-08-31 22:00:00,0.130618,0,0.130618
2016-08-31 23:00:00,0.148876,0,0.148876
2016-09-01 00:00:00,0.113764,0,0.113764
2016-09-01 01:00:00,0.064607,0,0.064607
2016-09-01 02:00:00,0.039326,0,0.039326
2016-09-01 03:00:00,0.035112,0,0.035112
2016-09-01 04:00:00,0.02809,0,0.02809
2016-09-01 05:00:00,0.033708,0,0.033708
2016-09-01 06:00:00,0.029494,0,0.029494
2016-09-01 07:00:00,0.036517,0,0.036517
2016-09-01 08:00:00,0.032303,0,0.032303
2016-09-01 09:00:00,0.030899,1.38300000000004,1.41389900000004
2016-09-01 10:00:00,0.054775,2.20600000000002,2.26077500000002
2016-09-01 11:00:00,0.023876,0.286999999999921,0.310875999999921
2016-09-01 12:00:00,0.029494,0.002000000000066,0.031494000000066
2016-09-01 13:00:00,0.030899,0.000999999999976,0.031898999999976
2016-09-01 14:00:00,0.035112,0.732999999999947,0.768111999999947
2016-09-01 15:00:00,0.057584,0.456000000000017,0.513584000000017
2016-09-01 16:00:00,0.044944,0.000999999999976,0.045943999999976
2016-09-01 17:00:00,0.140449,0,0.140449
2016-09-01 18:00:00,0.073034,0,0.073034
2016-09-01 19:00:00,0.077247,0,0.077247
2016-09-01 20:00:00,0.077247,0,0.077247
2016-09-01 21:00:00,0.080056,0.00100000000009,0.08105600000009
2016-09-01 22:00:00,0.155899,0,0.155899
2016-09-01 23:00:00,0.196629,0.000999999999976,0.197628999999976
2016-09-02 00:00:00,0.081461,0.000999999999976,0.082460999999976
2016-09-02 01:00:00,0.033708,0.000999999999976,0.034707999999976
2016-09-02 02:00:00,0.029494,0,0.029494
2016-09-02 03:00:00,0.02809,0,0.02809
2016-09-02 04:00:00,0.046348,0,0.046348
2016-09-02 05:00:00,0.02809,0,0.02809
2016-09-02 06:00:00,0.023876,0.000999999999976,0.024875999999976
2016-09-02 07:00:00,0.037921,0,0.037921
2016-09-02 08:00:00,0.029494,0.002000000000066,0.031494000000066
2016-09-02 09:00:00,0.060393,0.000999999999976,0.061392999999976
2016-09-02 10:00:00,0.043539,0.001999999999953,0.045538999999953
2016-09-02 11:00:00,0.078652,0.002000000000066,0.080652000000066
2016-09-02 12:00:00,0.061798,0.001999999999953,0.063797999999953
2016-09-02 13:00:00,0.30618,0.002000000000066,0.308180000000066
2016-09-02 14:00:00,0.077247,0.001999999999953,0.079246999999953
2016-09-02 15:00:00,0.217697,0,0.217697
2016-09-02 16:00:00,0.058989,0,0.058989
2016-09-02 17:00:00,0.039326,0,0.039326
2016-09-02 18:00:00,0.05618,0,0.05618
2016-09-02 19:00:00,0.046348,0,0.046348
2016-09-02 20:00:00,0.102528,0,0.102528
2016-09-02 21:00:00,0.078652,0,0.078652
2016-09-02 22:00:00,0.134831,0,0.134831
2016-09-02 23:00:00,0.098315,0,0.098315
2016-09-03 00:00:00,0.101124,0,0.101124
2016-09-03 01:00:00,0.08427,0,0.08427
2016-09-03 02:00:00,0.067416,0,0.067416
2016-09-03 03:00:00,0.033708,0.000999999999976,0.034707999999976
2016-09-03 04:00:00,0.039326,0,0.039326
2016-09-03 05:00:00,0.032303,0,0.032303
2016-09-03 06:00:00,0.036517,0,0.036517
2016-09-03 07:00:00,0.021067,0.00100000000009,0.02206700000009
2016-09-03 08:00:00,0.044944,1.29099999999994,1.33594399999994
2016-09-03 09:00:00,0.054775,1.93100000000004,1.98577500000004
2016-09-03 10:00:00,0.02809,0.640999999999963,0.669089999999963
2016-09-03 11:00:00,0.303371,0.216999999999985,0.520370999999985
2016-09-03 12:00:00,0.049157,0.002000000000066,0.051157000000066
2016-09-03 13:00:00,0.030899,0.000999999999976,0.031898999999976
2016-09-03 14:00:00,0.074438,0.001999999999953,0.076437999999953
2016-09-03 15:00:00,0.050562,0,0.050562
2016-09-03 16:00:00,0.02809,0.000999999999976,0.029089999999976
2016-09-03 17:00:00,0.039326,0,0.039326
2016-09-03 18:00:00,0.044944,0,0.044944
2016-09-03 19:00:00,0.125,0,0.125
2016-09-03 20:00:00,0.06882,0,0.06882
2016-09-03 21:00:00,0.078652,0,0.078652
2016-09-03 22:00:00,0.122191,0,0.122191
2016-09-03 23:00:00,0.140449,0,0.140449
2016-09-04 00:00:00,0.102528,0,0.102528
2016-09-04 01:00:00,0.110955,0,0.110955
2016-09-04 02:00:00,0.074438,0,0.074438
2016-09-04 03:00:00,0.037921,0,0.037921
2016-09-04 04:00:00,0.049157,0,0.049157
2016-09-04 05:00:00,0.029494,0,0.029494
2016-09-04 06:00:00,0.029494,0,0.029494
2016-09-04 07:00:00,0.025281,0.00100000000009,0.02628100000009
2016-09-04 08:00:00,0.030899,0.000999999999976,0.031898999999976
2016-09-04 09:00:00,0.033708,0.799999999999955,0.833707999999955
2016-09-04 10:00:00,0.030899,1.89499999999998,1.92589899999998
2016-09-04 11:00:00,0.113764,1.68100000000004,1.79476400000004
2016-09-04 12:00:00,0.029494,0.263000000000034,0.292494000000034
2016-09-04 13:00:00,0.039326,0,0.039326
2016-09-04 14:00:00,0.06882,0,0.06882
2016-09-04 15:00:00,0.02809,0,0.02809
2016-09-04 16:00:00,0.036517,0,0.036517
2016-09-04 17:00:00,0.212079,0,0.212079
2016-09-04 18:00:00,0.125,0,0.125
2016-09-04 19:00:00,0.082865,0,0.082865
2016-09-04 20:00:00,0.043539,0,0.043539
2016-09-04 21:00:00,0.063202,0,0.063202
2016-09-04 22:00:00,0.089888,0,0.089888
2016-09-04 23:00:00,0.155899,0,0.155899
2016-09-05 00:00:00,0.129213,0,0.129213
2016-09-05 01:00:00,0.066011,0,0.066011
2016-09-05 02:00:00,0.044944,0,0.044944
2016-09-05 03:00:00,0.032303,0,0.032303
2016-09-05 04:00:00,0.042135,0,0.042135
2016-09-05 05:00:00,0.02809,0,0.02809
2016-09-05 06:00:00,0.026685,0,0.026685
2016-09-05 07:00:00,0.082865,0,0.082865
2016-09-05 08:00:00,0.039326,0,0.039326
2016-09-05 09:00:00,0.061798,0,0.061798
2016-09-05 10:00:00,0.049157,0,0.049157
2016-09-05 11:00:00,0.051966,0,0.051966
2016-09-05 12:00:00,0.029494,0,0.029494
2016-09-05 13:00:00,0.02809,0.000999999999976,0.029089999999976
2016-09-05 14:00:00,0.057584,0.000999999999976,0.058583999999976
2016-09-05 15:00:00,0.057584,0.002000000000066,0.059584000000066
2016-09-05 16:00:00,0.092697,0.000999999999976,0.093696999999976
2016-09-05 17:00:00,0.054775,0,0.054775
2016-09-05 18:00:00,0.049157,0,0.049157
2016-09-05 19:00:00,0.085674,0,0.085674
2016-09-05 20:00:00,0.058989,0,0.058989
2016-09-05 21:00:00,0.106742,0,0.106742
2016-09-05 22:00:00,0.117978,0,0.117978
2016-09-05 23:00:00,0.224719,0,0.224719
2016-09-06 00:00:00,0.141854,0,0.141854
2016-09-06 01:00:00,0.067416,0,0.067416
2016-09-06 02:00:00,0.036517,0,0.036517
2016-09-06 03:00:00,0.035112,0,0.035112
2016-09-06 04:00:00,0.04073,0,0.04073
2016-09-06 05:00:00,0.02809,0,0.02809
2016-09-06 06:00:00,0.026685,0,0.026685
2016-09-06 07:00:00,0.108146,0,0.108146
2016-09-06 08:00:00,0.043539,0,0.043539
2016-09-06 09:00:00,0.033708,0,0.033708
2016-09-06 10:00:00,0.245787,0.001999999999953,0.247786999999953
2016-09-06 11:00:00,0.04073,0.000999999999976,0.041729999999976
2016-09-06 12:00:00,0.02809,0.002000000000066,0.030090000000066
2016-09-06 13:00:00,0.042135,0.000999999999976,0.043134999999976
2016-09-06 14:00:00,0.046348,0.000999999999976,0.047347999999976
2016-09-06 15:00:00,0.030899,1.06700000000001,1.09789900000001
2016-09-06 16:00:00,0.050562,1.13800000000003,1.18856200000003
2016-09-06 17:00:00,0.036517,0,0.036517
2016-09-06 18:00:00,0.054775,0,0.054775
2016-09-06 19:00:00,0.053371,0,0.053371
2016-09-06 20:00:00,0.061798,0,0.061798
2016-09-06 21:00:00,0.106742,0,0.106742
2016-09-06 22:00:00,0.122191,0,0.122191
2016-09-06 23:00:00,0.158708,0,0.158708
2016-09-07 00:00:00,0.070225,0,0.070225
2016-09-07 01:00:00,0.06882,0,0.06882
2016-09-07 02:00:00,0.042135,0,0.042135
2016-09-07 03:00:00,0.032303,0,0.032303
2016-09-07 04:00:00,0.026685,0,0.026685
2016-09-07 05:00:00,0.025281,0,0.025281
2016-09-07 06:00:00,0.04073,0,0.04073
2016-09-07 07:00:00,0.022472,0,0.022472
2016-09-07 08:00:00,0.05618,0,0.05618
2016-09-07 09:00:00,0.04073,0.000999999999976,0.041729999999976
2016-09-07 10:00:00,0.080056,0,0.080056
2016-09-07 11:00:00,0.05618,0.000999999999976,0.057179999999976
2016-09-07 12:00:00,0.054775,0.00100000000009,0.05577500000009
2016-09-07 13:00:00,0.091292,0.001999999999953,0.093291999999953
2016-09-07 14:00:00,0.054775,0.001999999999953,0.056774999999953
2016-09-07 15:00:00,0.042135,0.00100000000009,0.04313500000009
2016-09-07 16:00:00,0.061798,0.001999999999953,0.063797999999953
2016-09-07 17:00:00,0.033708,0,0.033708
2016-09-07 18:00:00,0.047753,0,0.047753
2016-09-07 19:00:00,0.108146,0,0.108146
2016-09-07 20:00:00,0.095506,0,0.095506
2016-09-07 21:00:00,0.126404,0,0.126404
2016-09-07 22:00:00,0.144663,0,0.144663
2016-09-07 23:00:00,0.115169,0.000999999999976,0.116168999999976
2016-09-08 00:00:00,0.116573,0,0.116573
2016-09-08 01:00:00,0.082865,0,0.082865
2016-09-08 02:00:00,0.033708,0,0.033708
2016-09-08 03:00:00,0.02809,0,0.02809
2016-09-08 04:00:00,0.033708,0,0.033708
2016-09-08 05:00:00,0.026685,0,0.026685
2016-09-08 06:00:00,0.030899,0,0.030899
2016-09-08 07:00:00,0.030899,0,0.030899
2016-09-08 08:00:00,0.036517,0,0.036517
2016-09-08 09:00:00,0.035112,0,0.035112
2016-09-08 10:00:00,0.073034,0.000999999999976,0.074033999999976
2016-09-08 11:00:00,0.078652,0.00100000000009,0.07965200000009
2016-09-08 12:00:00,0.022472,0.001999999999953,0.024471999999953
2016-09-08 13:00:00,0.022472,0.000999999999976,0.023471999999976
2016-09-08 14:00:00,0.036517,0.000999999999976,0.037516999999976
2016-09-08 15:00:00,0.051966,0.00100000000009,0.05296600000009
2016-09-08 16:00:00,0.063202,0.000999999999976,0.064201999999976
2016-09-08 17:00:00,0.050562,0,0.050562
2016-09-08 18:00:00,0.242978,0,0.242978
2016-09-08 19:00:00,0.067416,0,0.067416
2016-09-08 20:00:00,0.071629,0,0.071629
2016-09-08 21:00:00,0.078652,0,0.078652
2016-09-08 22:00:00,0.16573,0,0.16573
2016-09-08 23:00:00,0.139045,0,0.139045
2016-09-09 00:00:00,0.117978,0,0.117978
2016-09-09 01:00:00,0.066011,0,0.066011
2016-09-09 02:00:00,0.035112,0,0.035112
2016-09-09 03:00:00,0.02809,0,0.02809
2016-09-09 04:00:00,0.036517,0,0.036517
2016-09-09 05:00:00,0.036517,0,0.036517
2016-09-09 06:00:00,0.026685,0,0.026685
2016-09-09 07:00:00,0.025281,0.000999999999976,0.026280999999976
2016-09-09 08:00:00,0.029494,1.56700000000001,1.59649400000001
2016-09-09 09:00:00,0.230337,2.61400000000003,2.84433700000003
2016-09-09 10:00:00,0.050562,2.36000000000001,2.41056200000001
2016-09-09 11:00:00,0.035112,0.293000000000006,0.328112000000006
2016-09-09 12:00:00,0.085674,0.000999999999976,0.086673999999976
2016-09-09 13:00:00,0.06882,0.002999999999929,0.071819999999929
2016-09-09 14:00:00,0.228933,0.00100000000009,0.22993300000009
2016-09-09 15:00:00,0.032303,0.001999999999953,0.034302999999953
2016-09-09 16:00:00,0.057584,0.000999999999976,0.058583999999976
2016-09-09 17:00:00,0.021067,0,0.021067
2016-09-09 18:00:00,0.044944,0.000999999999976,0.045943999999976
2016-09-09 19:00:00,0.047753,0,0.047753
2016-09-09 20:00:00,0.186798,0,0.186798
2016-09-09 21:00:00,0.130618,0,0.130618
2016-09-09 22:00:00,0.16573,0,0.16573
2016-09-09 23:00:00,0.129213,0,0.129213
2016-09-10 00:00:00,0.122191,0,0.122191
2016-09-10 01:00:00,0.070225,0,0.070225
2016-09-10 02:00:00,0.058989,0,0.058989
2016-09-10 03:00:00,0.042135,0,0.042135
2016-09-10 04:00:00,0.033708,0,0.033708
2016-09-10 05:00:00,0.02809,0,0.02809
2016-09-10 06:00:00,0.033708,0,0.033708
2016-09-10 07:00:00,0.030899,0.399000000000001,0.429899000000001
2016-09-10 08:00:00,0.023876,1.74900000000002,1.77287600000002
2016-09-10 09:00:00,0.026685,0,0.026685
2016-09-10 10:00:00,0.051966,0.002000000000066,0.053966000000066
2016-09-10 11:00:00,0.071629,0.000999999999976,0.072628999999976
2016-09-10 12:00:00,0.085674,0.001999999999953,0.087673999999953
2016-09-10 13:00:00,0.043539,0.002000000000066,0.045539000000066
2016-09-10 14:00:00,0.060393,0.001999999999953,0.062392999999953
2016-09-10 15:00:00,0.042135,0.000999999999976,0.043134999999976
2016-09-10 16:00:00,0.02809,0.002000000000066,0.030090000000066
2016-09-10 17:00:00,0.073034,0,0.073034
2016-09-10 18:00:00,0.030899,0,0.030899
2016-09-10 19:00:00,0.089888,0,0.089888
2016-09-10 20:00:00,0.099719,0,0.099719
2016-09-10 21:00:00,0.099719,0,0.099719
2016-09-10 22:00:00,0.102528,0,0.102528
2016-09-10 23:00:00,0.105337,0,0.105337
2016-09-11 00:00:00,0.089888,0,0.089888
2016-09-11 01:00:00,0.09691,0,0.09691
2016-09-11 02:00:00,0.077247,0,0.077247
2016-09-11 03:00:00,0.04073,0,0.04073
2016-09-11 04:00:00,0.035112,0,0.035112
2016-09-11 05:00:00,0.032303,0,0.032303
2016-09-11 06:00:00,0.026685,0,0.026685
2016-09-11 07:00:00,0.058989,0,0.058989
2016-09-11 08:00:00,0.046348,0,0.046348
2016-09-11 09:00:00,0.043539,0.000999999999976,0.044538999999976
2016-09-11 10:00:00,0.053371,0.000999999999976,0.054370999999976
2016-09-11 11:00:00,0.067416,0.002000000000066,0.069416000000066
2016-09-11 12:00:00,0.051966,0.000999999999976,0.052965999999976
2016-09-11 13:00:00,0.077247,0.001999999999953,0.079246999999953
2016-09-11 14:00:00,0.025281,0.002000000000066,0.027281000000066
2016-09-11 15:00:00,0.032303,0.000999999999976,0.033302999999976
2016-09-11 16:00:00,0.115169,0,0.115169
2016-09-11 17:00:00,0.106742,0,0.106742
2016-09-11 18:00:00,0.129213,0,0.129213
2016-09-11 19:00:00,0.043539,0,0.043539
2016-09-11 20:00:00,0.060393,0,0.060393
2016-09-11 21:00:00,0.091292,0,0.091292
2016-09-11 22:00:00,0.078652,0,0.078652
2016-09-11 23:00:00,0.132022,0,0.132022
2016-09-12 00:00:00,0.092697,0,0.092697
2016-09-12 01:00:00,0.039326,0,0.039326
2016-09-12 02:00:00,0.030899,0,0.030899
2016-09-12 03:00:00,0.023876,0,0.023876
2016-09-12 04:00:00,0.046348,0,0.046348
2016-09-12 05:00:00,0.026685,0,0.026685
2016-09-12 06:00:00,0.032303,0.000999999999976,0.033302999999976
2016-09-12 07:00:00,0.046348,0,0.046348
2016-09-12 08:00:00,0.185393,0,0.185393
2016-09-12 09:00:00,0.047753,0.000999999999976,0.048752999999976
2016-09-12 10:00:00,0.032303,0.000999999999976,0.033302999999976
2016-09-12 11:00:00,0.036517,0,0.036517
2016-09-12 12:00:00,0.026685,0.00100000000009,0.02768500000009
2016-09-12 13:00:00,0.067416,0.000999999999976,0.068415999999976
2016-09-12 14:00:00,0.036517,1.404,1.440517
2016-09-12 15:00:00,0.035112,1.79300000000001,1.82811200000001
2016-09-12 16:00:00,0.032303,1.90099999999995,1.93330299999995
2016-09-12 17:00:00,0.032303,0.329000000000065,0.361303000000065
2016-09-12 18:00:00,0.036517,0,0.036517
2016-09-12 19:00:00,0.050562,0,0.050562
2016-09-12 20:00:00,0.057584,0,0.057584
2016-09-12 21:00:00,0.110955,0,0.110955
2016-09-12 22:00:00,0.22191,0,0.22191
2016-09-12 23:00:00,0.167135,0.000999999999976,0.168134999999976
2016-09-13 00:00:00,0.11236,0,0.11236
2016-09-13 01:00:00,0.053371,0.000999999999976,0.054370999999976
2016-09-13 02:00:00,0.02809,0,0.02809
2016-09-13 03:00:00,0.039326,0,0.039326
2016-09-13 04:00:00,0.033708,0,0.033708
2016-09-13 05:00:00,0.023876,0,0.023876
2016-09-13 06:00:00,0.026685,0,0.026685
2016-09-13 07:00:00,0.044944,0,0.044944
2016-09-13 08:00:00,0.058989,0,0.058989
2016-09-13 09:00:00,0.046348,0.000999999999976,0.047347999999976
2016-09-13 10:00:00,0.064607,0.000999999999976,0.065606999999976
2016-09-13 11:00:00,0.057584,0.00100000000009,0.05858400000009
2016-09-13 12:00:00,0.06882,0.001999999999953,0.070819999999953
2016-09-13 13:00:00,0.139045,0.002000000000066,0.141045000000066
2016-09-13 14:00:00,0.070225,0.000999999999976,0.071224999999976
2016-09-13 15:00:00,0.259831,0.001999999999953,0.261830999999953
2016-09-13 16:00:00,0.091292,0,0.091292
2016-09-13 17:00:00,0.063202,0,0.063202
2016-09-13 18:00:00,0.103933,0,0.103933
2016-09-13 19:00:00,0.109551,0,0.109551
2016-09-13 20:00:00,0.098315,0,0.098315
2016-09-13 21:00:00,0.113764,0,0.113764
2016-09-13 22:00:00,0.127809,0,0.127809
2016-09-13 23:00:00,0.134831,0.000999999999976,0.135830999999976
2016-09-14 00:00:00,0.136236,0.00100000000009,0.13723600000009
2016-09-14 01:00:00,0.050562,0,0.050562
2016-09-14 02:00:00,0.029494,0,0.029494
2016-09-14 03:00:00,0.030899,0,0.030899
2016-09-14 04:00:00,0.029494,0,0.029494
2016-09-14 05:00:00,0.021067,0,0.021067
2016-09-14 06:00:00,0.02809,0.000999999999976,0.029089999999976
2016-09-14 07:00:00,0.029494,0,0.029494
2016-09-14 08:00:00,0.026685,0,0.026685
2016-09-14 09:00:00,0.039326,0,0.039326
2016-09-14 10:00:00,0.023876,0.000999999999976,0.024875999999976
2016-09-14 11:00:00,0.036517,0.000999999999976,0.037516999999976
2016-09-14 12:00:00,0.02809,0.000999999999976,0.029089999999976
2016-09-14 13:00:00,0.026685,0,0.026685
2016-09-14 14:00:00,0.033708,0.002000000000066,0.035708000000066
2016-09-14 15:00:00,0.058989,0.000999999999976,0.059988999999976
2016-09-14 16:00:00,0.067416,0.001999999999953,0.069415999999953
2016-09-14 17:00:00,0.046348,0,0.046348
2016-09-14 18:00:00,0.02809,0,0.02809
2016-09-14 19:00:00,0.058989,0,0.058989
2016-09-14 20:00:00,0.064607,0,0.064607
2016-09-14 21:00:00,0.150281,0,0.150281
2016-09-14 22:00:00,0.144663,0,0.144663
2016-09-14 23:00:00,0.077247,0,0.077247
2016-09-15 00:00:00,0.150281,0,0.150281
2016-09-15 01:00:00,0.04073,0,0.04073
2016-09-15 02:00:00,0.033708,0,0.033708
2016-09-15 03:00:00,0.036517,0,0.036517
2016-09-15 04:00:00,0.037921,0,0.037921
2016-09-15 05:00:00,0.026685,0,0.026685
2016-09-15 06:00:00,0.035112,0,0.035112
2016-09-15 07:00:00,0.029494,0,0.029494
2016-09-15 08:00:00,0.130618,0,0.130618
2016-09-15 09:00:00,0.066011,1.24200000000008,1.30801100000008
2016-09-15 10:00:00,0.073034,1.86500000000001,1.93803400000001
2016-09-15 11:00:00,0.075843,1.89099999999996,1.96684299999996
2016-09-15 12:00:00,0.080056,1.34299999999996,1.42305599999996
2016-09-15 13:00:00,0.073034,0.00100000000009,0.07403400000009
2016-09-15 14:00:00,0.067416,0.000999999999976,0.068415999999976
2016-09-15 15:00:00,0.115169,0.001999999999953,0.117168999999953
2016-09-15 16:00:00,0.042135,0,0.042135
2016-09-15 17:00:00,0.054775,0,0.054775
2016-09-15 18:00:00,0.047753,0,0.047753
2016-09-15 19:00:00,0.030899,0,0.030899
2016-09-15 20:00:00,0.029494,0,0.029494
2016-09-15 21:00:00,0.061798,0,0.061798
2016-09-15 22:00:00,0.106742,0,0.106742
2016-09-15 23:00:00,0.147472,0,0.147472
2016-09-16 00:00:00,0.105337,0,0.105337
2016-09-16 01:00:00,0.061798,0,0.061798
2016-09-16 02:00:00,0.032303,0,0.032303
2016-09-16 03:00:00,0.029494,0,0.029494
2016-09-16 04:00:00,0.037921,0,0.037921
2016-09-16 05:00:00,0.036517,0,0.036517
2016-09-16 06:00:00,0.023876,0,0.023876
2016-09-16 07:00:00,0.02809,0,0.02809
2016-09-16 08:00:00,0.176966,0,0.176966
2016-09-16 09:00:00,0.063202,0.000999999999976,0.064201999999976
2016-09-16 10:00:00,0.047753,0.002000000000066,0.049753000000066
2016-09-16 11:00:00,0.029494,0.346000000000004,0.375494000000004
2016-09-16 12:00:00,0.191011,2.37699999999995,2.56801099999995
2016-09-16 13:00:00,0.066011,0.355999999999994,0.422010999999994
2016-09-16 14:00:00,0.060393,0,0.060393
2016-09-16 15:00:00,0.053371,0,0.053371
2016-09-16 16:00:00,0.089888,0,0.089888
2016-09-16 17:00:00,0.085674,0,0.085674
2016-09-16 18:00:00,0.033708,0,0.033708
2016-09-16 19:00:00,0.067416,0,0.067416
2016-09-16 20:00:00,0.051966,0,0.051966
2016-09-16 21:00:00,0.155899,0.000999999999976,0.156898999999976
2016-09-16 22:00:00,0.174157,0,0.174157
2016-09-16 23:00:00,0.168539,0,0.168539
2016-09-17 00:00:00,0.101124,0.00100000000009,0.10212400000009
2016-09-17 01:00:00,0.092697,0,0.092697
2016-09-17 02:00:00,0.098315,0,0.098315
2016-09-17 03:00:00,0.032303,0,0.032303
2016-09-17 04:00:00,0.035112,0,0.035112
2016-09-17 05:00:00,0.033708,0.000999999999976,0.034707999999976
2016-09-17 06:00:00,0.025281,0,0.025281
2016-09-17 07:00:00,0.025281,0,0.025281
2016-09-17 08:00:00,0.032303,0,0.032303
2016-09-17 09:00:00,0.023876,0.966000000000008,0.989876000000008
2016-09-17 10:00:00,0.043539,3.05499999999995,3.09853899999995
2016-09-17 11:00:00,0.127809,2.75300000000004,2.88080900000004
2016-09-17 12:00:00,0.103933,1.05099999999993,1.15493299999993
2016-09-17 13:00:00,0.06882,0.00100000000009,0.06982000000009
2016-09-17 14:00:00,0.073034,0,0.073034
2016-09-17 15:00:00,0.139045,0,0.139045
2016-09-17 16:00:00,0.049157,0,0.049157
2016-09-17 17:00:00,0.061798,0,0.061798
2016-09-17 18:00:00,0.047753,0,0.047753
2016-09-17 19:00:00,0.134831,0,0.134831
2016-09-17 20:00:00,0.119382,0,0.119382
2016-09-17 21:00:00,0.064607,0,0.064607
2016-09-17 22:00:00,0.117978,0,0.117978
2016-09-17 23:00:00,0.073034,0,0.073034
2016-09-18 00:00:00,0.060393,0,0.060393
2016-09-18 01:00:00,0.11236,0,0.11236
2016-09-18 02:00:00,0.073034,0,0.073034
2016-09-18 03:00:00,0.033708,0,0.033708
2016-09-18 04:00:00,0.042135,0,0.042135
2016-09-18 05:00:00,0.02809,0,0.02809
2016-09-18 06:00:00,0.023876,0,0.023876
2016-09-18 07:00:00,0.051966,0.000999999999976,0.052965999999976
2016-09-18 08:00:00,0.04073,0,0.04073
2016-09-18 09:00:00,0.046348,0,0.046348
2016-09-18 10:00:00,0.05618,0.287000000000035,0.343180000000035
2016-09-18 11:00:00,0.081461,1.65999999999997,1.74146099999997
2016-09-18 12:00:00,0.063202,1.84299999999996,1.90620199999996
2016-09-18 13:00:00,0.078652,1.85599999999999,1.93465199999999
2016-09-18 14:00:00,0.088483,1.27800000000002,1.36648300000002
2016-09-18 15:00:00,0.136236,0.057000000000016,0.193236000000016
2016-09-18 16:00:00,0.089888,0,0.089888
2016-09-18 17:00:00,0.061798,0,0.061798
2016-09-18 18:00:00,0.088483,0,0.088483
2016-09-18 19:00:00,0.085674,0,0.085674
2016-09-18 20:00:00,0.075843,0,0.075843
2016-09-18 21:00:00,0.103933,0,0.103933
2016-09-18 22:00:00,0.133427,0,0.133427
2016-09-18 23:00:00,0.127809,0,0.127809
2016-09-19 00:00:00,0.078652,0,0.078652
2016-09-19 01:00:00,0.071629,0,0.071629
2016-09-19 02:00:00,0.032303,0,0.032303
2016-09-19 03:00:00,0.033708,0,0.033708
2016-09-19 04:00:00,0.035112,0,0.035112
2016-09-19 05:00:00,0.025281,0,0.025281
2016-09-19 06:00:00,0.022472,0,0.022472
2016-09-19 07:00:00,0.039326,0,0.039326
2016-09-19 08:00:00,0.021067,0,0.021067
2016-09-19 09:00:00,0.02809,0,0.02809
2016-09-19 10:00:00,0.057584,0,0.057584
2016-09-19 11:00:00,0.046348,0,0.046348
2016-09-19 12:00:00,0.057584,0.001999999999953,0.059583999999953
2016-09-19 13:00:00,0.081461,0,0.081461
2016-09-19 14:00:00,0.070225,0,0.070225
2016-09-19 15:00:00,0.032303,0,0.032303
2016-09-19 16:00:00,0.032303,0,0.032303
2016-09-19 17:00:00,0.032303,0,0.032303
2016-09-19 18:00:00,0.043539,0,0.043539
2016-09-19 19:00:00,0.047753,0,0.047753
2016-09-19 20:00:00,0.067416,0,0.067416
2016-09-19 21:00:00,0.064607,0,0.064607
2016-09-19 22:00:00,0.058989,0,0.058989
2016-09-19 23:00:00,0.066011,0,0.066011
2016-09-20 00:00:00,0.05618,0,0.05618
2016-09-20 01:00:00,0.036517,0,0.036517
2016-09-20 02:00:00,0.029494,0,0.029494
2016-09-20 03:00:00,0.023876,0,0.023876
2016-09-20 04:00:00,0.046348,0,0.046348
2016-09-20 05:00:00,0.033708,0,0.033708
2016-09-20 06:00:00,0.022472,0,0.022472
2016-09-20 07:00:00,0.032303,0,0.032303
2016-09-20 08:00:00,0.058989,0,0.058989
2016-09-20 09:00:00,0.026685,0,0.026685
2016-09-20 10:00:00,0.063202,0,0.063202
2016-09-20 11:00:00,0.030899,0,0.030899
2016-09-20 12:00:00,0.015449,0,0.015449
2016-09-20 13:00:00,0.070225,0,0.070225
2016-09-20 14:00:00,0.04073,0.00100000000009,0.04173000000009
2016-09-20 15:00:00,0.049157,0,0.049157
2016-09-20 16:00:00,0.037921,0,0.037921
2016-09-20 17:00:00,0.039326,0,0.039326
2016-09-20 18:00:00,0.039326,0,0.039326
2016-09-20 19:00:00,0.054775,0,0.054775
2016-09-20 20:00:00,0.044944,0,0.044944
2016-09-20 21:00:00,0.188202,0,0.188202
2016-09-20 22:00:00,0.095506,0,0.095506
2016-09-20 23:00:00,0.126404,0,0.126404
2016-09-21 00:00:00,0.134831,0,0.134831
2016-09-21 01:00:00,0.060393,0,0.060393
2016-09-21 02:00:00,0.021067,0,0.021067
2016-09-21 03:00:00,0.04073,0,0.04073
2016-09-21 04:00:00,0.042135,0,0.042135
2016-09-21 05:00:00,0.02809,0,0.02809
2016-09-21 06:00:00,0.042135,0.777999999999906,0.820134999999906
2016-09-21 07:00:00,0.081461,1.81700000000001,1.89846100000001
2016-09-21 08:00:00,0.074438,2.00700000000006,2.08143800000006
2016-09-21 09:00:00,0.050562,2.20299999999997,2.25356199999997
2016-09-21 10:00:00,0.05618,2.10799999999995,2.16417999999995
2016-09-21 11:00:00,0.074438,1.21600000000001,1.29043800000001
2016-09-21 12:00:00,0.095506,0.016000000000076,0.111506000000076
2016-09-21 13:00:00,0.063202,0,0.063202
2016-09-21 14:00:00,0.099719,0,0.099719
2016-09-21 15:00:00,0.071629,0,0.071629
2016-09-21 16:00:00,0.070225,0,0.070225
2016-09-21 17:00:00,0.058989,0,0.058989
2016-09-21 18:00:00,0.032303,0,0.032303
2016-09-21 19:00:00,0.054775,0,0.054775
2016-09-21 20:00:00,0.071629,0,0.071629
2016-09-21 21:00:00,0.094101,0,0.094101
2016-09-21 22:00:00,0.089888,0,0.089888
2016-09-21 23:00:00,0.140449,0,0.140449
2016-09-22 00:00:00,0.108146,0,0.108146
2016-09-22 01:00:00,0.070225,0,0.070225
2016-09-22 02:00:00,0.047753,0,0.047753
2016-09-22 03:00:00,0.02809,0,0.02809
2016-09-22 04:00:00,0.029494,0,0.029494
2016-09-22 05:00:00,0.036517,0,0.036517
2016-09-22 06:00:00,0.026685,0,0.026685
2016-09-22 07:00:00,0.029494,0,0.029494
2016-09-22 08:00:00,0.064607,0,0.064607
2016-09-22 09:00:00,0.241573,0,0.241573
2016-09-22 10:00:00,0.063202,0.000999999999976,0.064201999999976
2016-09-22 11:00:00,0.063202,0.000999999999976,0.064201999999976
2016-09-22 12:00:00,0.050562,0,0.050562
2016-09-22 13:00:00,0.058989,0.000999999999976,0.059988999999976
2016-09-22 14:00:00,0.073034,0,0.073034
2016-09-22 15:00:00,0.047753,0,0.047753
2016-09-22 16:00:00,0.073034,0,0.073034
2016-09-22 17:00:00,0.071629,0,0.071629
2016-09-22 18:00:00,0.05618,0,0.05618
2016-09-22 19:00:00,0.064607,0,0.064607
2016-09-22 20:00:00,0.113764,0,0.113764
2016-09-22 21:00:00,0.141854,0,0.141854
2016-09-22 22:00:00,0.172753,0,0.172753
2016-09-22 23:00:00,0.133427,0,0.133427
2016-09-23 00:00:00,0.127809,0,0.127809
2016-09-23 01:00:00,0.067416,0,0.067416
2016-09-23 02:00:00,0.032303,0,0.032303
2016-09-23 03:00:00,0.032303,0,0.032303
2016-09-23 04:00:00,0.036517,0,0.036517
2016-09-23 05:00:00,0.023876,0,0.023876
2016-09-23 06:00:00,0.033708,0,0.033708
2016-09-23 07:00:00,0.029494,0,0.029494
2016-09-23 08:00:00,0.02809,0,0.02809
2016-09-23 09:00:00,0.057584,0,0.057584
2016-09-23 10:00:00,0.035112,0,0.035112
2016-09-23 11:00:00,0.033708,0,0.033708
2016-09-23 12:00:00,0.353933,0,0.353933
2016-09-23 13:00:00,0.04073,0,0.04073
2016-09-23 14:00:00,0.155899,0,0.155899
2016-09-23 15:00:00,0.032303,0,0.032303
2016-09-23 16:00:00,0.022472,0,0.022472
2016-09-23 17:00:00,0.018258,0,0.018258
2016-09-23 18:00:00,0.023876,0,0.023876
2016-09-23 19:00:00,0.043539,0,0.043539
2016-09-23 20:00:00,0.047753,0,0.047753
2016-09-23 21:00:00,0.240169,0,0.240169
2016-09-23 22:00:00,0.158708,0,0.158708
2016-09-23 23:00:00,0.162921,0,0.162921
2016-09-24 00:00:00,0.064607,0,0.064607
2016-09-24 01:00:00,0.063202,0,0.063202
2016-09-24 02:00:00,0.066011,0,0.066011
2016-09-24 03:00:00,0.033708,0,0.033708
2016-09-24 04:00:00,0.036517,0,0.036517
2016-09-24 05:00:00,0.026685,0,0.026685
2016-09-24 06:00:00,0.02809,0,0.02809
2016-09-24 07:00:00,0.026685,0.913999999999987,0.940684999999987
2016-09-24 08:00:00,0.030899,1.9190000000001,1.9498990000001
2016-09-24 09:00:00,0.039326,1.72199999999998,1.76132599999998
2016-09-24 10:00:00,0.033708,0,0.033708
2016-09-24 11:00:00,0.029494,0.000999999999976,0.030493999999976
2016-09-24 12:00:00,0.039326,0.001999999999953,0.041325999999953
2016-09-24 13:00:00,0.030899,0.002000000000066,0.032899000000066
2016-09-24 14:00:00,0.039326,0.000999999999976,0.040325999999976
2016-09-24 15:00:00,0.061798,0.001999999999953,0.063797999999953
2016-09-24 16:00:00,0.06882,0,0.06882
2016-09-24 17:00:00,0.043539,0.00100000000009,0.04453900000009
2016-09-24 18:00:00,0.058989,0,0.058989
2016-09-24 19:00:00,0.049157,0,0.049157
2016-09-24 20:00:00,0.063202,0,0.063202
2016-09-24 21:00:00,0.109551,0,0.109551
2016-09-24 22:00:00,0.103933,0,0.103933
2016-09-24 23:00:00,0.092697,0,0.092697
2016-09-25 00:00:00,0.116573,0,0.116573
2016-09-25 01:00:00,0.098315,0,0.098315
2016-09-25 02:00:00,0.116573,0,0.116573
2016-09-25 03:00:00,0.02809,0,0.02809
2016-09-25 04:00:00,0.029494,0,0.029494
2016-09-25 05:00:00,0.032303,0,0.032303
2016-09-25 06:00:00,0.049157,0,0.049157
2016-09-25 07:00:00,0.022472,0.506999999999948,0.529471999999948
2016-09-25 08:00:00,0.047753,1.64599999999996,1.69375299999996
2016-09-25 09:00:00,0.057584,1.42500000000007,1.48258400000007
2016-09-25 10:00:00,0.037921,2.98199999999997,3.01992099999997
2016-09-25 11:00:00,0.050562,1.303,1.353562
2016-09-25 12:00:00,0.058989,0.048000000000002,0.106989000000002
2016-09-25 13:00:00,0.103933,0.000999999999976,0.104932999999976
2016-09-25 14:00:00,0.054775,0.00100000000009,0.05577500000009
2016-09-25 15:00:00,0.05618,0,0.05618
2016-09-25 16:00:00,0.081461,0,0.081461
2016-09-25 17:00:00,0.064607,0,0.064607
2016-09-25 18:00:00,0.092697,0,0.092697
2016-09-25 19:00:00,0.05618,0,0.05618
2016-09-25 20:00:00,0.064607,0,0.064607
2016-09-25 21:00:00,0.217697,0,0.217697
2016-09-25 22:00:00,0.349719,0,0.349719
2016-09-25 23:00:00,0.11236,0,0.11236
2016-09-26 00:00:00,0.101124,0,0.101124
2016-09-26 01:00:00,0.066011,0,0.066011
2016-09-26 02:00:00,0.04073,0,0.04073
2016-09-26 03:00:00,0.02809,0,0.02809
2016-09-26 04:00:00,0.036517,0,0.036517
2016-09-26 05:00:00,0.02809,0,0.02809
2016-09-26 06:00:00,0.019663,0,0.019663
2016-09-26 07:00:00,0.026685,0,0.026685
2016-09-26 08:00:00,0.160112,0,0.160112
2016-09-26 09:00:00,0.115169,1.5329999999999,1.6481689999999
2016-09-26 10:00:00,0.077247,2.45699999999999,2.53424699999999
2016-09-26 11:00:00,0.089888,2.93900000000008,3.02888800000008
2016-09-26 12:00:00,0.108146,2.24199999999996,2.35014599999996
2016-09-26 13:00:00,0.071629,0.409999999999968,0.481628999999968
2016-09-26 14:00:00,0.074438,0.00100000000009,0.07543800000009
2016-09-26 15:00:00,0.109551,0,0.109551
2016-09-26 16:00:00,0.092697,0,0.092697
2016-09-26 17:00:00,0.189607,0,0.189607
2016-09-26 18:00:00,0.224719,0,0.224719
2016-09-26 19:00:00,0.189607,0,0.189607
2016-09-26 20:00:00,0.127809,0,0.127809
2016-09-26 21:00:00,0.161517,0,0.161517
2016-09-26 22:00:00,0.217697,0,0.217697
2016-09-26 23:00:00,0.141854,0,0.141854
2016-09-27 00:00:00,0.066011,0,0.066011
2016-09-27 01:00:00,0.067416,0,0.067416
2016-09-27 02:00:00,0.037921,0,0.037921
2016-09-27 03:00:00,0.036517,0,0.036517
2016-09-27 04:00:00,0.035112,0,0.035112
2016-09-27 05:00:00,0.025281,0,0.025281
2016-09-27 06:00:00,0.02809,0,0.02809
2016-09-27 07:00:00,0.060393,0.66599999999994,0.72639299999994
2016-09-27 08:00:00,0.075843,1.84400000000005,1.91984300000005
2016-09-27 09:00:00,0.080056,1.56899999999996,1.64905599999996
2016-09-27 10:00:00,0.095506,0.442999999999984,0.538505999999984
2016-09-27 11:00:00,0.078652,0.072999999999979,0.151651999999979
2016-09-27 12:00:00,0.103933,0.00100000000009,0.10493300000009
2016-09-27 13:00:00,0.202247,0.000999999999976,0.203246999999976
2016-09-27 14:00:00,0.082865,0.000999999999976,0.083864999999976
2016-09-27 15:00:00,0.080056,0.000999999999976,0.081055999999976
2016-09-27 16:00:00,0.103933,0,0.103933
2016-09-27 17:00:00,0.164326,0,0.164326
2016-09-27 18:00:00,0.147472,0,0.147472
2016-09-27 19:00:00,0.127809,0,0.127809
2016-09-27 20:00:00,0.143258,0,0.143258
2016-09-27 21:00:00,0.212079,0,0.212079
2016-09-27 22:00:00,0.189607,0,0.189607
2016-09-27 23:00:00,0.210674,0,0.210674
2016-09-28 00:00:00,0.160112,0,0.160112
2016-09-28 01:00:00,0.04073,0,0.04073
2016-09-28 02:00:00,0.02809,0,0.02809
2016-09-28 03:00:00,0.032303,0,0.032303
2016-09-28 04:00:00,0.037921,0,0.037921
2016-09-28 05:00:00,0.022472,0,0.022472
2016-09-28 06:00:00,0.032303,0,0.032303
2016-09-28 07:00:00,0.023876,0,0.023876
2016-09-28 08:00:00,0.146067,0,0.146067
2016-09-28 09:00:00,0.094101,0.002000000000066,0.096101000000066
2016-09-28 10:00:00,0.38764,0.000999999999976,0.388639999999976
2016-09-28 11:00:00,0.067416,0.002999999999929,0.070415999999929
2016-09-28 12:00:00,0.297753,0.00100000000009,0.29875300000009
2016-09-28 13:00:00,0.094101,0.001999999999953,0.096100999999953
2016-09-28 14:00:00,0.099719,0.000999999999976,0.100718999999976
2016-09-28 15:00:00,0.085674,0,0.085674
2016-09-28 16:00:00,0.064607,0,0.064607
2016-09-28 17:00:00,0.092697,0,0.092697
2016-09-28 18:00:00,0.109551,0,0.109551
2016-09-28 19:00:00,0.094101,0,0.094101
2016-09-28 20:00:00,0.146067,0,0.146067
2016-09-28 21:00:00,0.20927,0,0.20927
2016-09-28 22:00:00,0.155899,0,0.155899
2016-09-28 23:00:00,0.092697,0,0.092697
2016-09-29 00:00:00,0.063202,0,0.063202
2016-09-29 01:00:00,0.073034,0,0.073034
2016-09-29 02:00:00,0.073034,0,0.073034
2016-09-29 03:00:00,0.037921,0,0.037921
2016-09-29 04:00:00,0.04073,0,0.04073
2016-09-29 05:00:00,0.026685,0,0.026685
2016-09-29 06:00:00,0.035112,0,0.035112
2016-09-29 07:00:00,0.049157,0,0.049157
2016-09-29 08:00:00,0.144663,0,0.144663
2016-09-29 09:00:00,0.077247,0.000999999999976,0.078246999999976
2016-09-29 10:00:00,0.063202,0.00100000000009,0.06420200000009
2016-09-29 11:00:00,0.09691,0.000999999999976,0.097909999999976
2016-09-29 12:00:00,0.106742,0.000999999999976,0.107741999999976
2016-09-29 13:00:00,0.064607,0.002000000000066,0.066607000000066
2016-09-29 14:00:00,0.115169,0.80499999999995,0.92016899999995
2016-09-29 15:00:00,0.089888,0.000999999999976,0.090887999999976
2016-09-29 16:00:00,0.11236,0,0.11236
2016-09-29 17:00:00,0.082865,0,0.082865
2016-09-29 18:00:00,0.110955,0,0.110955
2016-09-29 19:00:00,0.219101,0,0.219101
2016-09-29 20:00:00,0.176966,0,0.176966
2016-09-29 21:00:00,0.154494,0,0.154494
2016-09-29 22:00:00,0.186798,0,0.186798
2016-09-29 23:00:00,0.169944,0,0.169944
2016-09-30 00:00:00,0.099719,0,0.099719
2016-09-30 01:00:00,0.067416,0,0.067416
2016-09-30 02:00:00,0.032303,0,0.032303
2016-09-30 03:00:00,0.032303,0,0.032303
2016-09-30 04:00:00,0.035112,0,0.035112
2016-09-30 05:00:00,0.023876,0.274000000000001,0.297876000000001
2016-09-30 06:00:00,0.033708,1.64200000000005,1.67570800000005
2016-09-30 07:00:00,0.02809,1.70899999999995,1.73708999999995
2016-09-30 08:00:00,0.02809,0.481999999999971,0.510089999999971
2016-09-30 09:00:00,0.05618,0.002000000000066,0.058180000000066
2016-09-30 10:00:00,0.033708,0.001999999999953,0.035707999999953
2016-09-30 11:00:00,0.033708,0.000999999999976,0.034707999999976
2016-09-30 12:00:00,0.360955,0.00100000000009,0.36195500000009
2016-09-30 13:00:00,0.046348,0.001999999999953,0.048347999999953
2016-09-30 14:00:00,0.167135,0.000999999999976,0.168134999999976
2016-09-30 15:00:00,0.030899,0.00100000000009,0.03189900000009
2016-09-30 16:00:00,0.022472,0,0.022472
2016-09-30 17:00:00,0.021067,0,0.021067
2016-09-30 18:00:00,0.023876,0,0.023876
2016-09-30 19:00:00,0.042135,0,0.042135
2016-09-30 20:00:00,0.043539,0,0.043539
2016-09-30 21:00:00,0.248596,0,0.248596
2016-09-30 22:00:00,0.162921,0,0.162921
2016-09-30 23:00:00,0.155899,0,0.155899
2016-10-01 00:00:00,0.064607,0,0.064607
2016-10-01 01:00:00,0.063202,0,0.063202
2016-10-01 02:00:00,0.094101,0,0.094101
2016-10-01 03:00:00,0.060393,0,0.060393
2016-10-01 04:00:00,0.035112,0,0.035112
2016-10-01 05:00:00,0.022472,0,0.022472
2016-10-01 06:00:00,0.023876,0,0.023876
2016-10-01 07:00:00,0.030899,0,0.030899
2016-10-01 08:00:00,0.108146,0,0.108146
2016-10-01 09:00:00,0.082865,0,0.082865
2016-10-01 10:00:00,0.09691,0.000999999999976,0.097909999999976
2016-10-01 11:00:00,0.141854,0,0.141854
2016-10-01 12:00:00,0.05618,0.000999999999976,0.057179999999976
2016-10-01 13:00:00,0.098315,0,0.098315
2016-10-01 14:00:00,0.176966,0,0.176966
2016-10-01 15:00:00,0.162921,0,0.162921
2016-10-01 16:00:00,0.106742,0,0.106742
2016-10-01 17:00:00,0.077247,0,0.077247
2016-10-01 18:00:00,0.099719,0,0.099719
2016-10-01 19:00:00,0.098315,0,0.098315
2016-10-01 20:00:00,0.105337,0,0.105337
2016-10-01 21:00:00,0.122191,0,0.122191
2016-10-01 22:00:00,0.132022,0,0.132022
2016-10-01 23:00:00,0.127809,0,0.127809
2016-10-02 00:00:00,0.098315,0,0.098315
2016-10-02 01:00:00,0.073034,0,0.073034
2016-10-02 02:00:00,0.036517,0,0.036517
2016-10-02 03:00:00,0.032303,0,0.032303
2016-10-02 04:00:00,0.032303,0,0.032303
2016-10-02 05:00:00,0.02809,0,0.02809
2016-10-02 06:00:00,0.023876,0,0.023876
2016-10-02 07:00:00,0.106742,0,0.106742
2016-10-02 08:00:00,0.176966,0,0.176966
2016-10-02 09:00:00,0.106742,0,0.106742
2016-10-02 10:00:00,0.175562,0,0.175562
2016-10-02 11:00:00,0.264045,0,0.264045
2016-10-02 12:00:00,0.101124,0,0.101124
2016-10-02 13:00:00,0.18118,0,0.18118
2016-10-02 14:00:00,0.106742,0,0.106742
2016-10-02 15:00:00,0.102528,0,0.102528
2016-10-02 16:00:00,0.103933,0,0.103933
2016-10-02 17:00:00,0.15309,0,0.15309
2016-10-02 18:00:00,0.168539,0,0.168539
2016-10-02 19:00:00,0.141854,0,0.141854
2016-10-02 20:00:00,0.141854,0,0.141854
2016-10-02 21:00:00,0.217697,0,0.217697
2016-10-02 22:00:00,0.18118,0,0.18118
2016-10-02 23:00:00,0.175562,0,0.175562
2016-10-03 00:00:00,0.09691,0,0.09691
2016-10-03 01:00:00,0.088483,0,0.088483
2016-10-03 02:00:00,0.078652,0,0.078652
2016-10-03 03:00:00,0.02809,0,0.02809
2016-10-03 04:00:00,0.035112,0,0.035112
2016-10-03 05:00:00,0.037921,0,0.037921
2016-10-03 06:00:00,0.023876,0,0.023876
2016-10-03 07:00:00,0.025281,0,0.025281
2016-10-03 08:00:00,0.030899,0,0.030899
2016-10-03 09:00:00,0.061798,0.000999999999976,0.062797999999976
2016-10-03 10:00:00,0.049157,0,0.049157
2016-10-03 11:00:00,0.06882,1.59100000000001,1.65982000000001
2016-10-03 12:00:00,0.04073,0.538999999999987,0.579729999999987
2016-10-03 13:00:00,0.102528,0.000999999999976,0.103527999999976
2016-10-03 14:00:00,0.082865,0.002000000000066,0.084865000000066
2016-10-03 15:00:00,0.070225,0.000999999999976,0.071224999999976
2016-10-03 16:00:00,0.049157,0,0.049157
2016-10-03 17:00:00,0.046348,0,0.046348
2016-10-03 18:00:00,0.113764,0,0.113764
2016-10-03 19:00:00,0.091292,0,0.091292
2016-10-03 20:00:00,0.216292,0,0.216292
2016-10-03 21:00:00,0.067416,0,0.067416
2016-10-03 22:00:00,0.091292,0,0.091292
2016-10-03 23:00:00,0.122191,0,0.122191
2016-10-04 00:00:00,0.064607,0,0.064607
2016-10-04 01:00:00,0.063202,0,0.063202
2016-10-04 02:00:00,0.06882,0,0.06882
2016-10-04 03:00:00,0.029494,0,0.029494
2016-10-04 04:00:00,0.035112,0,0.035112
2016-10-04 05:00:00,0.02809,0,0.02809
2016-10-04 06:00:00,0.02809,0,0.02809
2016-10-04 07:00:00,0.025281,0,0.025281
2016-10-04 08:00:00,0.113764,0,0.113764
2016-10-04 09:00:00,0.060393,0,0.060393
2016-10-04 10:00:00,0.057584,0,0.057584
2016-10-04 11:00:00,0.05618,0,0.05618
2016-10-04 12:00:00,0.05618,0.000999999999976,0.057179999999976
2016-10-04 13:00:00,0.049157,0.000999999999976,0.050156999999976
2016-10-04 14:00:00,0.047753,0,0.047753
2016-10-04 15:00:00,0.049157,0,0.049157
2016-10-04 16:00:00,0.049157,0,0.049157
2016-10-04 17:00:00,0.071629,0,0.071629
2016-10-04 18:00:00,0.122191,0,0.122191
2016-10-04 19:00:00,0.073034,0,0.073034
2016-10-04 20:00:00,0.125,0,0.125
2016-10-04 21:00:00,0.214888,0,0.214888
2016-10-04 22:00:00,0.175562,0,0.175562
2016-10-04 23:00:00,0.185393,0,0.185393
2016-10-05 00:00:00,0.101124,0,0.101124
2016-10-05 01:00:00,0.070225,0,0.070225
2016-10-05 02:00:00,0.030899,0,0.030899
2016-10-05 03:00:00,0.02809,0,0.02809
2016-10-05 04:00:00,0.039326,0,0.039326
2016-10-05 05:00:00,0.022472,0,0.022472
2016-10-05 06:00:00,0.030899,0.00100000000009,0.03189900000009
2016-10-05 07:00:00,0.029494,0,0.029494
2016-10-05 08:00:00,0.067416,0,0.067416
2016-10-05 09:00:00,0.116573,0,0.116573
2016-10-05 10:00:00,0.160112,0.000999999999976,0.161111999999976
2016-10-05 11:00:00,0.049157,0.000999999999976,0.050156999999976
2016-10-05 12:00:00,0.054775,0,0.054775
2016-10-05 13:00:00,0.057584,0,0.057584
2016-10-05 14:00:00,0.091292,0.000999999999976,0.092291999999976
2016-10-05 15:00:00,0.115169,0,0.115169
2016-10-05 16:00:00,0.053371,0,0.053371
2016-10-05 17:00:00,0.063202,0,0.063202
2016-10-05 18:00:00,0.08427,0,0.08427
2016-10-05 19:00:00,0.125,0,0.125
2016-10-05 20:00:00,0.176966,0,0.176966
2016-10-05 21:00:00,0.143258,0,0.143258
2016-10-05 22:00:00,0.133427,0,0.133427
2016-10-05 23:00:00,0.140449,0,0.140449
2016-10-06 00:00:00,0.117978,0,0.117978
2016-10-06 01:00:00,0.101124,0,0.101124
2016-10-06 02:00:00,0.036517,0,0.036517
2016-10-06 03:00:00,0.029494,0,0.029494
2016-10-06 04:00:00,0.033708,0,0.033708
2016-10-06 05:00:00,0.026685,0,0.026685
2016-10-06 06:00:00,0.033708,0,0.033708
2016-10-06 07:00:00,0.033708,0,0.033708
2016-10-06 08:00:00,0.051966,0,0.051966
2016-10-06 09:00:00,0.081461,0,0.081461
2016-10-06 10:00:00,0.103933,0,0.103933
2016-10-06 11:00:00,0.087079,0,0.087079
2016-10-06 12:00:00,0.080056,0,0.080056
2016-10-06 13:00:00,0.037921,0,0.037921
2016-10-06 14:00:00,0.047753,0,0.047753
2016-10-06 15:00:00,0.092697,0,0.092697
2016-10-06 16:00:00,0.046348,0,0.046348
2016-10-06 17:00:00,0.064607,0,0.064607
2016-10-06 18:00:00,0.036517,0,0.036517
2016-10-06 19:00:00,0.105337,0,0.105337
2016-10-06 20:00:00,0.244382,0,0.244382
2016-10-06 21:00:00,0.247191,0,0.247191
2016-10-06 22:00:00,0.154494,0,0.154494
2016-10-06 23:00:00,0.178371,0,0.178371
2016-10-07 00:00:00,0.077247,0,0.077247
2016-10-07 01:00:00,0.061798,0,0.061798
2016-10-07 02:00:00,0.02809,0,0.02809
2016-10-07 03:00:00,0.036517,0,0.036517
2016-10-07 04:00:00,0.042135,0,0.042135
2016-10-07 05:00:00,0.029494,0,0.029494
2016-10-07 06:00:00,0.026685,0,0.026685
2016-10-07 07:00:00,0.039326,0,0.039326
2016-10-07 08:00:00,0.105337,0,0.105337
2016-10-07 09:00:00,0.106742,0,0.106742
2016-10-07 10:00:00,0.120787,0,0.120787
2016-10-07 11:00:00,0.088483,0,0.088483
2016-10-07 12:00:00,0.123596,0,0.123596
2016-10-07 13:00:00,0.119382,0,0.119382
2016-10-07 14:00:00,0.157303,0,0.157303
2016-10-07 15:00:00,0.089888,0,0.089888
2016-10-07 16:00:00,0.146067,0,0.146067
2016-10-07 17:00:00,0.110955,0,0.110955
2016-10-07 18:00:00,0.09691,0,0.09691
2016-10-07 19:00:00,0.081461,0,0.081461
2016-10-07 20:00:00,0.094101,0,0.094101
2016-10-07 21:00:00,0.13764,0,0.13764
2016-10-07 22:00:00,0.171348,0,0.171348
2016-10-07 23:00:00,0.095506,0,0.095506
2016-10-08 00:00:00,0.110955,0,0.110955
2016-10-08 01:00:00,0.092697,0,0.092697
2016-10-08 02:00:00,0.102528,0,0.102528
2016-10-08 03:00:00,0.035112,0,0.035112
2016-10-08 04:00:00,0.030899,0,0.030899
2016-10-08 05:00:00,0.035112,0,0.035112
2016-10-08 06:00:00,0.026685,0,0.026685
2016-10-08 07:00:00,0.075843,0,0.075843
2016-10-08 08:00:00,0.101124,0,0.101124
2016-10-08 09:00:00,0.074438,0,0.074438
2016-10-08 10:00:00,0.108146,0.000999999999976,0.109145999999976
2016-10-08 11:00:00,0.139045,0,0.139045
2016-10-08 12:00:00,0.087079,0,0.087079
2016-10-08 13:00:00,0.051966,0.002000000000066,0.053966000000066
2016-10-08 14:00:00,0.088483,0,0.088483
2016-10-08 15:00:00,0.06882,0,0.06882
2016-10-08 16:00:00,0.101124,0,0.101124
2016-10-08 17:00:00,0.080056,0,0.080056
2016-10-08 18:00:00,0.067416,0,0.067416
2016-10-08 19:00:00,0.102528,0,0.102528
2016-10-08 20:00:00,0.178371,0,0.178371
2016-10-08 21:00:00,0.125,0,0.125
2016-10-08 22:00:00,0.182584,0,0.182584
2016-10-08 23:00:00,0.168539,0,0.168539
2016-10-09 00:00:00,0.098315,0,0.098315
2016-10-09 01:00:00,0.073034,0,0.073034
2016-10-09 02:00:00,0.036517,0,0.036517
2016-10-09 03:00:00,0.032303,0,0.032303
2016-10-09 04:00:00,0.032303,0,0.032303
2016-10-09 05:00:00,0.02809,0,0.02809
2016-10-09 06:00:00,0.023876,0,0.023876
2016-10-09 07:00:00,0.106742,0,0.106742
2016-10-09 08:00:00,0.176966,0,0.176966
2016-10-09 09:00:00,0.106742,1.36699999999996,1.47374199999996
2016-10-09 10:00:00,0.175562,1.83299999999997,2.00856199999997
2016-10-09 11:00:00,0.264045,1.22500000000002,1.48904500000002
2016-10-09 12:00:00,0.101124,2.41399999999999,2.51512399999999
2016-10-09 13:00:00,0.18118,1.04600000000005,1.22718000000005
2016-10-09 14:00:00,0.106742,0.460000000000036,0.566742000000036
2016-10-09 15:00:00,0.102528,1.48799999999994,1.59052799999994
2016-10-09 16:00:00,0.103933,0.096000000000004,0.199933000000004
2016-10-09 17:00:00,0.15309,0,0.15309
2016-10-09 18:00:00,0.168539,0,0.168539
2016-10-09 19:00:00,0.141854,0,0.141854
2016-10-09 20:00:00,0.141854,0,0.141854
2016-10-09 21:00:00,0.217697,0,0.217697
2016-10-09 22:00:00,0.18118,0,0.18118
2016-10-09 23:00:00,0.175562,0,0.175562
2016-10-10 00:00:00,0.148876,0,0.148876
2016-10-10 01:00:00,0.026685,0,0.026685
2016-10-10 02:00:00,0.032303,0,0.032303
2016-10-10 03:00:00,0.033708,0,0.033708
2016-10-10 04:00:00,0.04073,0,0.04073
2016-10-10 05:00:00,0.02809,0,0.02809
2016-10-10 06:00:00,0.02809,0,0.02809
2016-10-10 07:00:00,0.026685,0.000999999999976,0.027684999999976
2016-10-10 08:00:00,0.321629,0,0.321629
2016-10-10 09:00:00,0.085674,0,0.085674
2016-10-10 10:00:00,0.132022,0,0.132022
2016-10-10 11:00:00,0.075843,0.00100000000009,0.07684300000009
2016-10-10 12:00:00,0.09691,0.000999999999976,0.097909999999976
2016-10-10 13:00:00,0.168539,0,0.168539
2016-10-10 14:00:00,0.126404,0,0.126404
2016-10-10 15:00:00,0.25,0,0.25
2016-10-10 16:00:00,0.066011,0,0.066011
2016-10-10 17:00:00,0.088483,0,0.088483
2016-10-10 18:00:00,0.066011,0,0.066011
2016-10-10 19:00:00,0.098315,0,0.098315
2016-10-10 20:00:00,0.205056,0,0.205056
2016-10-10 21:00:00,0.188202,0,0.188202
2016-10-10 22:00:00,0.217697,0,0.217697
2016-10-10 23:00:00,0.255618,0,0.255618
2016-10-11 00:00:00,0.115169,0,0.115169
2016-10-11 01:00:00,0.044944,0,0.044944
2016-10-11 02:00:00,0.035112,0,0.035112
2016-10-11 03:00:00,0.032303,0,0.032303
2016-10-11 04:00:00,0.042135,0,0.042135
2016-10-11 05:00:00,0.023876,0,0.023876
2016-10-11 06:00:00,0.026685,0.000999999999976,0.027684999999976
2016-10-11 07:00:00,0.033708,0,0.033708
2016-10-11 08:00:00,0.129213,0,0.129213
2016-10-11 09:00:00,0.085674,0,0.085674
2016-10-11 10:00:00,0.116573,0.000999999999976,0.117572999999976
2016-10-11 11:00:00,0.087079,0,0.087079
2016-10-11 12:00:00,0.087079,0.000999999999976,0.088078999999976
2016-10-11 13:00:00,0.247191,0,0.247191
2016-10-11 14:00:00,0.075843,0.00100000000009,0.07684300000009
2016-10-11 15:00:00,0.070225,0,0.070225
2016-10-11 16:00:00,0.077247,0,0.077247
2016-10-11 17:00:00,0.075843,0,0.075843
2016-10-11 18:00:00,0.495787,0,0.495787
2016-10-11 19:00:00,0.167135,0,0.167135
2016-10-11 20:00:00,0.407303,0,0.407303
2016-10-11 21:00:00,0.304775,0,0.304775
2016-10-11 22:00:00,0.299157,0,0.299157
2016-10-11 23:00:00,0.19382,0,0.19382
2016-10-12 00:00:00,0.172753,0,0.172753
2016-10-12 01:00:00,0.049157,0,0.049157
2016-10-12 02:00:00,0.037921,0,0.037921
2016-10-12 03:00:00,0.039326,0,0.039326
2016-10-12 04:00:00,0.032303,0,0.032303
2016-10-12 05:00:00,0.029494,0,0.029494
2016-10-12 06:00:00,0.025281,0,0.025281
2016-10-12 07:00:00,0.039326,0,0.039326
2016-10-12 08:00:00,0.200843,0.000999999999976,0.201842999999976
2016-10-12 09:00:00,0.172753,0,0.172753
2016-10-12 10:00:00,0.082865,0,0.082865
2016-10-12 11:00:00,0.155899,0,0.155899
2016-10-12 12:00:00,0.073034,0,0.073034
2016-10-12 13:00:00,0.09691,0,0.09691
2016-10-12 14:00:00,0.081461,0,0.081461
2016-10-12 15:00:00,0.105337,0,0.105337
2016-10-12 16:00:00,0.205056,0,0.205056
2016-10-12 17:00:00,0.08427,0,0.08427
2016-10-12 18:00:00,0.356742,0,0.356742
2016-10-12 19:00:00,0.216292,0,0.216292
2016-10-12 20:00:00,0.268258,0,0.268258
2016-10-12 21:00:00,0.183989,0,0.183989
2016-10-12 22:00:00,0.144663,0,0.144663
2016-10-12 23:00:00,0.133427,0,0.133427
2016-10-13 00:00:00,0.15309,0,0.15309
2016-10-13 01:00:00,0.058989,0,0.058989
2016-10-13 02:00:00,0.033708,0,0.033708
2016-10-13 03:00:00,0.032303,0,0.032303
2016-10-13 04:00:00,0.032303,0,0.032303
2016-10-13 05:00:00,0.029494,0,0.029494
2016-10-13 06:00:00,0.02809,0,0.02809
2016-10-13 07:00:00,0.04073,0,0.04073
2016-10-13 08:00:00,0.175562,0,0.175562
2016-10-13 09:00:00,0.125,0,0.125
2016-10-13 10:00:00,0.08427,0,0.08427
2016-10-13 11:00:00,0.196629,0,0.196629
2016-10-13 12:00:00,0.085674,0,0.085674
2016-10-13 13:00:00,0.144663,0,0.144663
2016-10-13 14:00:00,0.064607,0,0.064607
2016-10-13 15:00:00,0.089888,0,0.089888
2016-10-13 16:00:00,0.08427,0,0.08427
2016-10-13 17:00:00,0.102528,0,0.102528
2016-10-13 18:00:00,0.202247,0,0.202247
2016-10-13 19:00:00,0.172753,0,0.172753
2016-10-13 20:00:00,0.231742,0,0.231742
2016-10-13 21:00:00,0.273876,0,0.273876
2016-10-13 22:00:00,0.264045,0,0.264045
2016-10-13 23:00:00,0.259831,0,0.259831
2016-10-14 00:00:00,0.105337,0,0.105337
2016-10-14 01:00:00,0.074438,0,0.074438
2016-10-14 02:00:00,0.073034,0,0.073034
2016-10-14 03:00:00,0.043539,0,0.043539
2016-10-14 04:00:00,0.032303,0,0.032303
2016-10-14 05:00:00,0.025281,0,0.025281
2016-10-14 06:00:00,0.023876,0,0.023876
2016-10-14 07:00:00,0.026685,0,0.026685
2016-10-14 08:00:00,0.148876,0,0.148876
2016-10-14 09:00:00,0.143258,0,0.143258
2016-10-14 10:00:00,0.191011,0,0.191011
2016-10-14 11:00:00,0.182584,0,0.182584
2016-10-14 12:00:00,0.155899,0.158999999999992,0.314898999999992
2016-10-14 13:00:00,0.224719,1.83799999999997,2.06271899999997
2016-10-14 14:00:00,0.158708,0.729000000000042,0.887708000000042
2016-10-14 15:00:00,0.183989,0,0.183989
2016-10-14 16:00:00,0.195225,0,0.195225
2016-10-14 17:00:00,0.176966,0,0.176966
2016-10-14 18:00:00,0.192416,0,0.192416
2016-10-14 19:00:00,0.216292,0,0.216292
2016-10-14 20:00:00,0.244382,0,0.244382
2016-10-14 21:00:00,0.254213,0,0.254213
2016-10-14 22:00:00,0.132022,0,0.132022
2016-10-14 23:00:00,0.130618,0,0.130618
2016-10-15 00:00:00,0.110955,0,0.110955
2016-10-15 01:00:00,0.073034,0,0.073034
2016-10-15 02:00:00,0.064607,0,0.064607
2016-10-15 03:00:00,0.080056,0,0.080056
2016-10-15 04:00:00,0.039326,0,0.039326
2016-10-15 05:00:00,0.023876,0,0.023876
2016-10-15 06:00:00,0.029494,0,0.029494
2016-10-15 07:00:00,0.025281,1.02499999999998,1.05028099999998
2016-10-15 08:00:00,0.217697,1.57600000000002,1.79369700000002
2016-10-15 09:00:00,0.20927,1.04099999999994,1.25026999999994
2016-10-15 10:00:00,0.245787,0,0.245787
2016-10-15 11:00:00,0.245787,0,0.245787
2016-10-15 12:00:00,0.182584,0,0.182584
2016-10-15 13:00:00,0.377809,2.10000000000002,2.47780900000002
2016-10-15 14:00:00,0.179775,1.90700000000004,2.08677500000004
2016-10-15 15:00:00,0.223315,1.83199999999999,2.05531499999999
2016-10-15 16:00:00,0.206461,0.169999999999959,0.376460999999959
2016-10-15 17:00:00,0.154494,0,0.154494
2016-10-15 18:00:00,0.195225,0,0.195225
2016-10-15 19:00:00,0.261236,0,0.261236
2016-10-15 20:00:00,0.273876,0,0.273876
2016-10-15 21:00:00,0.150281,0,0.150281
2016-10-15 22:00:00,0.147472,0,0.147472
2016-10-15 23:00:00,0.185393,0,0.185393
2016-10-16 00:00:00,0.11236,0,0.11236
2016-10-16 01:00:00,0.085674,0,0.085674
2016-10-16 02:00:00,0.081461,0,0.081461
2016-10-16 03:00:00,0.02809,0,0.02809
2016-10-16 04:00:00,0.032303,0,0.032303
2016-10-16 05:00:00,0.02809,0,0.02809
2016-10-16 06:00:00,0.026685,0,0.026685
2016-10-16 07:00:00,0.026685,0,0.026685
2016-10-16 08:00:00,0.216292,0,0.216292
2016-10-16 09:00:00,0.140449,0,0.140449
2016-10-16 10:00:00,0.161517,0,0.161517
2016-10-16 11:00:00,0.182584,0,0.182584
2016-10-16 12:00:00,0.123596,0,0.123596
2016-10-16 13:00:00,0.127809,0,0.127809
2016-10-16 14:00:00,0.202247,0,0.202247
2016-10-16 15:00:00,0.174157,0,0.174157
2016-10-16 16:00:00,0.179775,0,0.179775
2016-10-16 17:00:00,0.119382,0,0.119382
2016-10-16 18:00:00,0.140449,0,0.140449
2016-10-16 19:00:00,0.171348,0,0.171348
2016-10-16 20:00:00,0.19382,0,0.19382
2016-10-16 21:00:00,0.144663,0,0.144663
2016-10-16 22:00:00,0.206461,0,0.206461
2016-10-16 23:00:00,0.127809,0,0.127809
2016-10-17 00:00:00,0.043539,0,0.043539
2016-10-17 01:00:00,0.042135,0,0.042135
2016-10-17 02:00:00,0.026685,0,0.026685
2016-10-17 03:00:00,0.037921,0,0.037921
2016-10-17 04:00:00,0.030899,0,0.030899
2016-10-17 05:00:00,0.025281,0,0.025281
2016-10-17 06:00:00,0.02809,0,0.02809
2016-10-17 07:00:00,0.098315,0,0.098315
2016-10-17 08:00:00,0.133427,0,0.133427
2016-10-17 09:00:00,0.103933,0,0.103933
2016-10-17 10:00:00,0.075843,0,0.075843
2016-10-17 11:00:00,0.129213,0.747000000000071,0.876213000000071
2016-10-17 12:00:00,0.081461,1.61899999999991,1.70046099999991
2016-10-17 13:00:00,0.087079,1.82299999999998,1.91007899999998
2016-10-17 14:00:00,0.077247,1.82500000000005,1.90224700000005
2016-10-17 15:00:00,0.06882,1.11300000000006,1.18182000000006
2016-10-17 16:00:00,0.064607,0.11099999999999,0.17560699999999
2016-10-17 17:00:00,0.178371,0,0.178371
2016-10-17 18:00:00,0.106742,0,0.106742
2016-10-17 19:00:00,0.365169,0,0.365169
2016-10-17 20:00:00,0.273876,0,0.273876
2016-10-17 21:00:00,0.196629,0,0.196629
2016-10-17 22:00:00,0.188202,0,0.188202
2016-10-17 23:00:00,0.182584,0,0.182584
2016-10-18 00:00:00,0.11236,0,0.11236
2016-10-18 01:00:00,0.035112,0,0.035112
2016-10-18 02:00:00,0.030899,0,0.030899
2016-10-18 03:00:00,0.026685,0,0.026685
2016-10-18 04:00:00,0.042135,0,0.042135
2016-10-18 05:00:00,0.026685,0,0.026685
2016-10-18 06:00:00,0.02809,0,0.02809
2016-10-18 07:00:00,0.039326,0.000999999999976,0.040325999999976
2016-10-18 08:00:00,0.130618,0,0.130618
2016-10-18 09:00:00,0.095506,0,0.095506
2016-10-18 10:00:00,0.132022,0,0.132022
2016-10-18 11:00:00,0.06882,0.000999999999976,0.069819999999976
2016-10-18 12:00:00,0.067416,0,0.067416
2016-10-18 13:00:00,0.252809,0.000999999999976,0.253808999999976
2016-10-18 14:00:00,0.060393,0,0.060393
2016-10-18 15:00:00,0.060393,0,0.060393
2016-10-18 16:00:00,0.103933,0,0.103933
2016-10-18 17:00:00,0.063202,0,0.063202
2016-10-18 18:00:00,0.567416,0,0.567416
2016-10-18 19:00:00,0.186798,0,0.186798
2016-10-18 20:00:00,0.348315,0,0.348315
2016-10-18 21:00:00,0.432584,0,0.432584
2016-10-18 22:00:00,0.257022,0,0.257022
2016-10-18 23:00:00,0.205056,0,0.205056
2016-10-19 00:00:00,0.185393,0,0.185393
2016-10-19 01:00:00,0.054775,0,0.054775
2016-10-19 02:00:00,0.033708,0,0.033708
2016-10-19 03:00:00,0.032303,0,0.032303
2016-10-19 04:00:00,0.033708,0,0.033708
2016-10-19 05:00:00,0.036517,0,0.036517
2016-10-19 06:00:00,0.023876,0,0.023876
2016-10-19 07:00:00,0.02809,0,0.02809
2016-10-19 08:00:00,0.154494,0,0.154494
2016-10-19 09:00:00,0.127809,0.201999999999998,0.329808999999998
2016-10-19 10:00:00,0.095506,1.59900000000005,1.69450600000005
2016-10-19 11:00:00,0.132022,1.84199999999998,1.97402199999998
2016-10-19 12:00:00,0.066011,1.31399999999996,1.38001099999996
2016-10-19 13:00:00,0.106742,0.338000000000079,0.444742000000079
2016-10-19 14:00:00,0.133427,0,0.133427
2016-10-19 15:00:00,0.105337,0,0.105337
2016-10-19 16:00:00,0.143258,0,0.143258
2016-10-19 17:00:00,0.094101,0,0.094101
2016-10-19 18:00:00,0.308989,0,0.308989
2016-10-19 19:00:00,0.134831,0,0.134831
2016-10-19 20:00:00,0.238764,0,0.238764
2016-10-19 21:00:00,0.19382,0,0.19382
2016-10-19 22:00:00,0.168539,0,0.168539
2016-10-19 23:00:00,0.202247,0,0.202247
2016-10-20 00:00:00,0.158708,0,0.158708
2016-10-20 01:00:00,0.064607,0,0.064607
2016-10-20 02:00:00,0.078652,0,0.078652
2016-10-20 03:00:00,0.070225,0,0.070225
2016-10-20 04:00:00,0.029494,0,0.029494
2016-10-20 05:00:00,0.022472,0,0.022472
2016-10-20 06:00:00,0.023876,0,0.023876
2016-10-20 07:00:00,0.02809,0,0.02809
2016-10-20 08:00:00,0.202247,0,0.202247
2016-10-20 09:00:00,0.198034,0,0.198034
2016-10-20 10:00:00,0.147472,0,0.147472
2016-10-20 11:00:00,0.168539,0,0.168539
2016-10-20 12:00:00,0.102528,0.000999999999976,0.103527999999976
2016-10-20 13:00:00,0.155899,0,0.155899
2016-10-20 14:00:00,0.164326,0.000999999999976,0.165325999999976
2016-10-20 15:00:00,0.122191,0,0.122191
2016-10-20 16:00:00,0.151685,0,0.151685
2016-10-20 17:00:00,0.132022,0,0.132022
2016-10-20 18:00:00,0.09691,0,0.09691
2016-10-20 19:00:00,0.081461,0,0.081461
2016-10-20 20:00:00,0.248596,0,0.248596
2016-10-20 21:00:00,0.185393,0,0.185393
2016-10-20 22:00:00,0.186798,0,0.186798
2016-10-20 23:00:00,0.15309,0,0.15309
2016-10-21 00:00:00,0.060393,0,0.060393
2016-10-21 01:00:00,0.036517,0,0.036517
2016-10-21 02:00:00,0.023876,0,0.023876
2016-10-21 03:00:00,0.02809,0,0.02809
2016-10-21 04:00:00,0.042135,0,0.042135
2016-10-21 05:00:00,0.022472,0,0.022472
2016-10-21 06:00:00,0.032303,0,0.032303
2016-10-21 07:00:00,0.021067,0,0.021067
2016-10-21 08:00:00,0.299157,0,0.299157
2016-10-21 09:00:00,0.116573,0,0.116573
2016-10-21 10:00:00,0.148876,0,0.148876
2016-10-21 11:00:00,0.158708,0.000999999999976,0.159707999999976
2016-10-21 12:00:00,0.125,0.158999999999992,0.283999999999992
2016-10-21 13:00:00,0.157303,1.83800000000008,1.99530300000008
2016-10-21 14:00:00,0.155899,0.727999999999952,0.883898999999952
2016-10-21 15:00:00,0.094101,0,0.094101
2016-10-21 16:00:00,0.143258,0,0.143258
2016-10-21 17:00:00,0.143258,0,0.143258
2016-10-21 18:00:00,0.129213,0,0.129213
2016-10-21 19:00:00,0.119382,0,0.119382
2016-10-21 20:00:00,0.182584,0,0.182584
2016-10-21 21:00:00,0.146067,0,0.146067
2016-10-21 22:00:00,0.176966,0,0.176966
2016-10-21 23:00:00,0.15309,0,0.15309
2016-10-22 00:00:00,0.075843,0,0.075843
2016-10-22 01:00:00,0.085674,0,0.085674
2016-10-22 02:00:00,0.054775,0,0.054775
2016-10-22 03:00:00,0.029494,0,0.029494
2016-10-22 04:00:00,0.023876,0,0.023876
2016-10-22 05:00:00,0.02809,0,0.02809
2016-10-22 06:00:00,0.021067,0,0.021067
2016-10-22 07:00:00,0.136236,0,0.136236
2016-10-22 08:00:00,0.186798,0,0.186798
2016-10-22 09:00:00,0.116573,0,0.116573
2016-10-22 10:00:00,0.120787,0,0.120787
2016-10-22 11:00:00,0.167135,0,0.167135
2016-10-22 12:00:00,0.122191,0,0.122191
2016-10-22 13:00:00,0.144663,2.62300000000005,2.76766300000005
2016-10-22 14:00:00,0.188202,1.86399999999992,2.05220199999992
2016-10-22 15:00:00,0.139045,1.54700000000003,1.68604500000003
2016-10-22 16:00:00,0.185393,0.000999999999976,0.186392999999976
2016-10-22 17:00:00,0.147472,0,0.147472
2016-10-22 18:00:00,0.151685,0.00100000000009,0.15268500000009
2016-10-22 19:00:00,0.242978,0,0.242978
2016-10-22 20:00:00,0.200843,0,0.200843
2016-10-22 21:00:00,0.22191,0,0.22191
2016-10-22 22:00:00,0.339888,0,0.339888
2016-10-22 23:00:00,0.179775,0,0.179775
2016-10-23 00:00:00,0.11236,0,0.11236
2016-10-23 01:00:00,0.092697,0,0.092697
2016-10-23 02:00:00,0.094101,0,0.094101
2016-10-23 03:00:00,0.060393,0,0.060393
2016-10-23 04:00:00,0.026685,0,0.026685
2016-10-23 05:00:00,0.022472,0,0.022472
2016-10-23 06:00:00,0.025281,0,0.025281
2016-10-23 07:00:00,0.021067,0,0.021067
2016-10-23 08:00:00,0.171348,0,0.171348
2016-10-23 09:00:00,0.150281,0,0.150281
2016-10-23 10:00:00,0.108146,0,0.108146
2016-10-23 11:00:00,0.176966,0,0.176966
2016-10-23 12:00:00,0.205056,0,0.205056
2016-10-23 13:00:00,0.130618,0,0.130618
2016-10-23 14:00:00,0.289326,0,0.289326
2016-10-23 15:00:00,0.172753,0,0.172753
2016-10-23 16:00:00,0.261236,0,0.261236
2016-10-23 17:00:00,0.178371,0,0.178371
2016-10-23 18:00:00,0.113764,0,0.113764
2016-10-23 19:00:00,0.151685,0,0.151685
2016-10-23 20:00:00,0.16573,0,0.16573
2016-10-23 21:00:00,0.171348,0,0.171348
2016-10-23 22:00:00,0.265449,0,0.265449
2016-10-23 23:00:00,0.245787,0,0.245787
2016-10-24 00:00:00,0.119382,0,0.119382
2016-10-24 01:00:00,0.036517,0,0.036517
2016-10-24 02:00:00,0.039326,0,0.039326
2016-10-24 03:00:00,0.026685,0,0.026685
2016-10-24 04:00:00,0.035112,0,0.035112
2016-10-24 05:00:00,0.026685,0,0.026685
2016-10-24 06:00:00,0.025281,0,0.025281
2016-10-24 07:00:00,0.02809,0,0.02809
2016-10-24 08:00:00,0.155899,0.000999999999976,0.156898999999976
2016-10-24 09:00:00,0.140449,0,0.140449
2016-10-24 10:00:00,0.457865,0,0.457865
2016-10-24 11:00:00,0.224719,0.185999999999922,0.410718999999922
2016-10-24 12:00:00,0.143258,1.82400000000007,1.96725800000007
2016-10-24 13:00:00,0.171348,1.66800000000001,1.83934800000001
2016-10-24 14:00:00,0.122191,0.616999999999962,0.739190999999962
2016-10-24 15:00:00,0.127809,0,0.127809
2016-10-24 16:00:00,0.116573,0,0.116573
2016-10-24 17:00:00,0.161517,0,0.161517
2016-10-24 18:00:00,0.140449,0,0.140449
2016-10-24 19:00:00,0.205056,0,0.205056
2016-10-24 20:00:00,0.257022,0,0.257022
2016-10-24 21:00:00,0.29073,0,0.29073
2016-10-24 22:00:00,0.226124,0,0.226124
2016-10-24 23:00:00,0.264045,0,0.264045
2016-10-25 00:00:00,0.132022,0,0.132022
2016-10-25 01:00:00,0.102528,0,0.102528
2016-10-25 02:00:00,0.029494,0,0.029494
2016-10-25 03:00:00,0.02809,0,0.02809
2016-10-25 04:00:00,0.036517,0,0.036517
2016-10-25 05:00:00,0.02809,0,0.02809
2016-10-25 06:00:00,0.023876,0,0.023876
2016-10-25 07:00:00,0.029494,0,0.029494
2016-10-25 08:00:00,0.186798,0,0.186798
2016-10-25 09:00:00,0.174157,0,0.174157
2016-10-25 10:00:00,0.147472,0.787000000000035,0.934472000000035
2016-10-25 11:00:00,0.280899,1.66499999999996,1.94589899999996
2016-10-25 12:00:00,0.16573,0.432000000000016,0.597730000000016
2016-10-25 13:00:00,0.117978,0,0.117978
2016-10-25 14:00:00,0.174157,0,0.174157
2016-10-25 15:00:00,0.139045,0,0.139045
2016-10-25 16:00:00,0.136236,0,0.136236
2016-10-25 17:00:00,0.102528,0,0.102528
2016-10-25 18:00:00,0.418539,0,0.418539
2016-10-25 19:00:00,0.150281,0,0.150281
2016-10-25 20:00:00,0.348315,0,0.348315
2016-10-25 21:00:00,0.172753,0,0.172753
2016-10-25 22:00:00,0.210674,0,0.210674
2016-10-25 23:00:00,0.186798,0,0.186798
2016-10-26 00:00:00,0.108146,0,0.108146
2016-10-26 01:00:00,0.063202,0,0.063202
2016-10-26 02:00:00,0.044944,0,0.044944
2016-10-26 03:00:00,0.047753,0,0.047753
2016-10-26 04:00:00,0.032303,0,0.032303
2016-10-26 05:00:00,0.033708,0,0.033708
2016-10-26 06:00:00,0.04073,0,0.04073
2016-10-26 07:00:00,0.081461,0,0.081461
2016-10-26 08:00:00,0.140449,0,0.140449
2016-10-26 09:00:00,0.155899,0,0.155899
2016-10-26 10:00:00,0.251404,0,0.251404
2016-10-26 11:00:00,0.269663,0,0.269663
2016-10-26 12:00:00,0.127809,0,0.127809
2016-10-26 13:00:00,0.15309,0,0.15309
2016-10-26 14:00:00,0.148876,0,0.148876
2016-10-26 15:00:00,0.146067,0,0.146067
2016-10-26 16:00:00,0.162921,0,0.162921
2016-10-26 17:00:00,0.172753,0,0.172753
2016-10-26 18:00:00,0.254213,0,0.254213
2016-10-26 19:00:00,0.247191,0,0.247191
2016-10-26 20:00:00,0.452247,0,0.452247
2016-10-26 21:00:00,0.150281,0,0.150281
2016-10-26 22:00:00,0.266854,0,0.266854
2016-10-26 23:00:00,0.158708,0,0.158708
2016-10-27 00:00:00,0.099719,0,0.099719
2016-10-27 01:00:00,0.047753,0,0.047753
2016-10-27 02:00:00,0.02809,0,0.02809
2016-10-27 03:00:00,0.026685,0,0.026685
2016-10-27 04:00:00,0.035112,0,0.035112
2016-10-27 05:00:00,0.021067,0,0.021067
2016-10-27 06:00:00,0.029494,0,0.029494
2016-10-27 07:00:00,0.060393,0.110000000000014,0.170393000000014
2016-10-27 08:00:00,0.141854,1.827,1.968854
2016-10-27 09:00:00,0.155899,1.83799999999997,1.99389899999997
2016-10-27 10:00:00,0.311798,1.15700000000004,1.46879800000004
2016-10-27 11:00:00,0.191011,0.114000000000033,0.305011000000033
2016-10-27 12:00:00,0.115169,0.000999999999976,0.116168999999976
2016-10-27 13:00:00,0.123596,0,0.123596
2016-10-27 14:00:00,0.178371,0.000999999999976,0.179370999999976
2016-10-27 15:00:00,0.238764,0,0.238764
2016-10-27 16:00:00,0.088483,0,0.088483
2016-10-27 17:00:00,0.113764,0,0.113764
2016-10-27 18:00:00,0.099719,0,0.099719
2016-10-27 19:00:00,0.154494,0,0.154494
2016-10-27 20:00:00,0.216292,0,0.216292
2016-10-27 21:00:00,0.283708,0,0.283708
2016-10-27 22:00:00,0.19382,0,0.19382
2016-10-27 23:00:00,0.196629,0,0.196629
2016-10-28 00:00:00,0.085674,0,0.085674
2016-10-28 01:00:00,0.073034,0,0.073034
2016-10-28 02:00:00,0.036517,0,0.036517
2016-10-28 03:00:00,0.035112,0,0.035112
2016-10-28 04:00:00,0.021067,0,0.021067
2016-10-28 05:00:00,0.033708,0,0.033708
2016-10-28 06:00:00,0.02809,0.000999999999976,0.029089999999976
2016-10-28 07:00:00,0.147472,0,0.147472
2016-10-28 08:00:00,0.174157,0,0.174157
2016-10-28 09:00:00,0.414326,0,0.414326
2016-10-28 10:00:00,0.216292,0,0.216292
2016-10-28 11:00:00,0.148876,0,0.148876
2016-10-28 12:00:00,0.272472,0,0.272472
2016-10-28 13:00:00,0.352528,0.000999999999976,0.353527999999976
2016-10-28 14:00:00,0.143258,0,0.143258
2016-10-28 15:00:00,0.155899,0,0.155899
2016-10-28 16:00:00,0.182584,0,0.182584
2016-10-28 17:00:00,0.19382,0,0.19382
2016-10-28 18:00:00,0.179775,0,0.179775
2016-10-28 19:00:00,0.25,0,0.25
2016-10-28 20:00:00,0.210674,0,0.210674
2016-10-28 21:00:00,0.178371,0,0.178371
2016-10-28 22:00:00,0.198034,0,0.198034
2016-10-28 23:00:00,0.106742,0,0.106742
2016-10-29 00:00:00,0.092697,0,0.092697
2016-10-29 01:00:00,0.04073,0,0.04073
2016-10-29 02:00:00,0.037921,0,0.037921
2016-10-29 03:00:00,0.030899,0,0.030899
2016-10-29 04:00:00,0.037921,0,0.037921
2016-10-29 05:00:00,0.026685,0,0.026685
2016-10-29 06:00:00,0.029494,0,0.029494
2016-10-29 07:00:00,0.231742,0,0.231742
2016-10-29 08:00:00,0.248596,0,0.248596
2016-10-29 09:00:00,0.191011,0.040000000000077,0.231011000000077
2016-10-29 10:00:00,0.240169,1.59399999999994,1.83416899999994
2016-10-29 11:00:00,0.155899,2.16200000000003,2.31789900000003
2016-10-29 12:00:00,0.103933,1.24300000000005,1.34693300000005
2016-10-29 13:00:00,0.140449,0.288999999999987,0.429448999999987
2016-10-29 14:00:00,0.133427,0,0.133427
2016-10-29 15:00:00,0.147472,0,0.147472
2016-10-29 16:00:00,0.141854,0,0.141854
2016-10-29 17:00:00,0.203652,0,0.203652
2016-10-29 18:00:00,0.174157,0,0.174157
2016-10-29 19:00:00,0.150281,0,0.150281
2016-10-29 20:00:00,0.143258,0,0.143258
2016-10-29 21:00:00,0.164326,0,0.164326
2016-10-29 22:00:00,0.320225,0,0.320225
2016-10-29 23:00:00,0.351124,0,0.351124
2016-10-30 00:00:00,0.092697,0,0.092697
2016-10-30 01:00:00,0.067416,0,0.067416
2016-10-30 02:00:00,0.035112,0,0.035112
2016-10-30 03:00:00,0.032303,0,0.032303
2016-10-30 04:00:00,0.037921,0,0.037921
2016-10-30 05:00:00,0.022472,0,0.022472
2016-10-30 06:00:00,0.025281,0,0.025281
2016-10-30 07:00:00,0.046348,0,0.046348
2016-10-30 08:00:00,0.169944,0,0.169944
2016-10-30 09:00:00,0.139045,0.360000000000014,0.499045000000014
2016-10-30 10:00:00,0.132022,0,0.132022
2016-10-30 11:00:00,0.394663,0.000999999999976,0.395662999999976
2016-10-30 12:00:00,0.167135,0.163999999999987,0.331134999999987
2016-10-30 13:00:00,0.176966,2.27200000000005,2.44896600000005
2016-10-30 14:00:00,0.213483,2.02399999999989,2.23748299999989
2016-10-30 15:00:00,0.174157,1.46500000000015,1.63915700000015
2016-10-30 16:00:00,0.186798,0.201999999999998,0.388797999999998
2016-10-30 17:00:00,0.119382,0.000999999999976,0.120381999999976
2016-10-30 18:00:00,0.108146,0,0.108146
2016-10-30 19:00:00,0.089888,0,0.089888
2016-10-30 20:00:00,0.205056,0,0.205056
2016-10-30 21:00:00,0.210674,0,0.210674
2016-10-30 22:00:00,0.129213,0,0.129213
2016-10-30 23:00:00,0.186798,0,0.186798
2016-10-31 00:00:00,0.074438,0,0.074438
2016-10-31 01:00:00,0.033708,0,0.033708
2016-10-31 02:00:00,0.039326,0,0.039326
2016-10-31 03:00:00,0.026685,0,0.026685
2016-10-31 04:00:00,0.026685,0,0.026685
2016-10-31 05:00:00,0.043539,0,0.043539
2016-10-31 06:00:00,0.021067,0,0.021067
2016-10-31 07:00:00,0.13764,0,0.13764
2016-10-31 08:00:00,0.283708,0,0.283708
2016-10-31 09:00:00,0.110955,0,0.110955
2016-10-31 10:00:00,0.36236,0,0.36236
2016-10-31 11:00:00,0.071629,0,0.071629
2016-10-31 12:00:00,0.105337,0,0.105337
2016-10-31 13:00:00,0.081461,0,0.081461
2016-10-31 14:00:00,0.122191,0,0.122191
2016-10-31 15:00:00,0.075843,0,0.075843
2016-10-31 16:00:00,0.108146,0,0.108146
2016-10-31 17:00:00,0.116573,0,0.116573
2016-10-31 18:00:00,0.126404,0,0.126404
2016-10-31 19:00:00,0.105337,0,0.105337
2016-10-31 20:00:00,0.147472,0,0.147472
2016-10-31 21:00:00,0.089888,0,0.089888
2016-10-31 22:00:00,0.139045,0,0.139045
2016-10-31 23:00:00,0.06882,0,0.06882
2016-11-01 00:00:00,0.030899,0,0.030899
2016-11-01 01:00:00,0.032303,0,0.032303
2016-11-01 02:00:00,0.04073,0,0.04073
2016-11-01 03:00:00,0.035112,0,0.035112
2016-11-01 04:00:00,0.029494,0,0.029494
2016-11-01 05:00:00,0.026685,0,0.026685
2016-11-01 06:00:00,0.021067,0,0.021067
2016-11-01 07:00:00,0.136236,0,0.136236
2016-11-01 08:00:00,0.103933,0,0.103933
2016-11-01 09:00:00,0.066011,0,0.066011
2016-11-01 10:00:00,0.252809,1.048,1.300809
2016-11-01 11:00:00,0.089888,1.78700000000003,1.87688800000003
2016-11-01 12:00:00,0.109551,2.34299999999985,2.45255099999985
2016-11-01 13:00:00,0.108146,0.462999999999965,0.571145999999965
2016-11-01 14:00:00,0.08427,1.56900000000019,1.65327000000019
2016-11-01 15:00:00,0.08427,1.35799999999995,1.44226999999995
2016-11-01 16:00:00,0.098315,0,0.098315
2016-11-01 17:00:00,0.120787,0,0.120787
2016-11-01 18:00:00,0.195225,0,0.195225
2016-11-01 19:00:00,0.117978,0,0.117978
2016-11-01 20:00:00,0.235955,0,0.235955
2016-11-01 21:00:00,0.234551,0,0.234551
2016-11-01 22:00:00,0.198034,0,0.198034
2016-11-01 23:00:00,0.126404,0,0.126404
2016-11-02 00:00:00,0.073034,0,0.073034
2016-11-02 01:00:00,0.064607,0,0.064607
2016-11-02 02:00:00,0.02809,0,0.02809
2016-11-02 03:00:00,0.030899,0,0.030899
2016-11-02 04:00:00,0.025281,0,0.025281
2016-11-02 05:00:00,0.021067,0,0.021067
2016-11-02 06:00:00,0.029494,0,0.029494
2016-11-02 07:00:00,0.164326,0,0.164326
2016-11-02 08:00:00,0.207865,0,0.207865
2016-11-02 09:00:00,0.071629,0,0.071629
2016-11-02 10:00:00,0.157303,0,0.157303
2016-11-02 11:00:00,0.133427,0,0.133427
2016-11-02 12:00:00,0.115169,0,0.115169
2016-11-02 13:00:00,0.087079,0,0.087079
2016-11-02 14:00:00,0.141854,0,0.141854
2016-11-02 15:00:00,0.123596,0,0.123596
2016-11-02 16:00:00,0.064607,0,0.064607
2016-11-02 17:00:00,0.175562,0,0.175562
2016-11-02 18:00:00,0.182584,0,0.182584
2016-11-02 19:00:00,0.167135,0,0.167135
2016-11-02 20:00:00,0.162921,0,0.162921
2016-11-02 21:00:00,0.266854,0,0.266854
2016-11-02 22:00:00,0.172753,0,0.172753
2016-11-02 23:00:00,0.063202,0,0.063202
2016-11-03 00:00:00,0.030899,0,0.030899
2016-11-03 01:00:00,0.026685,0,0.026685
2016-11-03 02:00:00,0.043539,0,0.043539
2016-11-03 03:00:00,0.033708,0,0.033708
2016-11-03 04:00:00,0.02809,0,0.02809
2016-11-03 05:00:00,0.021067,0,0.021067
2016-11-03 06:00:00,0.054775,0,0.054775
2016-11-03 07:00:00,0.150281,0,0.150281
2016-11-03 08:00:00,0.089888,0,0.089888
2016-11-03 09:00:00,0.087079,0,0.087079
2016-11-03 10:00:00,0.094101,0.000999999999976,0.095100999999976
2016-11-03 11:00:00,0.08427,0,0.08427
2016-11-03 12:00:00,0.092697,1.93399999999997,2.02669699999997
2016-11-03 13:00:00,0.088483,2.34799999999996,2.43648299999996
2016-11-03 14:00:00,0.063202,1.202,1.265202
2016-11-03 15:00:00,0.082865,0.191000000000031,0.273865000000031
2016-11-03 16:00:00,0.067416,0,0.067416
2016-11-03 17:00:00,0.224719,0,0.224719
2016-11-03 18:00:00,0.160112,0,0.160112
2016-11-03 19:00:00,0.294944,0,0.294944
2016-11-03 20:00:00,0.186798,0,0.186798
2016-11-03 21:00:00,0.092697,0,0.092697
2016-11-03 22:00:00,0.127809,0,0.127809
2016-11-03 23:00:00,0.066011,0,0.066011
2016-11-04 00:00:00,0.030899,0,0.030899
2016-11-04 01:00:00,0.02809,0,0.02809
2016-11-04 02:00:00,0.04073,0,0.04073
2016-11-04 03:00:00,0.033708,0,0.033708
2016-11-04 04:00:00,0.023876,0,0.023876
2016-11-04 05:00:00,0.025281,0,0.025281
2016-11-04 06:00:00,0.071629,0,0.071629
2016-11-04 07:00:00,0.110955,0,0.110955
2016-11-04 08:00:00,0.120787,0,0.120787
2016-11-04 09:00:00,0.08427,0,0.08427
2016-11-04 10:00:00,0.103933,0,0.103933
2016-11-04 11:00:00,0.095506,0,0.095506
2016-11-04 12:00:00,0.157303,0,0.157303
2016-11-04 13:00:00,0.132022,0,0.132022
2016-11-04 14:00:00,0.108146,0.000999999999976,0.109145999999976
2016-11-04 15:00:00,0.113764,0,0.113764
2016-11-04 16:00:00,0.133427,0,0.133427
2016-11-04 17:00:00,0.136236,0,0.136236
2016-11-04 18:00:00,0.09691,0,0.09691
2016-11-04 19:00:00,0.117978,0,0.117978
2016-11-04 20:00:00,0.148876,0,0.148876
2016-11-04 21:00:00,0.157303,0,0.157303
2016-11-04 22:00:00,0.088483,0,0.088483
2016-11-04 23:00:00,0.073034,0,0.073034
2016-11-05 00:00:00,0.060393,0,0.060393
2016-11-05 01:00:00,0.061798,0,0.061798
2016-11-05 02:00:00,0.04073,0,0.04073
2016-11-05 03:00:00,0.035112,0,0.035112
2016-11-05 04:00:00,0.019663,0,0.019663
2016-11-05 05:00:00,0.029494,0,0.029494
2016-11-05 06:00:00,0.103933,0,0.103933
2016-11-05 07:00:00,0.158708,0,0.158708
2016-11-05 08:00:00,0.087079,0,0.087079
2016-11-05 09:00:00,0.182584,0,0.182584
2016-11-05 10:00:00,0.119382,0,0.119382
2016-11-05 11:00:00,0.09691,0,0.09691
2016-11-05 12:00:00,0.183989,0,0.183989
2016-11-05 13:00:00,0.120787,0,0.120787
2016-11-05 14:00:00,0.116573,0,0.116573
2016-11-05 15:00:00,0.139045,0,0.139045
2016-11-05 16:00:00,0.08427,0,0.08427
2016-11-05 17:00:00,0.113764,0,0.113764
2016-11-05 18:00:00,0.087079,0,0.087079
2016-11-05 19:00:00,0.088483,0,0.088483
2016-11-05 20:00:00,0.06882,0,0.06882
2016-11-05 21:00:00,0.071629,0,0.071629
2016-11-05 22:00:00,0.047753,0,0.047753
2016-11-05 23:00:00,0.057584,0,0.057584
2016-11-06 00:00:00,0.06882,0,0.06882
2016-11-06 01:00:00,0.033708,0,0.033708
2016-11-06 02:00:00,0.035112,0,0.035112
2016-11-06 03:00:00,0.04073,0,0.04073
2016-11-06 04:00:00,0.025281,0,0.025281
2016-11-06 05:00:00,0.029494,0,0.029494
2016-11-06 06:00:00,0.037921,0,0.037921
2016-11-06 07:00:00,0.171348,0,0.171348
2016-11-06 08:00:00,0.099719,0,0.099719
2016-11-06 09:00:00,0.126404,0,0.126404
2016-11-06 10:00:00,0.094101,0,0.094101
2016-11-06 11:00:00,0.130618,0,0.130618
2016-11-06 12:00:00,0.151685,0,0.151685
2016-11-06 13:00:00,0.110955,0,0.110955
2016-11-06 14:00:00,0.101124,0,0.101124
2016-11-06 15:00:00,0.108146,0,0.108146
2016-11-06 16:00:00,0.110955,0,0.110955
2016-11-06 17:00:00,0.213483,0,0.213483
2016-11-06 18:00:00,0.140449,0,0.140449
2016-11-06 19:00:00,0.189607,0,0.189607
2016-11-06 20:00:00,0.151685,0,0.151685
2016-11-06 21:00:00,0.207865,0,0.207865
2016-11-06 22:00:00,0.098315,0,0.098315
2016-11-06 23:00:00,0.102528,0,0.102528
2016-11-07 00:00:00,0.057584,0,0.057584
2016-11-07 01:00:00,0.051966,0,0.051966
2016-11-07 02:00:00,0.044944,0,0.044944
2016-11-07 03:00:00,0.046348,0,0.046348
2016-11-07 04:00:00,0.042135,0,0.042135
2016-11-07 05:00:00,0.043539,0,0.043539
2016-11-07 06:00:00,0.043539,0,0.043539
2016-11-07 07:00:00,0.179775,0,0.179775
2016-11-07 08:00:00,0.094101,0,0.094101
2016-11-07 09:00:00,0.151685,0.000999999999976,0.152684999999976
2016-11-07 10:00:00,0.091292,0,0.091292
2016-11-07 11:00:00,0.125,0.689000000000078,0.814000000000078
2016-11-07 12:00:00,0.091292,2.04299999999989,2.13429199999989
2016-11-07 13:00:00,0.11236,0.888000000000147,1.00036000000015
2016-11-07 14:00:00,0.09691,0,0.09691
2016-11-07 15:00:00,0.117978,0,0.117978
2016-11-07 16:00:00,0.238764,0,0.238764
2016-11-07 17:00:00,0.289326,0,0.289326
2016-11-07 18:00:00,0.192416,0,0.192416
2016-11-07 19:00:00,0.133427,0,0.133427
2016-11-07 20:00:00,0.174157,0,0.174157
2016-11-07 21:00:00,0.18118,0,0.18118
2016-11-07 22:00:00,0.129213,0,0.129213
2016-11-07 23:00:00,0.073034,0,0.073034
2016-11-08 00:00:00,0.05618,0,0.05618
2016-11-08 01:00:00,0.05618,0,0.05618
2016-11-08 02:00:00,0.036517,0,0.036517
2016-11-08 03:00:00,0.044944,0,0.044944
2016-11-08 04:00:00,0.04073,0,0.04073
2016-11-08 05:00:00,0.042135,0,0.042135
2016-11-08 06:00:00,0.037921,0,0.037921
2016-11-08 07:00:00,0.196629,0,0.196629
2016-11-08 08:00:00,0.207865,0,0.207865
2016-11-08 09:00:00,0.132022,0,0.132022
2016-11-08 10:00:00,0.207865,0,0.207865
2016-11-08 11:00:00,0.077247,0,0.077247
2016-11-08 12:00:00,0.102528,1.86899999999991,1.97152799999991
2016-11-08 13:00:00,0.139045,1.60100000000011,1.74004500000011
2016-11-08 14:00:00,0.103933,1.82099999999991,1.92493299999991
2016-11-08 15:00:00,0.102528,1.69299999999998,1.79552799999998
2016-11-08 16:00:00,0.119382,0.750999999999976,0.870381999999976
2016-11-08 17:00:00,0.247191,0,0.247191
2016-11-08 18:00:00,0.251404,0,0.251404
2016-11-08 19:00:00,0.158708,0,0.158708
2016-11-08 20:00:00,0.192416,0,0.192416
2016-11-08 21:00:00,0.09691,0,0.09691
2016-11-08 22:00:00,0.171348,0,0.171348
2016-11-08 23:00:00,0.13764,0,0.13764
2016-11-09 00:00:00,0.049157,0,0.049157
2016-11-09 01:00:00,0.049157,0,0.049157
2016-11-09 02:00:00,0.053371,0,0.053371
2016-11-09 03:00:00,0.047753,0,0.047753
2016-11-09 04:00:00,0.037921,0,0.037921
2016-11-09 05:00:00,0.044944,0,0.044944
2016-11-09 06:00:00,0.036517,0,0.036517
2016-11-09 07:00:00,0.169944,0,0.169944
2016-11-09 08:00:00,0.113764,0,0.113764
2016-11-09 09:00:00,0.154494,1.38100000000009,1.53549400000009
2016-11-09 10:00:00,0.132022,1.76099999999997,1.89302199999997
2016-11-09 11:00:00,0.123596,0.867999999999938,0.991595999999938
2016-11-09 12:00:00,0.101124,0.384999999999991,0.486123999999991
2016-11-09 13:00:00,0.141854,0.07100000000014,0.21285400000014
2016-11-09 14:00:00,0.074438,0,0.074438
2016-11-09 15:00:00,0.136236,0,0.136236
2016-11-09 16:00:00,0.080056,0,0.080056
2016-11-09 17:00:00,0.171348,0,0.171348
2016-11-09 18:00:00,0.198034,0,0.198034
2016-11-09 19:00:00,0.172753,0,0.172753
2016-11-09 20:00:00,0.20927,0,0.20927
2016-11-09 21:00:00,0.251404,0,0.251404
2016-11-09 22:00:00,0.164326,0,0.164326
2016-11-09 23:00:00,0.116573,0,0.116573
2016-11-10 00:00:00,0.051966,0,0.051966
2016-11-10 01:00:00,0.054775,0,0.054775
2016-11-10 02:00:00,0.049157,0,0.049157
2016-11-10 03:00:00,0.046348,0,0.046348
2016-11-10 04:00:00,0.043539,0,0.043539
2016-11-10 05:00:00,0.171348,0,0.171348
2016-11-10 06:00:00,0.061798,0,0.061798
2016-11-10 07:00:00,0.19382,0,0.19382
2016-11-10 08:00:00,0.11236,0,0.11236
2016-11-10 09:00:00,0.120787,0,0.120787
2016-11-10 10:00:00,0.101124,0.365000000000009,0.466124000000009
2016-11-10 11:00:00,0.115169,1.82099999999991,1.93616899999991
2016-11-10 12:00:00,0.171348,1.27099999999996,1.44234799999996
2016-11-10 13:00:00,0.141854,1.99600000000009,2.13785400000009
2016-11-10 14:00:00,0.134831,1.202,1.336831
2016-11-10 15:00:00,0.115169,0.191000000000031,0.306169000000031
2016-11-10 16:00:00,0.15309,0,0.15309
2016-11-10 17:00:00,0.115169,0,0.115169
2016-11-10 18:00:00,0.143258,0,0.143258
2016-11-10 19:00:00,0.139045,0,0.139045
2016-11-10 20:00:00,0.192416,0,0.192416
2016-11-10 21:00:00,0.453652,0,0.453652
2016-11-10 22:00:00,0.185393,0,0.185393
2016-11-10 23:00:00,0.175562,0,0.175562
2016-11-11 00:00:00,0.087079,0,0.087079
2016-11-11 01:00:00,0.050562,0,0.050562
2016-11-11 02:00:00,0.043539,0,0.043539
2016-11-11 03:00:00,0.047753,0,0.047753
2016-11-11 04:00:00,0.043539,0,0.043539
2016-11-11 05:00:00,0.049157,0,0.049157
2016-11-11 06:00:00,0.039326,0,0.039326
2016-11-11 07:00:00,0.19382,0.000999999999976,0.194819999999976
2016-11-11 08:00:00,0.501404,0,0.501404
2016-11-11 09:00:00,0.310393,0,0.310393
2016-11-11 10:00:00,0.477528,0,0.477528
2016-11-11 11:00:00,0.307584,1.25999999999999,1.56758399999999
2016-11-11 12:00:00,0.31882,1.90499999999997,2.22381999999997
2016-11-11 13:00:00,0.140449,0.939000000000078,1.07944900000008
2016-11-11 14:00:00,0.195225,0.42899999999986,0.62422499999986
2016-11-11 15:00:00,0.264045,0.274000000000115,0.538045000000115
2016-11-11 16:00:00,0.386236,0.163999999999987,0.550235999999987
2016-11-11 17:00:00,0.151685,0.000999999999976,0.152684999999976
2016-11-11 18:00:00,0.212079,0,0.212079
2016-11-11 19:00:00,0.151685,0,0.151685
2016-11-11 20:00:00,0.148876,0.000999999999976,0.149875999999976
2016-11-11 21:00:00,0.188202,0,0.188202
2016-11-11 22:00:00,0.189607,0,0.189607
2016-11-11 23:00:00,0.087079,0,0.087079
2016-11-12 00:00:00,0.077247,0,0.077247
2016-11-12 01:00:00,0.029494,0,0.029494
2016-11-12 02:00:00,0.02809,0,0.02809
2016-11-12 03:00:00,0.039326,0,0.039326
2016-11-12 04:00:00,0.026685,0,0.026685
2016-11-12 05:00:00,0.029494,0,0.029494
2016-11-12 06:00:00,0.113764,0,0.113764
2016-11-12 07:00:00,0.136236,0,0.136236
2016-11-12 08:00:00,0.132022,0,0.132022
2016-11-12 09:00:00,0.505618,0,0.505618
2016-11-12 10:00:00,0.242978,0,0.242978
2016-11-12 11:00:00,0.141854,0.633000000000038,0.774854000000038
2016-11-12 12:00:00,0.129213,0.972999999999956,1.10221299999996
2016-11-12 13:00:00,0.231742,0.911000000000058,1.14274200000006
2016-11-12 14:00:00,0.099719,0,0.099719
2016-11-12 15:00:00,0.123596,0,0.123596
2016-11-12 16:00:00,0.099719,0,0.099719
2016-11-12 17:00:00,0.168539,0,0.168539
2016-11-12 18:00:00,0.148876,0.502999999999929,0.651875999999929
2016-11-12 19:00:00,0.206461,0,0.206461
2016-11-12 20:00:00,0.178371,0,0.178371
2016-11-12 21:00:00,0.242978,0,0.242978
2016-11-12 22:00:00,0.13764,0,0.13764
2016-11-12 23:00:00,0.119382,0,0.119382
2016-11-13 00:00:00,0.080056,0,0.080056
2016-11-13 01:00:00,0.088483,0,0.088483
2016-11-13 02:00:00,0.035112,0,0.035112
2016-11-13 03:00:00,0.035112,0,0.035112
2016-11-13 04:00:00,0.02809,0,0.02809
2016-11-13 05:00:00,0.025281,0,0.025281
2016-11-13 06:00:00,0.032303,0,0.032303
2016-11-13 07:00:00,0.285112,1.04299999999989,1.32811199999989
2016-11-13 08:00:00,0.151685,0,0.151685
2016-11-13 09:00:00,0.200843,0,0.200843
2016-11-13 10:00:00,0.217697,0,0.217697
2016-11-13 11:00:00,0.066011,0,0.066011
2016-11-13 12:00:00,0.098315,1.2170000000001,1.3153150000001
2016-11-13 13:00:00,0.073034,1.79999999999995,1.87303399999995
2016-11-13 14:00:00,0.064607,0.801000000000158,0.865607000000158
2016-11-13 15:00:00,0.092697,0,0.092697
2016-11-13 16:00:00,0.103933,0,0.103933
2016-11-13 17:00:00,0.154494,0,0.154494
2016-11-13 18:00:00,0.175562,0,0.175562
2016-11-13 19:00:00,0.192416,0,0.192416
2016-11-13 20:00:00,0.241573,0,0.241573
2016-11-13 21:00:00,0.144663,0,0.144663
2016-11-13 22:00:00,0.164326,0,0.164326
2016-11-13 23:00:00,0.061798,0,0.061798
2016-11-14 00:00:00,0.033708,0,0.033708
2016-11-14 01:00:00,0.043539,0,0.043539
2016-11-14 02:00:00,0.036517,0,0.036517
2016-11-14 03:00:00,0.022472,0,0.022472
2016-11-14 04:00:00,0.026685,0,0.026685
2016-11-14 05:00:00,0.026685,0,0.026685
2016-11-14 06:00:00,0.088483,0,0.088483
2016-11-14 07:00:00,0.101124,0.000999999999976,0.102123999999976
2016-11-14 08:00:00,0.060393,0,0.060393
2016-11-14 09:00:00,0.091292,0.000999999999976,0.092291999999976
2016-11-14 10:00:00,0.276685,0,0.276685
2016-11-14 11:00:00,0.060393,0.687999999999875,0.748392999999875
2016-11-14 12:00:00,0.085674,0.192000000000007,0.277674000000007
2016-11-14 13:00:00,0.113764,0,0.113764
2016-11-14 14:00:00,0.080056,0,0.080056
2016-11-14 15:00:00,0.099719,0.859000000000151,0.958719000000151
2016-11-14 16:00:00,0.25,1.76999999999998,2.01999999999998
2016-11-14 17:00:00,0.154494,1.24900000000002,1.40349400000002
2016-11-14 18:00:00,0.30618,0,0.30618
2016-11-14 19:00:00,0.191011,0,0.191011
2016-11-14 20:00:00,0.198034,0,0.198034
2016-11-14 21:00:00,0.220506,0,0.220506
2016-11-14 22:00:00,0.143258,0,0.143258
2016-11-14 23:00:00,0.095506,0,0.095506
2016-11-15 00:00:00,0.029494,0,0.029494
2016-11-15 01:00:00,0.029494,0,0.029494
2016-11-15 02:00:00,0.046348,0,0.046348
2016-11-15 03:00:00,0.036517,0,0.036517
2016-11-15 04:00:00,0.025281,0,0.025281
2016-11-15 05:00:00,0.026685,0,0.026685
2016-11-15 06:00:00,0.023876,0,0.023876
2016-11-15 07:00:00,0.183989,0,0.183989
2016-11-15 08:00:00,0.196629,0,0.196629
2016-11-15 09:00:00,0.192416,0,0.192416
2016-11-15 10:00:00,0.110955,0,0.110955
2016-11-15 11:00:00,0.151685,0,0.151685
2016-11-15 12:00:00,0.160112,0,0.160112
2016-11-15 13:00:00,0.269663,0,0.269663
2016-11-15 14:00:00,0.171348,0,0.171348
2016-11-15 15:00:00,0.363764,0,0.363764
2016-11-15 16:00:00,0.227528,0,0.227528
2016-11-15 17:00:00,0.356742,0,0.356742
2016-11-15 18:00:00,0.119382,0,0.119382
2016-11-15 19:00:00,0.087079,0,0.087079
2016-11-15 20:00:00,0.116573,0,0.116573
2016-11-15 21:00:00,0.08427,0,0.08427
2016-11-15 22:00:00,0.146067,0,0.146067
2016-11-15 23:00:00,0.122191,0,0.122191
2016-11-16 00:00:00,0.057584,0,0.057584
2016-11-16 01:00:00,0.036517,0,0.036517
2016-11-16 02:00:00,0.026685,0,0.026685
2016-11-16 03:00:00,0.037921,0,0.037921
2016-11-16 04:00:00,0.019663,0,0.019663
2016-11-16 05:00:00,0.035112,0,0.035112
2016-11-16 06:00:00,0.061798,0,0.061798
2016-11-16 07:00:00,0.186798,0,0.186798
2016-11-16 08:00:00,0.126404,0,0.126404
2016-11-16 09:00:00,0.146067,1.72899999999981,1.87506699999981
2016-11-16 10:00:00,0.508427,1.80799999999999,2.31642699999999
2016-11-16 11:00:00,0.363764,1.61400000000003,1.97776400000003
2016-11-16 12:00:00,0.391854,1.81600000000003,2.20785400000003
2016-11-16 13:00:00,0.175562,1.79300000000012,1.96856200000012
2016-11-16 14:00:00,0.240169,0.904999999999973,1.14516899999997
2016-11-16 15:00:00,0.219101,0.004999999999882,0.224100999999882
2016-11-16 16:00:00,0.335674,0,0.335674
2016-11-16 17:00:00,0.376404,0,0.376404
2016-11-16 18:00:00,0.384831,0,0.384831
2016-11-16 19:00:00,0.192416,0,0.192416
2016-11-16 20:00:00,0.206461,0,0.206461
2016-11-16 21:00:00,0.293539,0,0.293539
2016-11-16 22:00:00,0.176966,0,0.176966
2016-11-16 23:00:00,0.103933,0,0.103933
2016-11-17 00:00:00,0.037921,0,0.037921
2016-11-17 01:00:00,0.030899,0,0.030899
2016-11-17 02:00:00,0.029494,0,0.029494
2016-11-17 03:00:00,0.04073,0,0.04073
2016-11-17 04:00:00,0.022472,0,0.022472
2016-11-17 05:00:00,0.032303,0,0.032303
2016-11-17 06:00:00,0.134831,0,0.134831
2016-11-17 07:00:00,0.268258,0,0.268258
2016-11-17 08:00:00,0.063202,0,0.063202
2016-11-17 09:00:00,0.228933,0,0.228933
2016-11-17 10:00:00,0.161517,0,0.161517
2016-11-17 11:00:00,0.117978,0,0.117978
2016-11-17 12:00:00,0.088483,0,0.088483
2016-11-17 13:00:00,0.150281,0,0.150281
2016-11-17 14:00:00,0.089888,0,0.089888
2016-11-17 15:00:00,0.206461,0,0.206461
2016-11-17 16:00:00,0.179775,0,0.179775
2016-11-17 17:00:00,0.179775,0,0.179775
2016-11-17 18:00:00,0.216292,0,0.216292
2016-11-17 19:00:00,0.188202,0,0.188202
2016-11-17 20:00:00,0.199438,0,0.199438
2016-11-17 21:00:00,0.202247,0,0.202247
2016-11-17 22:00:00,0.162921,0,0.162921
2016-11-17 23:00:00,0.110955,0,0.110955
2016-11-18 00:00:00,0.032303,0,0.032303
2016-11-18 01:00:00,0.037921,0,0.037921
2016-11-18 02:00:00,0.037921,0,0.037921
2016-11-18 03:00:00,0.033708,0,0.033708
2016-11-18 04:00:00,0.029494,0,0.029494
2016-11-18 05:00:00,0.021067,0,0.021067
2016-11-18 06:00:00,0.063202,0,0.063202
2016-11-18 07:00:00,0.242978,0,0.242978
2016-11-18 08:00:00,0.331461,0,0.331461
2016-11-18 09:00:00,0.141854,0,0.141854
2016-11-18 10:00:00,0.113764,0,0.113764
2016-11-18 11:00:00,0.255618,0,0.255618
2016-11-18 12:00:00,0.185393,0,0.185393
2016-11-18 13:00:00,0.279494,0,0.279494
2016-11-18 14:00:00,0.158708,0,0.158708
2016-11-18 15:00:00,0.235955,0,0.235955
2016-11-18 16:00:00,0.408708,0,0.408708
2016-11-18 17:00:00,0.202247,0,0.202247
2016-11-18 18:00:00,0.293539,0,0.293539
2016-11-18 19:00:00,0.467697,0,0.467697
2016-11-18 20:00:00,0.367978,0,0.367978
2016-11-18 21:00:00,0.214888,0,0.214888
2016-11-18 22:00:00,0.223315,0,0.223315
2016-11-18 23:00:00,0.09691,0,0.09691
2016-11-19 00:00:00,0.071629,0,0.071629
2016-11-19 01:00:00,0.078652,0,0.078652
2016-11-19 02:00:00,0.058989,0,0.058989
2016-11-19 03:00:00,0.023876,0,0.023876
2016-11-19 04:00:00,0.02809,0,0.02809
2016-11-19 05:00:00,0.02809,0,0.02809
2016-11-19 06:00:00,0.030899,0,0.030899
2016-11-19 07:00:00,0.254213,0,0.254213
2016-11-19 08:00:00,0.175562,0,0.175562
2016-11-19 09:00:00,0.40309,0.001999999999953,0.405089999999953
2016-11-19 10:00:00,0.216292,0,0.216292
2016-11-19 11:00:00,0.09691,0,0.09691
2016-11-19 12:00:00,0.148876,1.68200000000002,1.83087600000002
2016-11-19 13:00:00,0.106742,0.282000000000153,0.388742000000153
2016-11-19 14:00:00,0.116573,0.821999999999889,0.938572999999889
2016-11-19 15:00:00,0.157303,0.536000000000058,0.693303000000058
2016-11-19 16:00:00,0.205056,1.80700000000002,2.01205600000002
2016-11-19 17:00:00,0.422753,0.364000000000033,0.786753000000033
2016-11-19 18:00:00,0.178371,0.288000000000011,0.466371000000011
2016-11-19 19:00:00,0.147472,0.946999999999889,1.09447199999989
2016-11-19 20:00:00,0.185393,1.13599999999997,1.32139299999997
2016-11-19 21:00:00,0.174157,1.83300000000008,2.00715700000008
2016-11-19 22:00:00,0.183989,1.82300000000009,2.00698900000009
2016-11-19 23:00:00,0.103933,1.83299999999986,1.93693299999986
2016-11-20 00:00:00,0.06882,1.82799999999997,1.89681999999997
2016-11-20 01:00:00,0.06882,1.51600000000008,1.58482000000008
2016-11-20 02:00:00,0.035112,0.281999999999925,0.317111999999925
2016-11-20 03:00:00,0.030899,0,0.030899
2016-11-20 04:00:00,0.023876,0,0.023876
2016-11-20 05:00:00,0.02809,0,0.02809
2016-11-20 06:00:00,0.026685,0,0.026685
2016-11-20 07:00:00,0.203652,0,0.203652
2016-11-20 08:00:00,0.15309,0,0.15309
2016-11-20 09:00:00,0.36236,0,0.36236
2016-11-20 10:00:00,0.164326,1.01600000000008,1.18032600000008
2016-11-20 11:00:00,0.200843,1.69100000000003,1.89184300000003
2016-11-20 12:00:00,0.339888,0.082999999999856,0.422887999999856
2016-11-20 13:00:00,0.158708,0,0.158708
2016-11-20 14:00:00,0.122191,0,0.122191
2016-11-20 15:00:00,0.20927,0,0.20927
2016-11-20 16:00:00,0.20927,0,0.20927
2016-11-20 17:00:00,0.242978,0,0.242978
2016-11-20 18:00:00,0.405899,0,0.405899
2016-11-20 19:00:00,0.233146,0,0.233146
2016-11-20 20:00:00,0.488764,0,0.488764
2016-11-20 21:00:00,0.210674,0,0.210674
2016-11-20 22:00:00,0.233146,0,0.233146
2016-11-20 23:00:00,0.051966,0,0.051966
2016-11-21 00:00:00,0.037921,0,0.037921
2016-11-21 01:00:00,0.025281,0,0.025281
2016-11-21 02:00:00,0.046348,0,0.046348
2016-11-21 03:00:00,0.02809,0,0.02809
2016-11-21 04:00:00,0.023876,0,0.023876
2016-11-21 05:00:00,0.025281,0,0.025281
2016-11-21 06:00:00,0.167135,0,0.167135
2016-11-21 07:00:00,0.168539,1.78200000000015,1.95053900000015
2016-11-21 08:00:00,0.202247,1.59899999999993,1.80124699999993
2016-11-21 09:00:00,0.238764,1.80300000000011,2.04176400000011
2016-11-21 10:00:00,0.280899,1.82099999999991,2.10189899999991
2016-11-21 11:00:00,0.151685,1.08899999999994,1.24068499999994
2016-11-21 12:00:00,0.348315,0.297000000000025,0.645315000000025
2016-11-21 13:00:00,0.198034,0,0.198034
2016-11-21 14:00:00,0.398876,0,0.398876
2016-11-21 15:00:00,0.360955,0,0.360955
2016-11-21 16:00:00,0.379213,0,0.379213
2016-11-21 17:00:00,0.241573,0,0.241573
2016-11-21 18:00:00,0.283708,0,0.283708
2016-11-21 19:00:00,0.247191,0,0.247191
2016-11-21 20:00:00,0.110955,0,0.110955
2016-11-21 21:00:00,0.192416,0,0.192416
2016-11-21 22:00:00,0.120787,0,0.120787
2016-11-21 23:00:00,0.073034,0,0.073034
2016-11-22 00:00:00,0.050562,0,0.050562
2016-11-22 01:00:00,0.030899,0,0.030899
2016-11-22 02:00:00,0.036517,0,0.036517
2016-11-22 03:00:00,0.023876,0,0.023876
2016-11-22 04:00:00,0.026685,0,0.026685
2016-11-22 05:00:00,0.025281,0,0.025281
2016-11-22 06:00:00,0.115169,0,0.115169
2016-11-22 07:00:00,0.169944,0,0.169944
2016-11-22 08:00:00,0.195225,0,0.195225
2016-11-22 09:00:00,0.358146,0.161000000000058,0.519146000000058
2016-11-22 10:00:00,0.241573,1.58899999999994,1.83057299999994
2016-11-22 11:00:00,0.13764,1.83600000000001,1.97364000000001
2016-11-22 12:00:00,0.147472,1.74500000000012,1.89247200000012
2016-11-22 13:00:00,0.233146,0.848999999999933,1.08214599999993
2016-11-22 14:00:00,0.167135,0.000999999999976,0.168134999999976
2016-11-22 15:00:00,0.379213,0,0.379213
2016-11-22 16:00:00,0.394663,0,0.394663
2016-11-22 17:00:00,0.325843,0,0.325843
2016-11-22 18:00:00,0.31882,0,0.31882
2016-11-22 19:00:00,0.442416,0,0.442416
2016-11-22 20:00:00,0.202247,0,0.202247
2016-11-22 21:00:00,0.27809,0,0.27809
2016-11-22 22:00:00,0.216292,0,0.216292
2016-11-22 23:00:00,0.103933,0,0.103933
2016-11-23 00:00:00,0.061798,0,0.061798
2016-11-23 01:00:00,0.039326,0,0.039326
2016-11-23 02:00:00,0.061798,0,0.061798
2016-11-23 03:00:00,0.036517,0,0.036517
2016-11-23 04:00:00,0.029494,0,0.029494
2016-11-23 05:00:00,0.026685,0,0.026685
2016-11-23 06:00:00,0.032303,0,0.032303
2016-11-23 07:00:00,0.384831,0,0.384831
2016-11-23 08:00:00,0.301966,0,0.301966
2016-11-23 09:00:00,0.282303,0.576000000000022,0.858303000000022
2016-11-23 10:00:00,0.146067,1.81899999999996,1.96506699999996
2016-11-23 11:00:00,0.116573,1.18499999999995,1.30157299999995
2016-11-23 12:00:00,0.391854,0.077999999999975,0.469853999999975
2016-11-23 13:00:00,0.261236,0,0.261236
2016-11-23 14:00:00,0.110955,0,0.110955
2016-11-23 15:00:00,0.164326,0,0.164326
2016-11-23 16:00:00,0.464888,0,0.464888
2016-11-23 17:00:00,0.383427,0,0.383427
2016-11-23 18:00:00,0.164326,0,0.164326
2016-11-23 19:00:00,0.192416,0,0.192416
2016-11-23 20:00:00,0.25,0,0.25
2016-11-23 21:00:00,0.206461,0,0.206461
2016-11-23 22:00:00,0.200843,0,0.200843
2016-11-23 23:00:00,0.091292,0,0.091292
2016-11-24 00:00:00,0.036517,0,0.036517
2016-11-24 01:00:00,0.032303,0,0.032303
2016-11-24 02:00:00,0.073034,0,0.073034
2016-11-24 03:00:00,0.04073,0,0.04073
2016-11-24 04:00:00,0.033708,0,0.033708
2016-11-24 05:00:00,0.032303,0,0.032303
2016-11-24 06:00:00,0.044944,0,0.044944
2016-11-24 07:00:00,0.19382,0,0.19382
2016-11-24 08:00:00,0.389045,0.00200000000018,0.39104500000018
2016-11-24 09:00:00,0.325843,1.48699999999985,1.81284299999985
2016-11-24 10:00:00,0.214888,1.62000000000012,1.83488800000012
2016-11-24 11:00:00,0.19382,0.554999999999836,0.748819999999836
2016-11-24 12:00:00,0.144663,0,0.144663
2016-11-24 13:00:00,0.161517,0,0.161517
2016-11-24 14:00:00,0.160112,0,0.160112
2016-11-24 15:00:00,0.252809,0,0.252809
2016-11-24 16:00:00,0.359551,0,0.359551
2016-11-24 17:00:00,0.470506,0,0.470506
2016-11-24 18:00:00,0.455056,0,0.455056
2016-11-24 19:00:00,0.358146,0,0.358146
2016-11-24 20:00:00,0.525281,0,0.525281
2016-11-24 21:00:00,0.279494,0,0.279494
2016-11-24 22:00:00,0.394663,0,0.394663
2016-11-24 23:00:00,0.182584,0,0.182584
2016-11-25 00:00:00,0.102528,0,0.102528
2016-11-25 01:00:00,0.05618,0,0.05618
2016-11-25 02:00:00,0.078652,0,0.078652
2016-11-25 03:00:00,0.057584,0,0.057584
2016-11-25 04:00:00,0.106742,0,0.106742
2016-11-25 05:00:00,0.071629,0,0.071629
2016-11-25 06:00:00,0.098315,0,0.098315
2016-11-25 07:00:00,0.33427,0,0.33427
2016-11-25 08:00:00,0.161517,0,0.161517
2016-11-25 09:00:00,0.383427,0,0.383427
2016-11-25 10:00:00,0.186798,0,0.186798
2016-11-25 11:00:00,0.247191,0,0.247191
2016-11-25 12:00:00,0.308989,1.31200000000013,1.62098900000013
2016-11-25 13:00:00,0.544944,0,0.544944
2016-11-25 14:00:00,0.463483,0,0.463483
2016-11-25 15:00:00,0.460674,0,0.460674
2016-11-25 16:00:00,0.436798,0,0.436798
2016-11-25 17:00:00,0.287921,0,0.287921
2016-11-25 18:00:00,0.360955,0.000999999999976,0.361954999999976
2016-11-25 19:00:00,0.307584,0,0.307584
2016-11-25 20:00:00,0.303371,0,0.303371
2016-11-25 21:00:00,0.327247,0,0.327247
2016-11-25 22:00:00,0.301966,0,0.301966
2016-11-25 23:00:00,0.139045,0,0.139045
2016-11-26 00:00:00,0.217697,0,0.217697
2016-11-26 01:00:00,0.026685,0,0.026685
2016-11-26 02:00:00,0.026685,0,0.026685
2016-11-26 03:00:00,0.022472,0,0.022472
2016-11-26 04:00:00,0.035112,0,0.035112
2016-11-26 05:00:00,0.02809,0,0.02809
2016-11-26 06:00:00,0.092697,0,0.092697
2016-11-26 07:00:00,0.214888,0,0.214888
2016-11-26 08:00:00,0.191011,0,0.191011
2016-11-26 09:00:00,0.324438,0,0.324438
2016-11-26 10:00:00,0.29073,0,0.29073
2016-11-26 11:00:00,0.247191,0.229000000000042,0.476191000000042
2016-11-26 12:00:00,0.102528,0.427999999999884,0.530527999999884
2016-11-26 13:00:00,0.146067,1.66399999999999,1.81006699999999
2016-11-26 14:00:00,0.176966,1.62200000000007,1.79896600000007
2016-11-26 15:00:00,0.63764,1.14799999999991,1.78563999999991
2016-11-26 16:00:00,0.533708,0.186000000000149,0.719708000000149
2016-11-26 17:00:00,0.522472,0,0.522472
2016-11-26 18:00:00,0.344101,0,0.344101
2016-11-26 19:00:00,0.560393,0,0.560393
2016-11-26 20:00:00,0.439607,0,0.439607
2016-11-26 21:00:00,0.339888,0,0.339888
2016-11-26 22:00:00,0.214888,0,0.214888
2016-11-26 23:00:00,0.094101,0,0.094101
2016-11-27 00:00:00,0.074438,0,0.074438
2016-11-27 01:00:00,0.022472,0,0.022472
2016-11-27 02:00:00,0.032303,0,0.032303
2016-11-27 03:00:00,0.023876,0,0.023876
2016-11-27 04:00:00,0.033708,0,0.033708
2016-11-27 05:00:00,0.035112,0,0.035112
2016-11-27 06:00:00,0.125,0,0.125
2016-11-27 07:00:00,0.214888,0,0.214888
2016-11-27 08:00:00,0.238764,0,0.238764
2016-11-27 09:00:00,0.601124,0.000999999999976,0.602123999999976
2016-11-27 10:00:00,0.504213,0,0.504213
2016-11-27 11:00:00,0.27809,0,0.27809
2016-11-27 12:00:00,0.436798,0,0.436798
2016-11-27 13:00:00,0.219101,0,0.219101
2016-11-27 14:00:00,0.339888,0,0.339888
2016-11-27 15:00:00,0.608146,0.000999999999976,0.609145999999976
2016-11-27 16:00:00,0.5,0,0.5
2016-11-27 17:00:00,0.550562,0,0.550562
2016-11-27 18:00:00,0.391854,0,0.391854
2016-11-27 19:00:00,0.407303,0,0.407303
2016-11-27 20:00:00,0.505618,0,0.505618
2016-11-27 21:00:00,0.247191,0,0.247191
2016-11-27 22:00:00,0.195225,0,0.195225
2016-11-27 23:00:00,0.147472,0,0.147472
2016-11-28 00:00:00,0.066011,0,0.066011
2016-11-28 01:00:00,0.029494,0,0.029494
2016-11-28 02:00:00,0.025281,0,0.025281
2016-11-28 03:00:00,0.02809,0,0.02809
2016-11-28 04:00:00,0.030899,0,0.030899
2016-11-28 05:00:00,0.023876,0,0.023876
2016-11-28 06:00:00,0.02809,0,0.02809
2016-11-28 07:00:00,0.199438,0,0.199438
2016-11-28 08:00:00,0.19382,0,0.19382
2016-11-28 09:00:00,0.386236,0,0.386236
2016-11-28 10:00:00,0.16573,0,0.16573
2016-11-28 11:00:00,0.36236,0,0.36236
2016-11-28 12:00:00,0.143258,0.000999999999976,0.144257999999976
2016-11-28 13:00:00,0.168539,0.000999999999976,0.169538999999976
2016-11-28 14:00:00,0.523876,0,0.523876
2016-11-28 15:00:00,0.692416,0,0.692416
2016-11-28 16:00:00,0.608146,0,0.608146
2016-11-28 17:00:00,0.566011,0,0.566011
2016-11-28 18:00:00,0.488764,0,0.488764
2016-11-28 19:00:00,0.424157,0,0.424157
2016-11-28 20:00:00,0.360955,0,0.360955
2016-11-28 21:00:00,0.296348,0,0.296348
2016-11-28 22:00:00,0.258427,0,0.258427
2016-11-28 23:00:00,0.108146,0,0.108146
2016-11-29 00:00:00,0.039326,0,0.039326
2016-11-29 01:00:00,0.025281,0,0.025281
2016-11-29 02:00:00,0.030899,0,0.030899
2016-11-29 03:00:00,0.02809,0,0.02809
2016-11-29 04:00:00,0.02809,0,0.02809
2016-11-29 05:00:00,0.023876,0,0.023876
2016-11-29 06:00:00,0.13764,0,0.13764
2016-11-29 07:00:00,0.179775,0,0.179775
2016-11-29 08:00:00,0.390449,0,0.390449
2016-11-29 09:00:00,0.446629,0,0.446629
2016-11-29 10:00:00,0.175562,0,0.175562
2016-11-29 11:00:00,0.178371,0,0.178371
2016-11-29 12:00:00,0.191011,0.000999999999976,0.192010999999976
2016-11-29 13:00:00,0.536517,0,0.536517
2016-11-29 14:00:00,0.533708,0,0.533708
2016-11-29 15:00:00,0.573034,0,0.573034
2016-11-29 16:00:00,0.43118,0,0.43118
2016-11-29 17:00:00,0.356742,0,0.356742
2016-11-29 18:00:00,0.377809,0,0.377809
2016-11-29 19:00:00,0.289326,0,0.289326
2016-11-29 20:00:00,0.29073,0,0.29073
2016-11-29 21:00:00,0.271067,0,0.271067
2016-11-29 22:00:00,0.220506,0,0.220506
2016-11-29 23:00:00,0.11236,0,0.11236
2016-11-30 00:00:00,0.042135,0,0.042135
2016-11-30 01:00:00,0.110955,0,0.110955
2016-11-30 02:00:00,0.02809,0,0.02809
2016-11-30 03:00:00,0.023876,0,0.023876
2016-11-30 04:00:00,0.032303,0,0.032303
2016-11-30 05:00:00,0.02809,0,0.02809
2016-11-30 06:00:00,0.132022,0,0.132022
2016-11-30 07:00:00,0.210674,0,0.210674
2016-11-30 08:00:00,0.445225,0,0.445225
2016-11-30 09:00:00,0.314607,0,0.314607
2016-11-30 10:00:00,0.414326,0,0.414326
2016-11-30 11:00:00,0.591292,0,0.591292
2016-11-30 12:00:00,0.589888,0,0.589888
2016-11-30 13:00:00,0.582865,0,0.582865
2016-11-30 14:00:00,0.553371,0,0.553371
2016-11-30 15:00:00,0.349719,0,0.349719
2016-11-30 16:00:00,0.369382,0,0.369382
2016-11-30 17:00:00,0.626404,0,0.626404
2016-11-30 18:00:00,0.353933,0,0.353933
2016-11-30 19:00:00,0.424157,0,0.424157
2016-11-30 20:00:00,0.310393,0,0.310393
2016-11-30 21:00:00,0.352528,0,0.352528
2016-11-30 22:00:00,0.342697,0,0.342697
2016-11-30 23:00:00,0.235955,0,0.235955
2016-12-01 00:00:00,0.06882,0,0.06882
2016-12-01 01:00:00,0.080056,0,0.080056
2016-12-01 02:00:00,0.183989,0,0.183989
2016-12-01 03:00:00,0.136236,0,0.136236
2016-12-01 04:00:00,0.105337,0,0.105337
2016-12-01 05:00:00,0.146067,0,0.146067
2016-12-01 06:00:00,0.139045,0,0.139045
2016-12-01 07:00:00,0.213483,0,0.213483
2016-12-01 08:00:00,0.365169,0,0.365169
2016-12-01 09:00:00,0.212079,0,0.212079
2016-12-01 10:00:00,0.532303,0,0.532303
2016-12-01 11:00:00,0.661517,0,0.661517
2016-12-01 12:00:00,0.606742,0,0.606742
2016-12-01 13:00:00,0.682584,0.000999999999976,0.683583999999976
2016-12-01 14:00:00,0.617978,0,0.617978
2016-12-01 15:00:00,0.308989,0,0.308989
2016-12-01 16:00:00,0.433989,0,0.433989
2016-12-01 17:00:00,0.466292,0,0.466292
2016-12-01 18:00:00,0.928371,0,0.928371
2016-12-01 19:00:00,0.417135,0,0.417135
2016-12-01 20:00:00,0.497191,0,0.497191
2016-12-01 21:00:00,0.304775,0,0.304775
2016-12-01 22:00:00,0.220506,0,0.220506
2016-12-01 23:00:00,0.120787,0,0.120787
2016-12-02 00:00:00,0.082865,0,0.082865
2016-12-02 01:00:00,0.033708,0,0.033708
2016-12-02 02:00:00,0.037921,0,0.037921
2016-12-02 03:00:00,0.060393,0,0.060393
2016-12-02 04:00:00,0.057584,0,0.057584
2016-12-02 05:00:00,0.049157,0,0.049157
2016-12-02 06:00:00,0.140449,0,0.140449
2016-12-02 07:00:00,0.188202,0,0.188202
2016-12-02 08:00:00,0.650281,0,0.650281
2016-12-02 09:00:00,0.580056,0,0.580056
2016-12-02 10:00:00,0.537921,0,0.537921
2016-12-02 11:00:00,0.373596,0,0.373596
2016-12-02 12:00:00,0.446629,0.223000000000184,0.669629000000184
2016-12-02 13:00:00,0.296348,0.808999999999969,1.10534799999997
2016-12-02 14:00:00,0.242978,1.81999999999994,2.06297799999994
2016-12-02 15:00:00,0.356742,1.59899999999993,1.95574199999993
2016-12-02 16:00:00,0.426966,1.80799999999999,2.23496599999999
2016-12-02 17:00:00,0.476124,1.52300000000014,1.99912400000014
2016-12-02 18:00:00,0.428371,0.76299999999992,1.19137099999992
2016-12-02 19:00:00,0.464888,0.016000000000076,0.480888000000076
2016-12-02 20:00:00,0.341292,0,0.341292
2016-12-02 21:00:00,0.34691,0,0.34691
2016-12-02 22:00:00,0.247191,0,0.247191
2016-12-02 23:00:00,0.171348,0,0.171348
2016-12-03 00:00:00,0.123596,0,0.123596
2016-12-03 01:00:00,0.126404,0,0.126404
2016-12-03 02:00:00,0.077247,0,0.077247
2016-12-03 03:00:00,0.067416,0,0.067416
2016-12-03 04:00:00,0.080056,0,0.080056
2016-12-03 05:00:00,0.030899,0,0.030899
2016-12-03 06:00:00,0.105337,0,0.105337
2016-12-03 07:00:00,0.264045,0.000999999999976,0.265044999999976
2016-12-03 08:00:00,0.217697,0,0.217697
2016-12-03 09:00:00,0.22191,0,0.22191
2016-12-03 10:00:00,0.610955,0,0.610955
2016-12-03 11:00:00,0.469101,0,0.469101
2016-12-03 12:00:00,0.620787,0.416999999999916,1.03778699999992
2016-12-03 13:00:00,0.182584,1.87900000000013,2.06158400000013
2016-12-03 14:00:00,0.202247,0.242999999999938,0.445246999999938
2016-12-03 15:00:00,0.25,0,0.25
2016-12-03 16:00:00,0.382022,0,0.382022
2016-12-03 17:00:00,0.478933,0,0.478933
2016-12-03 18:00:00,0.501404,0,0.501404
2016-12-03 19:00:00,0.314607,0,0.314607
2016-12-03 20:00:00,0.29073,0,0.29073
2016-12-03 21:00:00,0.273876,0,0.273876
2016-12-03 22:00:00,0.271067,0,0.271067
2016-12-03 23:00:00,0.117978,0,0.117978
2016-12-04 00:00:00,0.230337,0,0.230337
2016-12-04 01:00:00,0.195225,0,0.195225
2016-12-04 02:00:00,0.223315,0,0.223315
2016-12-04 03:00:00,0.376404,0,0.376404
2016-12-04 04:00:00,0.238764,0,0.238764
2016-12-04 05:00:00,0.301966,0,0.301966
2016-12-04 06:00:00,0.22191,0,0.22191
2016-12-04 07:00:00,0.426966,0,0.426966
2016-12-04 08:00:00,0.376404,0,0.376404
2016-12-04 09:00:00,0.391854,0,0.391854
2016-12-04 10:00:00,0.380618,0.001999999999953,0.382617999999953
2016-12-04 11:00:00,0.433989,0,0.433989
2016-12-04 12:00:00,0.578652,0,0.578652
2016-12-04 13:00:00,0.56882,0,0.56882
2016-12-04 14:00:00,0.573034,0,0.573034
2016-12-04 15:00:00,0.484551,0,0.484551
2016-12-04 16:00:00,0.515449,0,0.515449
2016-12-04 17:00:00,0.452247,0,0.452247
2016-12-04 18:00:00,0.445225,0,0.445225
2016-12-04 19:00:00,0.52809,0,0.52809
2016-12-04 20:00:00,0.648876,0,0.648876
2016-12-04 21:00:00,0.668539,0,0.668539
2016-12-04 22:00:00,0.397472,0,0.397472
2016-12-04 23:00:00,0.515449,0,0.515449
2016-12-05 00:00:00,0.029494,0,0.029494
2016-12-05 01:00:00,0.085674,0,0.085674
2016-12-05 02:00:00,0.022472,0,0.022472
2016-12-05 03:00:00,0.043539,0,0.043539
2016-12-05 04:00:00,0.058989,0,0.058989
2016-12-05 05:00:00,0.071629,0,0.071629
2016-12-05 06:00:00,0.044944,0,0.044944
2016-12-05 07:00:00,0.285112,0,0.285112
2016-12-05 08:00:00,0.549157,0.269000000000005,0.818157000000005
2016-12-05 09:00:00,0.363764,1.69599999999991,2.05976399999991
2016-12-05 10:00:00,0.564607,1.69100000000003,2.25560700000003
2016-12-05 11:00:00,0.188202,1.79600000000005,1.98420200000005
2016-12-05 12:00:00,0.148876,1.09799999999996,1.24687599999996
2016-12-05 13:00:00,0.183989,0.381000000000086,0.564989000000086
2016-12-05 14:00:00,0.561798,0,0.561798
2016-12-05 15:00:00,0.695225,0.001999999999953,0.697224999999953
2016-12-05 16:00:00,0.52809,0,0.52809
2016-12-05 17:00:00,0.257022,0,0.257022
2016-12-05 18:00:00,0.424157,0,0.424157
2016-12-05 19:00:00,0.435393,0,0.435393
2016-12-05 20:00:00,0.483146,0,0.483146
2016-12-05 21:00:00,0.308989,0,0.308989
2016-12-05 22:00:00,0.321629,0,0.321629
2016-12-05 23:00:00,0.110955,0,0.110955
2016-12-06 00:00:00,0.032303,0,0.032303
2016-12-06 01:00:00,0.026685,0,0.026685
2016-12-06 02:00:00,0.030899,0,0.030899
2016-12-06 03:00:00,0.032303,0,0.032303
2016-12-06 04:00:00,0.02809,0,0.02809
2016-12-06 05:00:00,0.025281,0,0.025281
2016-12-06 06:00:00,0.08427,0,0.08427
2016-12-06 07:00:00,0.220506,0,0.220506
2016-12-06 08:00:00,0.521067,0,0.521067
2016-12-06 09:00:00,0.369382,0,0.369382
2016-12-06 10:00:00,0.235955,0,0.235955
2016-12-06 11:00:00,0.640449,0.740999999999985,1.38144899999998
2016-12-06 12:00:00,0.717697,1.53200000000015,2.24969700000015
2016-12-06 13:00:00,0.466292,0,0.466292
2016-12-06 14:00:00,0.162921,0,0.162921
2016-12-06 15:00:00,0.25,0,0.25
2016-12-06 16:00:00,0.308989,0,0.308989
2016-12-06 17:00:00,0.608146,0,0.608146
2016-12-06 18:00:00,0.570225,0,0.570225
2016-12-06 19:00:00,0.435393,0,0.435393
2016-12-06 20:00:00,0.337079,0,0.337079
2016-12-06 21:00:00,0.480337,0,0.480337
2016-12-06 22:00:00,0.419944,0,0.419944
2016-12-06 23:00:00,0.30618,0,0.30618
2016-12-07 00:00:00,0.077247,0,0.077247
2016-12-07 01:00:00,0.075843,0,0.075843
2016-12-07 02:00:00,0.073034,0,0.073034
2016-12-07 03:00:00,0.108146,0,0.108146
2016-12-07 04:00:00,0.091292,0,0.091292
2016-12-07 05:00:00,0.08427,0,0.08427
2016-12-07 06:00:00,0.106742,0,0.106742
2016-12-07 07:00:00,0.247191,0,0.247191
2016-12-07 08:00:00,0.619382,0,0.619382
2016-12-07 09:00:00,0.296348,0,0.296348
2016-12-07 10:00:00,0.473315,0,0.473315
2016-12-07 11:00:00,0.234551,0,0.234551
2016-12-07 12:00:00,0.422753,0,0.422753
2016-12-07 13:00:00,0.251404,0,0.251404
2016-12-07 14:00:00,0.51264,0,0.51264
2016-12-07 15:00:00,0.501404,0,0.501404
2016-12-07 16:00:00,0.33427,0,0.33427
2016-12-07 17:00:00,0.375,0,0.375
2016-12-07 18:00:00,0.231742,0,0.231742
2016-12-07 19:00:00,0.320225,0,0.320225
2016-12-07 20:00:00,0.289326,0,0.289326
2016-12-07 21:00:00,0.289326,0,0.289326
2016-12-07 22:00:00,0.321629,0,0.321629
2016-12-07 23:00:00,0.162921,0,0.162921
2016-12-08 00:00:00,0.161517,0,0.161517
2016-12-08 01:00:00,0.151685,0,0.151685
2016-12-08 02:00:00,0.189607,0,0.189607
2016-12-08 03:00:00,0.234551,0,0.234551
2016-12-08 04:00:00,0.123596,0,0.123596
2016-12-08 05:00:00,0.217697,0,0.217697
2016-12-08 06:00:00,0.199438,0,0.199438
2016-12-08 07:00:00,0.445225,0.000999999999976,0.446224999999976
2016-12-08 08:00:00,0.33427,0.000999999999976,0.335269999999976
2016-12-08 09:00:00,0.242978,0,0.242978
2016-12-08 10:00:00,0.252809,0,0.252809
2016-12-08 11:00:00,0.345506,0.000999999999976,0.346505999999976
2016-12-08 12:00:00,0.230337,0,0.230337
2016-12-08 13:00:00,0.325843,0,0.325843
2016-12-08 14:00:00,0.365169,1.02999999999997,1.39516899999997
2016-12-08 15:00:00,0.200843,0.694999999999936,0.895842999999936
2016-12-08 16:00:00,0.292135,0,0.292135
2016-12-08 17:00:00,0.292135,0,0.292135
2016-12-08 18:00:00,0.324438,0.000999999999976,0.325437999999976
2016-12-08 19:00:00,0.282303,0,0.282303
2016-12-08 20:00:00,0.301966,0,0.301966
2016-12-08 21:00:00,0.314607,0,0.314607
2016-12-08 22:00:00,0.348315,0,0.348315
2016-12-08 23:00:00,0.195225,0,0.195225
2016-12-09 00:00:00,0.231742,0,0.231742
2016-12-09 01:00:00,0.178371,0,0.178371
2016-12-09 02:00:00,0.16573,0,0.16573
2016-12-09 03:00:00,0.119382,0,0.119382
2016-12-09 04:00:00,0.151685,0,0.151685
2016-12-09 05:00:00,0.172753,0,0.172753
2016-12-09 06:00:00,0.248596,0,0.248596
2016-12-09 07:00:00,0.59691,0,0.59691
2016-12-09 08:00:00,0.456461,0,0.456461
2016-12-09 09:00:00,0.293539,0,0.293539
2016-12-09 10:00:00,0.259831,0,0.259831
2016-12-09 11:00:00,0.199438,0,0.199438
2016-12-09 12:00:00,0.300562,1.51400000000012,1.81456200000012
2016-12-09 13:00:00,0.294944,2.05799999999999,2.35294399999999
2016-12-09 14:00:00,0.258427,0.451000000000022,0.709427000000022
2016-12-09 15:00:00,0.264045,0,0.264045
2016-12-09 16:00:00,0.393258,0,0.393258
2016-12-09 17:00:00,0.29073,0,0.29073
2016-12-09 18:00:00,0.280899,0,0.280899
2016-12-09 19:00:00,0.217697,0,0.217697
2016-12-09 20:00:00,0.380618,0,0.380618
2016-12-09 21:00:00,0.351124,0,0.351124
2016-12-09 22:00:00,0.382022,0,0.382022
2016-12-09 23:00:00,0.202247,0,0.202247
2016-12-10 00:00:00,0.136236,0,0.136236
2016-12-10 01:00:00,0.158708,0,0.158708
2016-12-10 02:00:00,0.150281,0,0.150281
2016-12-10 03:00:00,0.13764,0,0.13764
2016-12-10 04:00:00,0.23736,0,0.23736
2016-12-10 05:00:00,0.11236,0,0.11236
2016-12-10 06:00:00,0.113764,0,0.113764
2016-12-10 07:00:00,0.272472,0,0.272472
2016-12-10 08:00:00,0.286517,0,0.286517
2016-12-10 09:00:00,0.633427,0,0.633427
2016-12-10 10:00:00,0.563202,0.335000000000036,0.898202000000036
2016-12-10 11:00:00,0.446629,1.81399999999985,2.26062899999985
2016-12-10 12:00:00,0.466292,1.21400000000017,1.68029200000017
2016-12-10 13:00:00,0.563202,0.41599999999994,0.97920199999994
2016-12-10 14:00:00,0.401685,0,0.401685
2016-12-10 15:00:00,0.147472,0,0.147472
2016-12-10 16:00:00,0.297753,0,0.297753
2016-12-10 17:00:00,0.29073,0,0.29073
2016-12-10 18:00:00,0.338483,0,0.338483
2016-12-10 19:00:00,0.207865,0,0.207865
2016-12-10 20:00:00,0.231742,0,0.231742
2016-12-10 21:00:00,0.598315,0,0.598315
2016-12-10 22:00:00,0.244382,0,0.244382
2016-12-10 23:00:00,0.141854,0,0.141854
2016-12-11 00:00:00,0.158708,0,0.158708
2016-12-11 01:00:00,0.099719,0,0.099719
2016-12-11 02:00:00,0.140449,0,0.140449
2016-12-11 03:00:00,0.08427,0,0.08427
2016-12-11 04:00:00,0.122191,0,0.122191
2016-12-11 05:00:00,0.227528,0,0.227528
2016-12-11 06:00:00,0.20927,0,0.20927
2016-12-11 07:00:00,0.345506,0,0.345506
2016-12-11 08:00:00,0.205056,0.099999999999909,0.305055999999909
2016-12-11 09:00:00,0.196629,1.80600000000004,2.00262900000004
2016-12-11 10:00:00,0.286517,1.80799999999999,2.09451699999999
2016-12-11 11:00:00,0.203652,1.79199999999992,1.99565199999992
2016-12-11 12:00:00,0.264045,1.67100000000005,1.93504500000005
2016-12-11 13:00:00,0.332865,1.69800000000009,2.03086500000009
2016-12-11 14:00:00,0.242978,1.16999999999985,1.41297799999985
2016-12-11 15:00:00,0.25,0,0.25
2016-12-11 16:00:00,0.313202,0,0.313202
2016-12-11 17:00:00,0.171348,0,0.171348
2016-12-11 18:00:00,0.264045,0,0.264045
2016-12-11 19:00:00,0.206461,0,0.206461
2016-12-11 20:00:00,0.255618,0,0.255618
2016-12-11 21:00:00,0.301966,0,0.301966
2016-12-11 22:00:00,0.34691,0,0.34691
2016-12-11 23:00:00,0.230337,0,0.230337
2016-12-12 00:00:00,0.120787,0,0.120787
2016-12-12 01:00:00,0.116573,0,0.116573
2016-12-12 02:00:00,0.216292,0,0.216292
2016-12-12 03:00:00,0.094101,0,0.094101
2016-12-12 04:00:00,0.09691,0,0.09691
2016-12-12 05:00:00,0.160112,0,0.160112
2016-12-12 06:00:00,0.188202,0,0.188202
2016-12-12 07:00:00,0.358146,0,0.358146
2016-12-12 08:00:00,0.289326,0.269000000000005,0.558326000000005
2016-12-12 09:00:00,0.212079,0.199000000000069,0.411079000000069
2016-12-12 10:00:00,0.22191,0.000999999999976,0.222909999999976
2016-12-12 11:00:00,0.271067,0.000999999999976,0.272066999999976
2016-12-12 12:00:00,0.36236,1.64499999999998,2.00735999999998
2016-12-12 13:00:00,0.189607,1.78899999999999,1.97860699999999
2016-12-12 14:00:00,0.31882,1.82200000000012,2.14082000000012
2016-12-12 15:00:00,0.268258,0.694999999999936,0.963257999999936
2016-12-12 16:00:00,0.299157,0,0.299157
2016-12-12 17:00:00,0.331461,0,0.331461
2016-12-12 18:00:00,0.341292,0,0.341292
2016-12-12 19:00:00,0.379213,0,0.379213
2016-12-12 20:00:00,0.349719,0,0.349719
2016-12-12 21:00:00,0.338483,0,0.338483
2016-12-12 22:00:00,0.344101,0,0.344101
2016-12-12 23:00:00,0.29073,0,0.29073
2016-12-13 00:00:00,0.15309,0,0.15309
2016-12-13 01:00:00,0.136236,0,0.136236
2016-12-13 02:00:00,0.175562,0,0.175562
2016-12-13 03:00:00,0.129213,0,0.129213
2016-12-13 04:00:00,0.151685,0,0.151685
2016-12-13 05:00:00,0.205056,0,0.205056
2016-12-13 06:00:00,0.195225,0,0.195225
2016-12-13 07:00:00,0.293539,0,0.293539
2016-12-13 08:00:00,0.296348,0,0.296348
2016-12-13 09:00:00,0.30618,0,0.30618
2016-12-13 10:00:00,0.33427,0,0.33427
2016-12-13 11:00:00,0.264045,0,0.264045
2016-12-13 12:00:00,0.325843,0,0.325843
2016-12-13 13:00:00,0.266854,1.28500000000008,1.55185400000008
2016-12-13 14:00:00,0.210674,1.57299999999987,1.78367399999987
2016-12-13 15:00:00,0.235955,1.80300000000011,2.03895500000011
2016-12-13 16:00:00,0.337079,1.6110000000001,1.9480790000001
2016-12-13 17:00:00,0.384831,0.81699999999978,1.20183099999978
2016-12-13 18:00:00,0.47191,0.063000000000102,0.534910000000102
2016-12-13 19:00:00,0.34691,0,0.34691
2016-12-13 20:00:00,0.502809,0,0.502809
2016-12-13 21:00:00,0.254213,0,0.254213
2016-12-13 22:00:00,0.344101,0,0.344101
2016-12-13 23:00:00,0.200843,0,0.200843
2016-12-14 00:00:00,0.147472,0,0.147472
2016-12-14 01:00:00,0.223315,0,0.223315
2016-12-14 02:00:00,0.127809,0,0.127809
2016-12-14 03:00:00,0.129213,0,0.129213
2016-12-14 04:00:00,0.125,0,0.125
2016-12-14 05:00:00,0.271067,0,0.271067
2016-12-14 06:00:00,0.22191,0,0.22191
2016-12-14 07:00:00,0.389045,0,0.389045
2016-12-14 08:00:00,0.344101,0,0.344101
2016-12-14 09:00:00,0.273876,0,0.273876
2016-12-14 10:00:00,0.299157,0.000999999999976,0.300156999999976
2016-12-14 11:00:00,0.303371,0,0.303371
2016-12-14 12:00:00,0.376404,0,0.376404
2016-12-14 13:00:00,0.373596,0,0.373596
2016-12-14 14:00:00,0.373596,0,0.373596
2016-12-14 15:00:00,0.372191,0,0.372191
2016-12-14 16:00:00,0.380618,0,0.380618
2016-12-14 17:00:00,0.432584,0,0.432584
2016-12-14 18:00:00,0.494382,0,0.494382
2016-12-14 19:00:00,0.456461,0,0.456461
2016-12-14 20:00:00,0.456461,0,0.456461
2016-12-14 21:00:00,0.460674,0,0.460674
2016-12-14 22:00:00,0.275281,0,0.275281
2016-12-14 23:00:00,0.296348,0,0.296348
2016-12-15 00:00:00,0.130618,0,0.130618
2016-12-15 01:00:00,0.125,0,0.125
2016-12-15 02:00:00,0.200843,0,0.200843
2016-12-15 03:00:00,0.179775,0,0.179775
2016-12-15 04:00:00,0.13764,0,0.13764
2016-12-15 05:00:00,0.169944,0,0.169944
2016-12-15 06:00:00,0.151685,0,0.151685
2016-12-15 07:00:00,0.389045,0.000999999999976,0.390044999999976
2016-12-15 08:00:00,0.432584,0,0.432584
2016-12-15 09:00:00,0.268258,0,0.268258
2016-12-15 10:00:00,0.317416,0,0.317416
2016-12-15 11:00:00,0.344101,0,0.344101
2016-12-15 12:00:00,0.248596,0,0.248596
2016-12-15 13:00:00,0.258427,0.582000000000107,0.840427000000107
2016-12-15 14:00:00,0.384831,1.79399999999987,2.17883099999987
2016-12-15 15:00:00,0.287921,1.05899999999997,1.34692099999997
2016-12-15 16:00:00,0.321629,0.180000000000064,0.501629000000064
2016-12-15 17:00:00,0.419944,0,0.419944
2016-12-15 18:00:00,0.432584,0,0.432584
2016-12-15 19:00:00,0.428371,0,0.428371
2016-12-15 20:00:00,0.441011,0,0.441011
2016-12-15 21:00:00,0.518258,0,0.518258
2016-12-15 22:00:00,0.448034,0,0.448034
2016-12-15 23:00:00,0.247191,0,0.247191
2016-12-16 00:00:00,0.292135,0,0.292135
2016-12-16 01:00:00,0.265449,0,0.265449
2016-12-16 02:00:00,0.259831,0,0.259831
2016-12-16 03:00:00,0.214888,0,0.214888
2016-12-16 04:00:00,0.268258,0,0.268258
2016-12-16 05:00:00,0.234551,0,0.234551
2016-12-16 06:00:00,0.255618,0,0.255618
2016-12-16 07:00:00,0.397472,0,0.397472
2016-12-16 08:00:00,0.418539,0,0.418539
2016-12-16 09:00:00,0.476124,0,0.476124
2016-12-16 10:00:00,0.436798,0,0.436798
2016-12-16 11:00:00,0.367978,0,0.367978
2016-12-16 12:00:00,0.248596,0,0.248596
2016-12-16 13:00:00,0.289326,0,0.289326
2016-12-16 14:00:00,0.345506,0,0.345506
2016-12-16 15:00:00,0.310393,0,0.310393
2016-12-16 16:00:00,0.234551,0,0.234551
2016-12-16 17:00:00,0.231742,0,0.231742
2016-12-16 18:00:00,0.401685,0,0.401685
2016-12-16 19:00:00,0.445225,0,0.445225
2016-12-16 20:00:00,0.422753,0,0.422753
2016-12-16 21:00:00,0.432584,0,0.432584
2016-12-16 22:00:00,0.408708,0,0.408708
2016-12-16 23:00:00,0.31882,0,0.31882
2016-12-17 00:00:00,0.271067,0,0.271067
2016-12-17 01:00:00,0.212079,0,0.212079
2016-12-17 02:00:00,0.108146,0,0.108146
2016-12-17 03:00:00,0.223315,0,0.223315
2016-12-17 04:00:00,0.203652,0,0.203652
2016-12-17 05:00:00,0.199438,0,0.199438
2016-12-17 06:00:00,0.275281,0,0.275281
2016-12-17 07:00:00,0.332865,0,0.332865
2016-12-17 08:00:00,0.474719,0,0.474719
2016-12-17 09:00:00,0.372191,1.50300000000016,1.87519100000016
2016-12-17 10:00:00,0.34691,1.34199999999987,1.68890999999987
2016-12-17 11:00:00,0.441011,0.653999999999996,1.095011
2016-12-17 12:00:00,0.706461,0.401000000000067,1.10746100000007
2016-12-17 13:00:00,0.377809,0.222999999999956,0.600808999999956
2016-12-17 14:00:00,0.375,0.000999999999976,0.375999999999976
2016-12-17 15:00:00,0.26264,0,0.26264
2016-12-17 16:00:00,0.307584,0,0.307584
2016-12-17 17:00:00,0.280899,0,0.280899
2016-12-17 18:00:00,0.310393,0,0.310393
2016-12-17 19:00:00,0.224719,0,0.224719
2016-12-17 20:00:00,0.307584,0,0.307584
2016-12-17 21:00:00,0.293539,0,0.293539
2016-12-17 22:00:00,0.157303,0,0.157303
2016-12-17 23:00:00,0.081461,0,0.081461
2016-12-18 00:00:00,0.103933,0,0.103933
2016-12-18 01:00:00,0.078652,0,0.078652
2016-12-18 02:00:00,0.02809,0,0.02809
2016-12-18 03:00:00,0.029494,0,0.029494
2016-12-18 04:00:00,0.089888,0,0.089888
2016-12-18 05:00:00,0.036517,0,0.036517
2016-12-18 06:00:00,0.051966,0,0.051966
2016-12-18 07:00:00,0.20927,0,0.20927
2016-12-18 08:00:00,0.216292,0.000999999999976,0.217291999999976
2016-12-18 09:00:00,0.393258,0,0.393258
2016-12-18 10:00:00,0.516854,1.08899999999994,1.60585399999994
2016-12-18 11:00:00,0.397472,1.4860000000001,1.8834720000001
2016-12-18 12:00:00,0.18118,0.513999999999896,0.695179999999896
2016-12-18 13:00:00,0.196629,0.001000000000204,0.197629000000204
2016-12-18 14:00:00,0.18118,0,0.18118
2016-12-18 15:00:00,0.162921,0,0.162921
2016-12-18 16:00:00,0.268258,0,0.268258
2016-12-18 17:00:00,0.441011,0,0.441011
2016-12-18 18:00:00,0.470506,0,0.470506
2016-12-18 19:00:00,0.376404,0,0.376404
2016-12-18 20:00:00,0.491573,0,0.491573
2016-12-18 21:00:00,0.359551,0,0.359551
2016-12-18 22:00:00,0.460674,0,0.460674
2016-12-18 23:00:00,0.355337,0,0.355337
2016-12-19 00:00:00,0.283708,0,0.283708
2016-12-19 01:00:00,0.241573,0,0.241573
2016-12-19 02:00:00,0.285112,0,0.285112
2016-12-19 03:00:00,0.134831,0,0.134831
2016-12-19 04:00:00,0.129213,0,0.129213
2016-12-19 05:00:00,0.115169,0,0.115169
2016-12-19 06:00:00,0.272472,0,0.272472
2016-12-19 07:00:00,0.203652,0,0.203652
2016-12-19 08:00:00,0.356742,0,0.356742
2016-12-19 09:00:00,0.432584,0,0.432584
2016-12-19 10:00:00,0.535112,0,0.535112
2016-12-19 11:00:00,0.401685,0.000999999999976,0.402684999999976
2016-12-19 12:00:00,0.251404,0,0.251404
2016-12-19 13:00:00,0.310393,0,0.310393
2016-12-19 14:00:00,0.207865,0,0.207865
2016-12-19 15:00:00,0.261236,0,0.261236
2016-12-19 16:00:00,0.323034,0,0.323034
2016-12-19 17:00:00,0.414326,0,0.414326
2016-12-19 18:00:00,0.314607,0,0.314607
2016-12-19 19:00:00,0.529494,0,0.529494
2016-12-19 20:00:00,0.341292,0,0.341292
2016-12-19 21:00:00,0.280899,0,0.280899
2016-12-19 22:00:00,0.276685,0,0.276685
2016-12-19 23:00:00,0.133427,0,0.133427
2016-12-20 00:00:00,0.247191,0,0.247191
2016-12-20 01:00:00,0.123596,0,0.123596
2016-12-20 02:00:00,0.119382,0,0.119382
2016-12-20 03:00:00,0.18118,0,0.18118
2016-12-20 04:00:00,0.154494,0,0.154494
2016-12-20 05:00:00,0.202247,0,0.202247
2016-12-20 06:00:00,0.224719,0,0.224719
2016-12-20 07:00:00,0.317416,0,0.317416
2016-12-20 08:00:00,0.22191,0,0.22191
2016-12-20 09:00:00,0.308989,0,0.308989
2016-12-20 10:00:00,0.592697,0,0.592697
2016-12-20 11:00:00,0.349719,0,0.349719
2016-12-20 12:00:00,0.410112,0,0.410112
2016-12-20 13:00:00,0.477528,0,0.477528
2016-12-20 14:00:00,0.428371,0,0.428371
2016-12-20 15:00:00,0.332865,0,0.332865
2016-12-20 16:00:00,0.242978,0,0.242978
2016-12-20 17:00:00,0.233146,0,0.233146
2016-12-20 18:00:00,0.125,0,0.125
2016-12-20 19:00:00,0.337079,0,0.337079
2016-12-20 20:00:00,0.25,0,0.25
2016-12-20 21:00:00,0.439607,0,0.439607
2016-12-20 22:00:00,0.226124,0,0.226124
2016-12-20 23:00:00,0.102528,0,0.102528
2016-12-21 00:00:00,0.110955,0,0.110955
2016-12-21 01:00:00,0.066011,0,0.066011
2016-12-21 02:00:00,0.102528,0,0.102528
2016-12-21 03:00:00,0.060393,0,0.060393
2016-12-21 04:00:00,0.035112,0,0.035112
2016-12-21 05:00:00,0.075843,0,0.075843
2016-12-21 06:00:00,0.073034,0,0.073034
2016-12-21 07:00:00,0.22191,0,0.22191
2016-12-21 08:00:00,0.674157,0,0.674157
2016-12-21 09:00:00,0.495787,0,0.495787
2016-12-21 10:00:00,0.273876,0.000999999999976,0.274875999999976
2016-12-21 11:00:00,0.460674,0,0.460674
2016-12-21 12:00:00,0.433989,0,0.433989
2016-12-21 13:00:00,0.521067,0.875,1.396067
2016-12-21 14:00:00,0.574438,0,0.574438
2016-12-21 15:00:00,0.206461,0,0.206461
2016-12-21 16:00:00,0.238764,0.000999999999976,0.239763999999976
2016-12-21 17:00:00,0.303371,0,0.303371
2016-12-21 18:00:00,0.419944,0,0.419944
2016-12-21 19:00:00,0.401685,0,0.401685
2016-12-21 20:00:00,0.230337,0,0.230337
2016-12-21 21:00:00,0.25,0,0.25
2016-12-21 22:00:00,0.230337,0,0.230337
2016-12-21 23:00:00,0.123596,0,0.123596
2016-12-22 00:00:00,0.13764,0,0.13764
2016-12-22 01:00:00,0.036517,0,0.036517
2016-12-22 02:00:00,0.02809,0,0.02809
2016-12-22 03:00:00,0.032303,0,0.032303
2016-12-22 04:00:00,0.026685,0,0.026685
2016-12-22 05:00:00,0.071629,0,0.071629
2016-12-22 06:00:00,0.018258,0,0.018258
2016-12-22 07:00:00,0.719101,0,0.719101
2016-12-22 08:00:00,0.914326,0,0.914326
2016-12-22 09:00:00,0.363764,0,0.363764
2016-12-22 10:00:00,0.692416,0,0.692416
2016-12-22 11:00:00,0.772472,0,0.772472
2016-12-22 12:00:00,0.30618,0,0.30618
2016-12-22 13:00:00,0.494382,0.307000000000016,0.801382000000016
2016-12-22 14:00:00,0.273876,0,0.273876
2016-12-22 15:00:00,0.150281,0,0.150281
2016-12-22 16:00:00,0.425562,0,0.425562
2016-12-22 17:00:00,0.216292,0,0.216292
2016-12-22 18:00:00,0.294944,0,0.294944
2016-12-22 19:00:00,0.273876,0,0.273876
2016-12-22 20:00:00,0.31882,0,0.31882
2016-12-22 21:00:00,0.255618,0,0.255618
2016-12-22 22:00:00,0.183989,0,0.183989
2016-12-22 23:00:00,0.162921,0,0.162921
2016-12-23 00:00:00,0.292135,0,0.292135
2016-12-23 01:00:00,0.265449,0,0.265449
2016-12-23 02:00:00,0.259831,0,0.259831
2016-12-23 03:00:00,0.214888,0,0.214888
2016-12-23 04:00:00,0.268258,0,0.268258
2016-12-23 05:00:00,0.234551,0,0.234551
2016-12-23 06:00:00,0.255618,0,0.255618
2016-12-23 07:00:00,0.397472,0,0.397472
2016-12-23 08:00:00,0.418539,0.000999999999976,0.419538999999976
2016-12-23 09:00:00,0.476124,0.000999999999976,0.477123999999976
2016-12-23 10:00:00,0.436798,0,0.436798
2016-12-23 11:00:00,0.367978,0.638999999999896,1.0069779999999
2016-12-23 12:00:00,0.248596,1.24100000000021,1.48959600000021
2016-12-23 13:00:00,0.289326,1.62699999999995,1.91632599999995
2016-12-23 14:00:00,0.345506,0.321999999999889,0.667505999999889
2016-12-23 15:00:00,0.310393,0,0.310393
2016-12-23 16:00:00,0.234551,0,0.234551
2016-12-23 17:00:00,0.231742,0,0.231742
2016-12-23 18:00:00,0.401685,0,0.401685
2016-12-23 19:00:00,0.445225,0,0.445225
2016-12-23 20:00:00,0.422753,0,0.422753
2016-12-23 21:00:00,0.432584,0,0.432584
2016-12-23 22:00:00,0.408708,0,0.408708
2016-12-23 23:00:00,0.31882,0,0.31882
2016-12-24 00:00:00,0.092697,0,0.092697
2016-12-24 01:00:00,0.078652,0,0.078652
2016-12-24 02:00:00,0.036517,0,0.036517
2016-12-24 03:00:00,0.026685,0,0.026685
2016-12-24 04:00:00,0.026685,0,0.026685
2016-12-24 05:00:00,0.026685,0,0.026685
2016-12-24 06:00:00,0.022472,0,0.022472
2016-12-24 07:00:00,0.20927,0,0.20927
2016-12-24 08:00:00,0.212079,0,0.212079
2016-12-24 09:00:00,0.622191,0,0.622191
2016-12-24 10:00:00,0.585674,1.69500000000016,2.28067400000016
2016-12-24 11:00:00,0.287921,1.82099999999991,2.10892099999991
2016-12-24 12:00:00,0.754213,1.61599999999999,2.37021299999999
2016-12-24 13:00:00,0.962079,1.84799999999996,2.81007899999996
2016-12-24 14:00:00,0.481742,1.59000000000015,2.07174200000015
2016-12-24 15:00:00,0.363764,0.629999999999882,0.993763999999882
2016-12-24 16:00:00,0.610955,0,0.610955
2016-12-24 17:00:00,0.348315,0,0.348315
2016-12-24 18:00:00,0.467697,0,0.467697
2016-12-24 19:00:00,0.19382,0,0.19382
2016-12-24 20:00:00,0.397472,0,0.397472
2016-12-24 21:00:00,0.226124,0,0.226124
2016-12-24 22:00:00,0.265449,0,0.265449
2016-12-24 23:00:00,0.129213,0,0.129213
2016-12-25 00:00:00,0.077247,0,0.077247
2016-12-25 01:00:00,0.037921,0,0.037921
2016-12-25 02:00:00,0.030899,0,0.030899
2016-12-25 03:00:00,0.026685,0,0.026685
2016-12-25 04:00:00,0.02809,0,0.02809
2016-12-25 05:00:00,0.033708,0,0.033708
2016-12-25 06:00:00,0.169944,0,0.169944
2016-12-25 07:00:00,0.205056,0,0.205056
2016-12-25 08:00:00,0.245787,0,0.245787
2016-12-25 09:00:00,0.342697,0,0.342697
2016-12-25 10:00:00,0.526685,0,0.526685
2016-12-25 11:00:00,0.698034,0,0.698034
2016-12-25 12:00:00,0.504213,0,0.504213
2016-12-25 13:00:00,0.227528,0,0.227528
2016-12-25 14:00:00,0.56882,0,0.56882
2016-12-25 15:00:00,0.324438,0,0.324438
2016-12-25 16:00:00,0.429775,0,0.429775
2016-12-25 17:00:00,0.627809,0,0.627809
2016-12-25 18:00:00,0.620787,0,0.620787
2016-12-25 19:00:00,0.327247,0,0.327247
2016-12-25 20:00:00,0.598315,0,0.598315
2016-12-25 21:00:00,0.521067,0,0.521067
2016-12-25 22:00:00,0.15309,0,0.15309
2016-12-25 23:00:00,0.094101,0,0.094101
2016-12-26 00:00:00,0.106742,0,0.106742
2016-12-26 01:00:00,0.073034,0,0.073034
2016-12-26 02:00:00,0.02809,0,0.02809
2016-12-26 03:00:00,0.033708,0,0.033708
2016-12-26 04:00:00,0.022472,0,0.022472
2016-12-26 05:00:00,0.025281,0,0.025281
2016-12-26 06:00:00,0.070225,0,0.070225
2016-12-26 07:00:00,0.192416,0,0.192416
2016-12-26 08:00:00,0.259831,0,0.259831
2016-12-26 09:00:00,0.18118,0,0.18118
2016-12-26 10:00:00,0.712079,0,0.712079
2016-12-26 11:00:00,0.525281,0,0.525281
2016-12-26 12:00:00,0.526685,0,0.526685
2016-12-26 13:00:00,0.356742,0,0.356742
2016-12-26 14:00:00,0.366573,0,0.366573
2016-12-26 15:00:00,0.441011,0,0.441011
2016-12-26 16:00:00,0.591292,0,0.591292
2016-12-26 17:00:00,0.446629,0,0.446629
2016-12-26 18:00:00,0.418539,0,0.418539
2016-12-26 19:00:00,0.550562,0,0.550562
2016-12-26 20:00:00,0.293539,0,0.293539
2016-12-26 21:00:00,0.244382,0,0.244382
2016-12-26 22:00:00,0.316011,0,0.316011
2016-12-26 23:00:00,0.176966,0,0.176966
2016-12-27 00:00:00,0.057584,0,0.057584
2016-12-27 01:00:00,0.036517,0,0.036517
2016-12-27 02:00:00,0.026685,0,0.026685
2016-12-27 03:00:00,0.029494,0,0.029494
2016-12-27 04:00:00,0.022472,0,0.022472
2016-12-27 05:00:00,0.025281,0,0.025281
2016-12-27 06:00:00,0.036517,0,0.036517
2016-12-27 07:00:00,0.191011,0,0.191011
2016-12-27 08:00:00,0.585674,0,0.585674
2016-12-27 09:00:00,0.383427,0,0.383427
2016-12-27 10:00:00,0.40309,0,0.40309
2016-12-27 11:00:00,0.297753,0,0.297753
2016-12-27 12:00:00,0.189607,0,0.189607
2016-12-27 13:00:00,0.212079,0,0.212079
2016-12-27 14:00:00,0.335674,0,0.335674
2016-12-27 15:00:00,0.36236,0,0.36236
2016-12-27 16:00:00,0.417135,0,0.417135
2016-12-27 17:00:00,0.45927,0,0.45927
2016-12-27 18:00:00,0.514045,0,0.514045
2016-12-27 19:00:00,0.269663,0,0.269663
2016-12-27 20:00:00,0.436798,0,0.436798
2016-12-27 21:00:00,0.359551,0,0.359551
2016-12-27 22:00:00,0.268258,0,0.268258
2016-12-27 23:00:00,0.162921,0,0.162921
2016-12-28 00:00:00,0.098315,0,0.098315
2016-12-28 01:00:00,0.109551,0,0.109551
2016-12-28 02:00:00,0.080056,0,0.080056
2016-12-28 03:00:00,0.132022,0,0.132022
2016-12-28 04:00:00,0.127809,0,0.127809
2016-12-28 05:00:00,0.06882,0,0.06882
2016-12-28 06:00:00,0.108146,0,0.108146
2016-12-28 07:00:00,0.247191,0,0.247191
2016-12-28 08:00:00,0.294944,0,0.294944
2016-12-28 09:00:00,0.404494,0,0.404494
2016-12-28 10:00:00,0.605337,0,0.605337
2016-12-28 11:00:00,0.359551,0,0.359551
2016-12-28 12:00:00,0.240169,0,0.240169
2016-12-28 13:00:00,0.323034,1.38499999999999,1.70803399999999
2016-12-28 14:00:00,0.287921,1.00800000000004,1.29592100000004
2016-12-28 15:00:00,0.353933,0.551999999999907,0.905932999999907
2016-12-28 16:00:00,0.793539,0.361000000000104,1.1545390000001
2016-12-28 17:00:00,0.622191,0.271999999999935,0.894190999999935
2016-12-28 18:00:00,0.400281,0.11200000000008,0.51228100000008
2016-12-28 19:00:00,0.619382,0,0.619382
2016-12-28 20:00:00,0.342697,0,0.342697
2016-12-28 21:00:00,0.386236,0,0.386236
2016-12-28 22:00:00,0.396067,0,0.396067
2016-12-28 23:00:00,0.178371,0,0.178371
2016-12-29 00:00:00,0.077247,0,0.077247
2016-12-29 01:00:00,0.033708,0,0.033708
2016-12-29 02:00:00,0.032303,0,0.032303
2016-12-29 03:00:00,0.043539,0,0.043539
2016-12-29 04:00:00,0.050562,0,0.050562
2016-12-29 05:00:00,0.032303,0,0.032303
2016-12-29 06:00:00,0.077247,0,0.077247
2016-12-29 07:00:00,0.206461,0,0.206461
2016-12-29 08:00:00,0.233146,0,0.233146
2016-12-29 09:00:00,0.389045,0,0.389045
2016-12-29 10:00:00,0.428371,0,0.428371
2016-12-29 11:00:00,0.634831,0,0.634831
2016-12-29 12:00:00,0.308989,0.793999999999869,1.10298899999987
2016-12-29 13:00:00,0.446629,2.15600000000018,2.60262900000018
2016-12-29 14:00:00,0.43118,1.29399999999987,1.72517999999987
2016-12-29 15:00:00,0.38764,0.577999999999975,0.965639999999975
2016-12-29 16:00:00,0.412921,0.000999999999976,0.413920999999976
2016-12-29 17:00:00,0.282303,0,0.282303
2016-12-29 18:00:00,0.339888,0,0.339888
2016-12-29 19:00:00,0.418539,0,0.418539
2016-12-29 20:00:00,0.462079,0,0.462079
2016-12-29 21:00:00,0.433989,0,0.433989
2016-12-29 22:00:00,0.321629,0,0.321629
2016-12-29 23:00:00,0.352528,0,0.352528
2016-12-30 00:00:00,0.073034,0,0.073034
2016-12-30 01:00:00,0.125,0,0.125
2016-12-30 02:00:00,0.103933,0,0.103933
2016-12-30 03:00:00,0.108146,0,0.108146
2016-12-30 04:00:00,0.182584,0,0.182584
2016-12-30 05:00:00,0.147472,0,0.147472
2016-12-30 06:00:00,0.095506,0,0.095506
2016-12-30 07:00:00,0.205056,0,0.205056
2016-12-30 08:00:00,0.448034,0,0.448034
2016-12-30 09:00:00,0.268258,0.000999999999976,0.269257999999976
2016-12-30 10:00:00,0.230337,0,0.230337
2016-12-30 11:00:00,0.210674,0,0.210674
2016-12-30 12:00:00,0.217697,0,0.217697
2016-12-30 13:00:00,0.349719,0,0.349719
2016-12-30 14:00:00,0.18118,0,0.18118
2016-12-30 15:00:00,0.191011,0.001000000000204,0.192011000000204
2016-12-30 16:00:00,0.375,0,0.375
2016-12-30 17:00:00,0.330056,0,0.330056
2016-12-30 18:00:00,0.317416,0,0.317416
2016-12-30 19:00:00,0.325843,0,0.325843
2016-12-30 20:00:00,0.242978,0,0.242978
2016-12-30 21:00:00,0.276685,0,0.276685
2016-12-30 22:00:00,0.259831,0,0.259831
2016-12-30 23:00:00,0.162921,0,0.162921
2016-12-31 00:00:00,0.276685,0,0.276685
2016-12-31 01:00:00,0.27809,0,0.27809
2016-12-31 02:00:00,0.161517,0,0.161517
2016-12-31 03:00:00,0.02809,0,0.02809
2016-12-31 04:00:00,0.075843,0,0.075843
2016-12-31 05:00:00,0.030899,0,0.030899
2016-12-31 06:00:00,0.047753,0,0.047753
2016-12-31 07:00:00,0.272472,0,0.272472
2016-12-31 08:00:00,0.089888,0,0.089888
2016-12-31 09:00:00,0.182584,0.000999999999976,0.183583999999976
2016-12-31 10:00:00,0.602528,0.000999999999976,0.603527999999976
2016-12-31 11:00:00,0.342697,0.298000000000002,0.640697000000002
2016-12-31 12:00:00,0.435393,1.37799999999993,1.81339299999993
2016-12-31 13:00:00,0.488764,0.294000000000096,0.782764000000096
2016-12-31 14:00:00,0.43118,0.24799999999982,0.67917999999982
2016-12-31 15:00:00,0.400281,1.71100000000001,2.11128100000001
2016-12-31 16:00:00,0.575843,0.44600000000014,1.02184300000014
2016-12-31 17:00:00,0.599719,0,0.599719
2016-12-31 18:00:00,0.484551,0,0.484551
2016-12-31 19:00:00,0.470506,0,0.470506
2016-12-31 20:00:00,0.311798,0,0.311798
2016-12-31 21:00:00,0.196629,0,0.196629
2016-12-31 22:00:00,0.304775,0,0.304775
2016-12-31 23:00:00,0.103933,0,0.103933
